entry,reference
zz2bax5sds.mlaxywbtcd.madpendesign.com.au,Unknown
zyk.bratok.com,Unknown
zyin.bjmcmj.cn,Unknown
zy.b6ss.com,Unknown
zxxglhc99qyc.feifanmofang.com,Unknown
zxsp.sitegoz.com,Unknown
zx056qjztm.discountuggbootsgo.com,Unknown
zx.duola123.com,Unknown
zx.css2.com,Unknown
zx.3389.hk,Unknown
zwy2007.pc-officer.com,Unknown
zwqqrynpvqetydhgbd9w.mafe.edu.co,Unknown
zwejqbahgrtw3khyupz5.mbservicesyorkshire.co.uk,Unknown
zw.qufeilu.com,Unknown
zvsty.4646u.com,Unknown
zvip.okblcm.co,Unknown
zustand.shariadivorce.com,Unknown
zum.mudmaggot.com,Unknown
zujr.4646u.com,Unknown
ztuw5bvuuapzdfya.klimbim.pl,Unknown
ztumt.cellolexicon.win,Unknown
ztb.njztb.cn,Unknown
zt.tim-taxi.com,Unknown
zsszestvkl.rev.cl,Unknown
zsgaer.enneagramdynamics.net,Unknown
zs.syssuper.com,Unknown
zrzmnetjk96nb68nauyd.littlematchagirl.com.au,Unknown
zrwm.saqibsiddiqui.com,Unknown
zria.saqibsiddiqui.com,Unknown
zr1.zeroredirect11.com,Unknown
zr.fivetb.com,Unknown
zqp.chamelabbey.com,Unknown
zpnew.mr24x7.com,Unknown
zort.stthomasmonroe.org,Unknown
zoomcc.richfx.com,Unknown
zonaseguraviabcp.viatbcp.net,Unknown
zonasegurabcp.viaobcp.net,Unknown
zonasegura1-bn.peruzonasegura.ml,Unknown
zonasegura.bcpmovil.ga,Unknown
zogwuqqc.leiquan.me,Unknown
zoey13.ucgalleries.com,Unknown
znz6z.sa092.com,Unknown
znmrgsth.crestonhall.com,Unknown
znakomstva.ruspoisk.net,Unknown
zmoda.hostreo.com,Unknown
zmh.zope.net,Unknown
zm1.zeroredirect5.com,Unknown
zm.shzgjx88.com,Unknown
zln.comshua.com,Unknown
zlfhdisk.crestonwood.com,Unknown
zksjooqwt2xqylsdsij8.ukhs.edu.bd,Unknown
zjwelfvo.bgtx51.xyz,Unknown
zjldemomobile.zsocms.net,Unknown
zjl.zsocms.net,Unknown
zjjlf.croukwexdbyerr.net,Unknown
zj.ksyuejia.com,Unknown
zj.hkweibo.com,Unknown
zisuleggitt.monarchyrecords.com,Unknown
zine.ahprint.com,Unknown
zimocdtrust.org.zw,Unknown
zimnie-kanikuly.computeria.ru,Unknown
zimbramagento.dealopia.com,Unknown
ziliao.yunkaodian.com,Unknown
ziliao.buildren.com,Unknown
zihotelsandtours.co.zw,Unknown
ziguinchor.caravanedesdixmots.com,Unknown
zid.pistalesirene.com,Unknown
zibup.csheaven.com,Unknown
zi.gohifillr.net,Unknown
zi.02hk.com,Unknown
zhusandyoi.websoft.kz,Unknown
zhuanzhi.386600.com,Unknown
zhu.bunchcousins.com,Unknown
zhq.funkg.com,Unknown
zhongjia.ebiocenter.com,Unknown
zhidao.xinhuacybz.com,Unknown
zhidao.shenyangxg.com,Unknown
zhidao.shchaoneng.cn,Unknown
zhidao.njcasio.com,Unknown
zhidao.hznverhong.com,Unknown
zhidao.greenhome88.com,Unknown
zhidao.greateasy.cn,Unknown
zhanjiang.nmgnxh.cn,Unknown
zh100.xzstatic.com,Unknown
zh1.zeroredirect11.com,Unknown
zg7adink.settings-configuration.bid,Unknown
zfsieblmrnb4ppfgthlv.littlematchagirl.com.au,Unknown
zfhbsvcererr.myredirect.us,Unknown
zf1.zeroredirect11.com,Unknown
zf1.quebec-bin.com,Unknown
zf.m4pan.com,Unknown
zf-zl.snprobbx.pbz.r.de.a2ip.ru,Unknown
zetes.vdsinside.com,Unknown
zet.promote-101.com,Unknown
zeon.knowyourself.us,Unknown
zenprise.hesatona.tk,Unknown
zenoss.hesatona.tk,Unknown
zencart.alpm.gogzmermedia.com,Unknown
zeckfbzh8j.rev.cl,Unknown
ze.zeroredirect2.com,Unknown
ze.lifty.pl,Unknown
zdt4tq7vqsxueixc9okm.alfacomercial.com.br,Unknown
zdocmyen.timbarretto.com,Unknown
zdeygdi.baid1u.com,Unknown
zdbd12.co.vu,Unknown
zd.zeroredirect2.com,Unknown
zd.abhr.cn,Unknown
zcdb.qugouwu521.com,Unknown
zc1.delta-boa.com,Unknown
zarabotat.yomu.ru,Unknown
zarabotaina.yomu.ru,Unknown
zapytam.southernmarylandpopupweddings.com,Unknown
zapex.cheat.jhfree.net,Unknown
zandbak.tedeumlaudamus.nl,Unknown
zam.horizonbeverage.org,Unknown
zafrc.5780.site,Unknown
zadmj.cp-addltives.com,Unknown
za2.zeroredirect8.com,Unknown
za-music.mymobiplanet.com,Unknown
z9egbju3bqplyh2brnft.littlematchagirl.com.au,Unknown
z32538.nb.host127-0-0-1.com,Unknown
z3.hunlang.com,Unknown
z2d00.sa005.com,Unknown
z0hxd4.sa165.com,Unknown
z.zeroredirect.com,Unknown
z.ysshj.cn,Unknown
z.tryingevery.tk,Unknown
z.topbonitarofla.com,Unknown
z.the-ad.net,Unknown
z.snprobbx.pbz.r.de.a2ip.ru,Unknown
z.mashifoug.com,Unknown
z.hackeryg.win,Unknown
yzp86.fulsjx.cn,Unknown
yz.wyx5.net,Unknown
yz.qjtyw.cn,Unknown
yz.4399fz.com,Unknown
yyre45dbvn2nhbefbmh.begumvelic.at,Unknown
yy.xn--gjvz58f.com,Unknown
yxxeg.balancerapid.host,Unknown
yxwnst.best.lt.ua,Unknown
yx.jbl22.com,Unknown
yx.cnzz9.com,Unknown
yvigoc1dulw7jtrufnas.maherstcottage.com.au,Unknown
yuns.chaohu.la,Unknown
yungdenx.uchenici.bg,Unknown
yun.wushi.hk,Unknown
yun-1.lenku.cn,Unknown
yulethcrome-chaturbate.sexesporn.com,Unknown
yukrf.residentialconstructiondallas.com,Unknown
yug3j.gyxz.ro4uw.cn,Unknown
yue.uaesoa.net,Unknown
ytupdate.goobzo.com,Unknown
ytrest84y5i456hghadefdsd.pontogrot.com,Unknown
ytduy.strikeforceheatingandairllc.com,Unknown
ytdnxfxk.leiquan.me,Unknown
ytatrroc.mi-website.es,Unknown
ytapasu.mi-website.es,Unknown
ystoidea.mirupload.ru,Unknown
ysrwe.centurycanyon.site,Unknown
ysfppkzlef0hqofnsbts.businessrulesanalysis.com,Unknown
ysfilulw.leiquan.me,Unknown
ysearch.openmediasoft.com,Unknown
yrt7dgkf.exashare.com,Unknown
yrpappetxz02kfpmmupg.maherstcottage.com.au,Unknown
yrpappetxz02kfpmmupg.littlematchagirl.com.au,Unknown
yrixa.joshuaparent.host,Unknown
ypdcjjgs.mushabi.com,Unknown
youxi.xzdogo.com,Unknown
youtube.proxy8080.com,Unknown
youtube-spy.nd.pl,Unknown
youtube-spy.edj.pl,Unknown
youtube-spy.dz.pl,Unknown
youtube-spy.5x.pl,Unknown
youtube-media.none.pl,Unknown
youtube-files.xh.pl,Unknown
youtube-files.esite.pl,Unknown
youthrev.viralgalleries.me,Unknown
youthoptions.akikodesign.com,Unknown
youshang.erp.shopware.cn,Unknown
youscrapearticles.openmediasoft.com,Unknown
yourpage.blazenet.net,Unknown
yourdailytrailer.yournewtab.com,Unknown
your.quotemyhouse.net,Unknown
your.bitcoinlimos.com,Unknown
your-fanpagee1.regis-dev9.tk,Unknown
your-computer-is-infected-callsupport-now-1-866-233-7505.attorneyhelps.ga,Unknown
youngsters-teens.ucgalleries.com,Unknown
youmustlookinhere.ucgalleries.com,Unknown
youjizz.0acc.cc,Unknown
you.tubetitties.com,Unknown
yottabit.co.zw,Unknown
yosi.sa-suke.com,Unknown
yorkstrike.on.nimp.org,Unknown
yoppedf19.comprovante-x23.website,Unknown
yoo.londonbinanddumpsterrental.ca,Unknown
yongz.qufeilu.com,Unknown
yongjiang.tmcaster.com,Unknown
yonetim.yonpf.com,Unknown
yome.dennyguestpost.ca,Unknown
yoga.tanialove.com,Unknown
yoda.cybereps.com,Unknown
yncme.insec.org.np,Unknown
ymncynzh.crestonwood.com,Unknown
ymeweheb.blackbeancafe.com,Unknown
yltimg.bjyishen.com,Unknown
ylpzt.juzojossai.net,Unknown
yllgm.lovenights.net,Unknown
ykdfr.thehangovercure.net,Unknown
ykbvlgydtdmcqulpphaw.mbservicesyorkshire.co.uk,Unknown
yk11.ywyw11.cn,Unknown
yjxjfeec.mixedbagent.com,Unknown
yjdytdf.realestatekellertx.com,Unknown
yjdt.tarrantcountydivorcelawyer.com,Unknown
yiwan.qcdvg.cn,Unknown
yitvrtfy.mantianxingmall.cn,Unknown
yisde.cgffood.vn,Unknown
yiryf.poolrepairdallastx.net,Unknown
yhvagzvw.danielphalen.com,Unknown
yhteistykumppania.southtown101.com,Unknown
yhiop.saqibsiddiqui.com,Unknown
yhinas.hanagumori.com,Unknown
yggithuq.utawebhost.at,Unknown
yfy.gzzagx.com,Unknown
yfs.ezdownloadpro.info,Unknown
yfqw.saqibsiddiqui.com,Unknown
yesky.xzstatic.com,Unknown
yesky.down.123ch.cn,Unknown
yesejimo.free.wtbidccdn50.cn,Unknown
yescombr.sitebr.net,Unknown
yes.itshouldjustwork.com,Unknown
yell.ondomroad.com,Unknown
yee0uexvl6fdfivlrbmr.mbservicesyorkshire.co.uk,Unknown
yeast-infection.naturalcuresreview.com,Unknown
yeaplayertest.zsocms.net,Unknown
yeaplayer.zsocms.net,Unknown
yea.uploadimagex.com,Unknown
ye.gdata2hu.scan.mobile-security.co,Unknown
ydtgjn.rakestrawfenceco.com,Unknown
ydjqtsamhn.bradul.creatory.org,Unknown
yddfmas.inboxread14.review,Unknown
yd05.91tzy.com,Unknown
yd.shanbotv.com,Unknown
ycxucyzim5sqzyx7uyh2.maherstcottage.com.au,Unknown
ycxucyzim5sqzyx7uyh2.littlematchagirl.com.au,Unknown
ycare-login.microsoft-pdf.com,Unknown
yc.jbl22.com,Unknown
ybwmuzpexfklpi.chininsurance.ru,Unknown
yaumand.mi-website.es,Unknown
yatara.lmbbhutan.com,Unknown
yari.parmik.com,Unknown
yang.0pendns.org,Unknown
yahoo.verification.ranglayadil.com,Unknown
yahoo.9japaded.com,Unknown
yahoo-verification.publamaquina.cl,Unknown
yahoo-support.windlap.net,Unknown
yah00.mall-message.security-update.ingenieriaissp.com,Unknown
yah.upajs.co,Unknown
yah-online.csbnk.info,Unknown
y8enyebzzs.kcwludhiana.org,Unknown
y6813cqhxcyjh0yiyxn1.maherstcottage.com.au,Unknown
y6813cqhxcyjh0yiyxn1.littlematchagirl.com.au,Unknown
y4k4p54e8nfqvkcalqfk.mbservicesyorkshire.co.uk,Unknown
y4bxj.adozeuds.com,Unknown
y20590.xc.gongnou.com,Unknown
y2.zsocms.net,Unknown
y1.zsocms.net,Unknown
y0ug.itisjustluck.com,Unknown
y.zeroredirect.com,Unknown
y.un-technologies.com,Unknown
y.the-ad.net,Unknown
xzz.goodoboy.com,Unknown
xzhjv71tss.bradul.creatory.org,Unknown
xzf.jc9559.com,Unknown
xzc.198424.com,Unknown
xza.198424.com,Unknown
xz7n.9090418.com,Unknown
xz104.xzking.com,Unknown
xz103.xzking.com,Unknown
xz.zshwzy.com,Unknown
xz.zj2jy.com,Unknown
xz.wyjsq.cn,Unknown
xz.szclcsc.com,Unknown
xz.moviece.com,Unknown
xz.l5645.net,Unknown
xz.khit.cn,Unknown
xz.job391.com,Unknown
xz.hkfg.net,Unknown
xz.hhwyx.net,Unknown
xz.g65.me,Unknown
xz.dfmjlpt.com,Unknown
xz.coybcs1.com,Unknown
xz.bxacg.com,Unknown
xz.axnfw.cn,Unknown
xz.android-soft-down-yiwan.wfqac.cn,Unknown
xz.198424.com,Unknown
xyvsqwm.msginbox11.review,Unknown
xyvob56g9siycph9vp0o.littlematchagirl.com.au,Unknown
xyoizes.inboxread14.review,Unknown
xyn931.rg.ro,Unknown
xyk.txshi.com,Unknown
xxxworld.ucgalleries.com,Unknown
xxxworld.p0.ru,Unknown
xxxvideo.coolhardcoresite.com,Unknown
xxxhotspot.ucgalleries.com,Unknown
xxxgayporn.gayatlas.com,Unknown
xxxbeautifulgay.menarehot.com,Unknown
xxx.video.es,Unknown
xxx.sex-explorer.com,Unknown
xxx.play69.pl,Unknown
xxx.mtreexxx.net,Unknown
xxx.katastro.fi,Unknown
xxx.40sese.com,Unknown
xxl.flashticketswf.xyz,Unknown
xxi.ss.la,Unknown
xxgoe.saqibsiddiqui.com,Unknown
xxeyecandyxx.ucgalleries.com,Unknown
xxbk.xzkfq.cn,Unknown
xx.nadnadzz.info,Unknown
xx.go10og.at,Unknown
xwtumlso.sha58.me,Unknown
xwmaqkvk.leiquan.me,Unknown
xwdaeptepjvgyzig8bba.businessrulesanalysis.com,Unknown
xwarez.webcom.pl,Unknown
xware.cjs.pw,Unknown
xvkcq0hmcc.da387v98cv.icu,Unknown
xvkbse.com.nanjingxinglun.com,Unknown
xvhsesxklp.byinter.net,Unknown
xuvhyfu1.mvean.ml,Unknown
xu9emlie5kwnliatsecm.littlematchagirl.com.au,Unknown
xtrap.priston2.com,Unknown
xtl.sf6969.com,Unknown
xt6pd8.sa076.com,Unknown
xt.codegmf.com,Unknown
xsso.www.sso.anbtr.com,Unknown
xsso.www.anbtr.com,Unknown
xsso.v.zilionfast.insso.anbtr.com,Unknown
xsso.urlsso.anbtr.com,Unknown
xsso.suggest.seccint.comsso.anbtr.com,Unknown
xsso.ssso.anbtr.com,Unknown
xsso.sso.anbtr.com,Unknown
xsso.ssc.anbtr.com,Unknown
xsso.ss.anbtr.com,Unknown
xsso.so.anbtr.com,Unknown
xsso.js.anbtr.com,Unknown
xsso.cawawaeadaswadeaef.ru,Unknown
xsso.anbtr.com,Unknown
xsqqjqagwt.xwnbkeotz9.roanokekappas.com,Unknown
xsingin-e3bay-co-uk.k2baviation.com,Unknown
xserver.mr-alex.be,Unknown
xrzqobqe.igloorefrigeration.com,Unknown
xrtrlog.cngogo.org,Unknown
xrj3fw62evh6xilxu33g.alfacomercial.com.br,Unknown
xrj2.tonmg.com,Unknown
xrj2.charrem.com,Unknown
xrj.tonmg.com,Unknown
xrj.charrem.com,Unknown
xrj.bxalu.com,Unknown
xrhwryizf5mui7a5.vgxcci.top,Unknown
xrhwryizf5mui7a5.rt01jw.top,Unknown
xrhwryizf5mui7a5.r8c85p.top,Unknown
xrhwryizf5mui7a5.j4cser.bid,Unknown
xrhwryizf5mui7a5.h44l3d.bid,Unknown
xrhwryizf5mui7a5.g72xh8.top,Unknown
xrhwryizf5mui7a5.djintc.bid,Unknown
xrhwryizf5mui7a5.50mb1c.bid,Unknown
xr.flyboytees.com,Unknown
xqdwe8nfs8mnatbeeif4.businessrulesanalysis.com,Unknown
xq3t5nnfx5.6xbacvl5jj.madpendesign.com.au,Unknown
xpd35vjr2c.ktpdppdsuq.madpendesign.com.au,Unknown
xpcx6erilkjced3j.1n5mod.top,Unknown
xpcx6erilkjced3j.1mpsnr.top,Unknown
xpcx6erilkjced3j.1mfmkz.top,Unknown
xpcx6erilkjced3j.1j9jad.top,Unknown
xpcx6erilkjced3j.1blery.top,Unknown
xpcx6erilkjced3j.19kdeh.top,Unknown
xpcx6erilkjced3j.17gcun.top,Unknown
xpcx6erilkjced3j.16umxg.top,Unknown
xpcx6erilkjced3j.16hwwh.top,Unknown
xotsa.frenchgerlemanelectric.com,Unknown
xnwv.saqibsiddiqui.com,Unknown
xn0xf8.sa066.com,Unknown
xn--paypl-q5b.c11.ixsecure.com,Unknown
xn--b1agd0aean.xn----9sbn2afflog6f.xn--p1ai,Unknown
xn--b1agalnfjmj2izb.xn--b1asibp.l-e-t-o.ru,Unknown
xn--80aanbpjywq.xn--h1asdmg1a.xn--p1ai,Unknown
xn--80aaiubpmeb0h.xn--80aaihe3af2b5g.xn--p1ai,Unknown
xn--60192857076-ljj3c.xn--c1aigpdl4f.xn--p1acf,Unknown
xmr.xmr5b.ru,Unknown
xmr.usa-138.com,Unknown
xmlconfig.ltassrv.com,Unknown
xml.uptowntraction.com,Unknown
xml.pdn-3.com,Unknown
xml.onwardclick.com,Unknown
xml.adventurefeeds.com,Unknown
xml.adsparkmedia.net,Unknown
xml.adfclick1.com,Unknown
xmhjpqyesu.kbogghjvnt.madpendesign.com.au,Unknown
xlsmoyvwt.ivydancefloors.com,Unknown
xls.dickrida.com,Unknown
xlpfycamwlsewxemknq5.alfacomercial.com.br,Unknown
xjwx6.redirectvoluum.com,Unknown
xixi.conglebabyswim.com,Unknown
xinwen.yanxiang.org,Unknown
xikuyers.co.vu,Unknown
xig.kr-ss.com,Unknown
xibo.consina.co.id,Unknown
xiazhai.xiaocen.com,Unknown
xiazhai.tuizhong.com,Unknown
xiazai1.wan4399.com,Unknown
xiazai.xiazaijia.cc,Unknown
xiazai.vosonic.com.cn,Unknown
xiazai.qqtanhua.com,Unknown
xiazai.qianyujs.com,Unknown
xiazai.guangsu.com,Unknown
xiazai.dns-vip.net,Unknown
xiazai.dllm.net,Unknown
xianfeng.image.qiangzipptp.top,Unknown
xia.waaqii.com,Unknown
xhr.godibarl.com,Unknown
xh.hj46.cn,Unknown
xgynbeqr.leiquan.me,Unknown
xgtwduuedv.soben.top,Unknown
xgtdr.jupiterhusband.host,Unknown
xgiectd6bqsggcvjmlvx.smpasbsolo.sch.id,Unknown
xgcf879999tz.feifanmofang.com,Unknown
xgbk3xzzzzmshbue2tjf.maherstcottage.com.au,Unknown
xg.bibisb.com,Unknown
xfinity73u4yhfwrjvf893fio4ewruv9po3i4ewr9vioj3qewuvrijoew.5hjr9.ga,Unknown
xf37gyrhjvu8iw4ohgoi4h538uegkjrbguw4oinjbriuoiw4g4ww.b1hdj5.ml,Unknown
xf.0avz.info,Unknown
xenogears.romhackhispano.org,Unknown
xe9c7uzikm9s3pxdn1wf.maherstcottage.com.au,Unknown
xcy.xiaoshikd.com,Unknown
xcxgcdrlhfjs.gamecool8.com,Unknown
xctoflftirk.ivydancefloors.com,Unknown
xcl168.s37.jjisp.com,Unknown
xck.szaisino.com,Unknown
xcfdrfslage.idv.am,Unknown
xcfdqmyb.junyihang.cn,Unknown
xc2014njwtmzlnm.sb1338.com,Unknown
xc.gongnou.com,Unknown
xc.cangpie.com,Unknown
xc.41gw.com,Unknown
xbox.udp.at,Unknown
xbkc.gzsdfz.cn,Unknown
xbhe.3333shop.com,Unknown
xaydung.fonicweb.com,Unknown
xayayiwr.boxcage.net,Unknown
xap.ss.la,Unknown
xaizz.watch4free.aperts.com,Unknown
xa.xinfun.com,Unknown
x9m.axoidwpfufao.site,Unknown
x9fuwgauy0.zeaoyzmy8c.madpendesign.com.au,Unknown
x9a.zxsaas.com,Unknown
x9.lbvideoseries.com,Unknown
x86.xmrpoolar.xyz,Unknown
x7.ymh001.cn,Unknown
x6v06wwwsa36com.sa151.com,Unknown
x6rhd.sa082.com,Unknown
x6bhd.136sa.com,Unknown
x6.xclicks.net,Unknown
x6.197842.com,Unknown
x5sbb5gesp6kzwsh.homewind.pl,Unknown
x5engqblicfklf6x0mf6.maherstcottage.com.au,Unknown
x5engqblicfklf6x0mf6.littlematchagirl.com.au,Unknown
x5.xclicks.net,Unknown
x5.ipeary.com,Unknown
x1qh81ukvq.ygtsbuaqsq.madpendesign.com.au,Unknown
x1-yxdown.yczclp.com,Unknown
x1-yxdown.rtmux.cn,Unknown
x1-yiwan.sjzyuer.com,Unknown
x1-qqxzb.xiazai93.com,Unknown
x1-kuaila.xiazai11.com,Unknown
x0ttl.sa004.com,Unknown
x0n6.sa122.com,Unknown
x.zeroredirect.com,Unknown
x.xooz.ml,Unknown
x.trynowturbofix.com,Unknown
x.tomtbltungstate.review,Unknown
x.the-ad.net,Unknown
x.ring3.info,Unknown
x.lxoxiaudio.com,Unknown
x.demolist.org,Unknown
wzrqm.saqibsiddiqui.com,Unknown
wzlxc.saqibsiddiqui.com,Unknown
wzjx.wswswswsws.ws,Unknown
wysbsfjgzvjp.sandwichdrip.gdn,Unknown
wynterheat-chaturbate.sexesporn.com,Unknown
wylq.saqibsiddiqui.com,Unknown
wyds.wtoshimao.com,Unknown
wxw.jackservice.com.pl,Unknown
wxhz.boyuberq.ru,Unknown
wx.wx-h.com,Unknown
wx.utaidu.com,Unknown
wx.jszzb.net,Unknown
wwwwww.rurator.com.pl,Unknown
wwwsa36net.sa183.com,Unknown
wwwsa36net.sa181.com,Unknown
wwwsa36net.sa179.com,Unknown
wwwsa36net.sa167.com,Unknown
wwwsa36net.sa165.com,Unknown
wwwsa36net.sa156.com,Unknown
wwwsa36net.sa150.com,Unknown
wwwsa36net.sa122.com,Unknown
wwwsa36net.sa097.com,Unknown
wwwsa36net.sa096.com,Unknown
wwwsa36net.sa093.com,Unknown
wwwsa36net.sa086.com,Unknown
wwwsa36net.sa077.com,Unknown
wwwsa36net.sa075.com,Unknown
wwwsa36net.sa069.com,Unknown
wwwsa36net.sa067.com,Unknown
wwwsa36net.sa062.com,Unknown
wwwsa36net.sa029.com,Unknown
wwwsa36net.sa010.com,Unknown
wwwsa36net.sa009.com,Unknown
wwwsa36net.sa003.com,Unknown
wwwsa36net.736sa.com,Unknown
wwwsa36net.536sa.com,Unknown
wwwsa36com.sa181.com,Unknown
wwwsa36com.sa139.com,Unknown
wwwsa36com.sa117.com,Unknown
wwwsa36com.sa093.com,Unknown
wwwsa36com.sa086.com,Unknown
wwwsa36com.sa067.com,Unknown
wwwsa36com.sa065.com,Unknown
wwwsa36com.sa052.com,Unknown
wwwsa36com.sa017.com,Unknown
wwwsa36com.sa016.com,Unknown
wwwsa36com.sa005.com,Unknown
wwwsa36com.sa004.com,Unknown
wwws36com.sa183.com,Unknown
wwws36com.sa177.com,Unknown
wwws36com.sa172.com,Unknown
wwws36com.sa171.com,Unknown
wwws36com.sa167.com,Unknown
wwws36com.sa166.com,Unknown
wwws36com.sa165.com,Unknown
wwws36com.sa162.com,Unknown
wwws36com.sa153.com,Unknown
wwws36com.sa152.com,Unknown
wwws36com.sa150.com,Unknown
wwws36com.sa135.com,Unknown
wwws36com.sa117.com,Unknown
wwws36com.sa107.com,Unknown
wwws36com.sa096.com,Unknown
wwws36com.sa085.com,Unknown
wwws36com.sa083.com,Unknown
wwws36com.sa075.com,Unknown
wwws36com.sa066.com,Unknown
wwws36com.sa060.com,Unknown
wwws36com.sa050.com,Unknown
wwws36com.sa020.com,Unknown
wwws36com.sa005.com,Unknown
wwws36com.sa003.com,Unknown
wwws36com.136sa.com,Unknown
www9.search.pro,Unknown
www9.paypopup.com,Unknown
www8.shiftlock.com,Unknown
www8.search.pro,Unknown
www8.paypopup.com,Unknown
www7969com.sa179.com,Unknown
www7969com.sa176.com,Unknown
www7969com.sa171.com,Unknown
www7969com.sa166.com,Unknown
www7969com.sa157.com,Unknown
www7969com.sa137.com,Unknown
www7969com.sa107.com,Unknown
www7969com.sa099.com,Unknown
www7969com.sa097.com,Unknown
www7969com.sa093.com,Unknown
www7969com.sa087.com,Unknown
www7969com.sa082.com,Unknown
www7969com.sa075.com,Unknown
www7969com.sa065.com,Unknown
www7969com.sa063.com,Unknown
www7969com.sa060.com,Unknown
www7969com.sa050.com,Unknown
www7969com.sa037.com,Unknown
www7969com.sa035.com,Unknown
www7969com.sa025.com,Unknown
www7969com.sa016.com,Unknown
www7969com.sa013.com,Unknown
www7969com.sa012.com,Unknown
www7969com.sa010.com,Unknown
www7969com.sa003.com,Unknown
www7969com.sa002.com,Unknown
www7969com.736sa.com,Unknown
www7969com.636sa.com,Unknown
www7969com.536sa.com,Unknown
www7969com.236sa.com,Unknown
www7969com.136sa.com,Unknown
www75.virtuagirlhd.com,Unknown
www74.rtkgvp.com,Unknown
www70.vcbqxu.com,Unknown
www7.search.pro,Unknown
www7.paypopup.com,Unknown
www7.6666mn.com,Unknown
www7.31mnn.com,Unknown
www6.worldray.com,Unknown
www6.shiftlock.com,Unknown
www6.search.pro,Unknown
www6.paypopup.com,Unknown
www6.omrtw.com,Unknown
www6.click-fr.com,Unknown
www597997.kms4.cc,Unknown
www58.ovonnn.com,Unknown
www57.kannilulu.com,Unknown
www50.feieo.com,Unknown
www5.xi1111.com,Unknown
www5.worldray.com,Unknown
www5.search.pro,Unknown
www5.photojoy.com,Unknown
www5.paypopup.com,Unknown
www5.hooowah.com,Unknown
www5.ggaibb.com,Unknown
www5.buttonware.net,Unknown
www49.mimile8.com,Unknown
www49.ggaibb.com,Unknown
www48.xioooo.com,Unknown
www48.omrtw.com,Unknown
www48.177momo.com,Unknown
www46.bolo100.com,Unknown
www45.xi1111.com,Unknown
www45.6666mn.com,Unknown
www43.ggaibb.com,Unknown
www43.6666mn.com,Unknown
www42.rtyszz.com,Unknown
www42.meenou.com,Unknown
www415.mxyyth.com,Unknown
www41.x7load949.ga,Unknown
www4.to-ghsave.byinter.net,Unknown
www4.to-fshsave.byinter.net,Unknown
www4.to-ersave.byinter.net,Unknown
www4.to-ecesave.byinter.net,Unknown
www4.thegesafety.byinter.net,Unknown
www4.thefacsafety.byinter.net,Unknown
www4.theeussafety.byinter.net,Unknown
www4.takedo-cure.byinter.net,Unknown
www4.takedji-cure.byinter.net,Unknown
www4.takeas-cure.byinter.net,Unknown
www4.takeall-cure.byinter.net,Unknown
www4.takeae-cure.byinter.net,Unknown
www4.search.pro,Unknown
www4.profy-le.isgre.at,Unknown
www4.paypopup.com,Unknown
www4.newdae-nurse.byinter.net,Unknown
www4.newcus-nurse.byinter.net,Unknown
www4.newce-nurse.byinter.net,Unknown
www4.newble-nurse.byinter.net,Unknown
www4.newaze-nurse.byinter.net,Unknown
www4.hooowah.com,Unknown
www4.helpcup-cure.byinter.net,Unknown
www4.helpang-cure.byinter.net,Unknown
www4.helpan-cure.byinter.net,Unknown
www4.helpah-cure.byinter.net,Unknown
www4.bestaorname.byinter.net,Unknown
www39.ktoooo.com,Unknown
www381.ddlczn.com,Unknown
www38.mimile8.com,Unknown
www37.hjnvren.com,Unknown
www346.tx5200.com,Unknown
www343.ohgooo.com,Unknown
www34.bjmn100.com,Unknown
www33.bjmn100.com,Unknown
www31.177momo.com,Unknown
www30.fuqi3p.com,Unknown
www30.feieo.com,Unknown
www3.wqwg888.cn,Unknown
www3.wehagone-ket.com,Unknown
www3.topcleanerop.byinter.net,Unknown
www3.thebestraz-network.byinter.net,Unknown
www3.strongsoftkva.byinter.net,Unknown
www3.strongnetworkgok.byinter.net,Unknown
www3.strong-uulscaner.uglyas.com,Unknown
www3.smartwraholder.byinter.net,Unknown
www3.smartthscaner.byinter.net,Unknown
www3.smartsuitenqz.byinter.net,Unknown
www3.smartsescaner.byinter.net,Unknown
www3.smartppscaner.byinter.net,Unknown
www3.smartposcaner.byinter.net,Unknown
www3.simplewasantivir.byinter.net,Unknown
www3.simple-masterkdm.byinter.net,Unknown
www3.searchlabel.com,Unknown
www3.search.pro,Unknown
www3.safemkldefense.byinter.net,Unknown
www3.safe-nardefense.byinter.net,Unknown
www3.safe-defensehrm.byinter.net,Unknown
www3.powerfabsentinel.byinter.net,Unknown
www3.personalzxichecker.isgre.at,Unknown
www3.personalsbnetwork.byinter.net,Unknown
www3.personalilh-scaner.byinter.net,Unknown
www3.paypopup.com,Unknown
www3.mainsolutionav.byinter.net,Unknown
www3.hotfiles.ro,Unknown
www3.hooowah.com,Unknown
www3.hardsuitewyp.byinter.net,Unknown
www3.greatestprosoft.byinter.net,Unknown
www3.firstmasteroqs.byinter.net,Unknown
www3.firstgwf-antivir.byinter.net,Unknown
www3.firstguardfld.byinter.net,Unknown
www3.firstbgxsoft.byinter.net,Unknown
www3.enineprotection.findhere.org,Unknown
www3.click-fr.com,Unknown
www3.cedare.int,Unknown
www3.bestsuiteeyf.findhere.org,Unknown
www3.bestsoftscanav.byinter.net,Unknown
www3.bestlzuchecker.byinter.net,Unknown
www3.bestaztsuite.byinter.net,Unknown
www3.bannerspace.com,Unknown
www3.abcsearch.com,Unknown
www3.32hy.com,Unknown
www293.lewwwz.com,Unknown
www29.hjnvren.com,Unknown
www281.rentimeinvz.com,Unknown
www28.33lzmm.com,Unknown
www27.177momo.com,Unknown
www26.llbb88.com,Unknown
www26.ktoooo.com,Unknown
www26.bjmn100.com,Unknown
www250.dm599.com,Unknown
www25.meenou.com,Unknown
www246.oliwei.com,Unknown
www244.lzxsw100.com,Unknown
www240.dortxn.com,Unknown
www24.177momo.com,Unknown
www238.lzxsw100.com,Unknown
www230.kkvmaj.com,Unknown
www230.dm599.com,Unknown
www23.omrtw.com,Unknown
www22.33lzmm.com,Unknown
www214.ttrtw.com,Unknown
www213.hdhd55.com,Unknown
www21.qqxxdy.com,Unknown
www21.paypopup.com,Unknown
www21.bolo100.com,Unknown
www20.ggaibb.com,Unknown
www2.yourstypelastaflash.icu,Unknown
www2.yourstypeinstallaflash.icu,Unknown
www2.yourstypeconcreteliteflash.icu,Unknown
www2.yourssupporttypeaflash.icu,Unknown
www2.yourssupportgreataflash.icu,Unknown
www2.yoursmaintaintypeaflash.icu,Unknown
www2.yourslastdealaflash.icu,Unknown
www2.yourslastbestaflash.icu,Unknown
www2.yoursinstalltypeaflash.icu,Unknown
www2.yoursinstallbestaflash.icu,Unknown
www2.yoursgreatlastaflash.icu,Unknown
www2.yoursgreatfutureaflash.icu,Unknown
www2.yoursfuturegreataflash.icu,Unknown
www2.yoursfuturedealaflash.icu,Unknown
www2.yoursconcretetypeliteflash.icu,Unknown
www2.yoursbestlastaflash.icu,Unknown
www2.yoursbestfutureaflash.icu,Unknown
www2.wqwg888.cn,Unknown
www2.wlwv.k12.or.us,Unknown
www2.windowtypemaintainaflash.icu,Unknown
www2.windowtypelastaflash.icu,Unknown
www2.windowtypeconcreteliteflash.icu,Unknown
www2.windowsupporttypeaflash.icu,Unknown
www2.windowsupportgreataflash.icu,Unknown
www2.windowmaintaintypeaflash.icu,Unknown
www2.windowlastdealaflash.icu,Unknown
www2.windowlastbestaflash.icu,Unknown
www2.windowinstalltypeaflash.icu,Unknown
www2.windowinstalldealaflash.icu,Unknown
www2.windowinstallbestaflash.icu,Unknown
www2.windowgreatsupportaflash.icu,Unknown
www2.windowfuturedealaflash.icu,Unknown
www2.windowdeallastaflash.icu,Unknown
www2.windowconcretebestliteflash.icu,Unknown
www2.windowbestinstallaflash.icu,Unknown
www2.upgradetypemaintainaflash.icu,Unknown
www2.upgradetypeconcreteliteflash.icu,Unknown
www2.upgrademaintaintypeaflash.icu,Unknown
www2.upgrademaintaindealaflash.icu,Unknown
www2.upgradelastbestaflash.icu,Unknown
www2.upgradeinstalldealaflash.icu,Unknown
www2.upgradeinstallbestaflash.icu,Unknown
www2.upgradefuturebestaflash.icu,Unknown
www2.upgradedeallastaflash.icu,Unknown
www2.upgradedealinstallaflash.icu,Unknown
www2.upgradeconcretetypeliteflash.icu,Unknown
www2.upgradebestinstallaflash.icu,Unknown
www2.truetere.com,Unknown
www2.toptypesupportaflash.icu,Unknown
www2.toptypemaintainaflash.icu,Unknown
www2.toptypeinstallaflash.icu,Unknown
www2.toptypeconcreteliteflash.icu,Unknown
www2.topmaintaintypeaflash.icu,Unknown
www2.topmaintaindealaflash.icu,Unknown
www2.toplastdealaflash.icu,Unknown
www2.toplastbestaflash.icu,Unknown
www2.topinstalltypeaflash.icu,Unknown
www2.topinstalldealaflash.icu,Unknown
www2.topinstallbestaflash.icu,Unknown
www2.topgreatsupportaflash.icu,Unknown
www2.topdeallastaflash.icu,Unknown
www2.topconcretetypeliteflash.icu,Unknown
www2.topconcretebestliteflash.icu,Unknown
www2.topbestlastaflash.icu,Unknown
www2.topbestinstallaflash.icu,Unknown
www2.smalltypesupportaflash.icu,Unknown
www2.smalltypemaintainaflash.icu,Unknown
www2.smalltypeinstallaflash.icu,Unknown
www2.smalltypeconcreteliteflash.icu,Unknown
www2.smallsupporttypeaflash.icu,Unknown
www2.smallmaintaintypeaflash.icu,Unknown
www2.smalllastbestaflash.icu,Unknown
www2.smallgreatsupportaflash.icu,Unknown
www2.smallfuturegreataflash.icu,Unknown
www2.smallconcretetypeliteflash.icu,Unknown
www2.smallbestlastaflash.icu,Unknown
www2.sinel.com,Unknown
www2.si75a5ssuzd3b5.jvvg.org,Unknown
www2.settypeconcreteliteflash.icu,Unknown
www2.setsupporttypeaflash.icu,Unknown
www2.setmaintaintypeaflash.icu,Unknown
www2.setlastdealaflash.icu,Unknown
www2.setgreatsupportaflash.icu,Unknown
www2.setfuturebestaflash.icu,Unknown
www2.setconcretetypeliteflash.icu,Unknown
www2.setbestlastaflash.icu,Unknown
www2.seek2.com,Unknown
www2.searchlabel.com,Unknown
www2.search.pro,Unknown
www2.savetypeconcreteliteflash.icu,Unknown
www2.savesupporttypeaflash.icu,Unknown
www2.savefuturebestaflash.icu,Unknown
www2.savedeallastaflash.icu,Unknown
www2.savebestfreshaflash.icu,Unknown
www2.poptypesupportaflash.icu,Unknown
www2.poptypemaintainaflash.icu,Unknown
www2.popsupporttypeaflash.icu,Unknown
www2.poplastdealaflash.icu,Unknown
www2.popinstalltypeaflash.icu,Unknown
www2.popgreatinstallaflash.icu,Unknown
www2.popfuturebestaflash.icu,Unknown
www2.popdeallastaflash.icu,Unknown
www2.paypopup.com,Unknown
www2.newtypesupportaflash.icu,Unknown
www2.newtypemaintainaflash.icu,Unknown
www2.newtypeinstallaflash.icu,Unknown
www2.newstypemaintainaflash.icu,Unknown
www2.newstypelastaflash.icu,Unknown
www2.newssupporttypeaflash.icu,Unknown
www2.newssupportgreataflash.icu,Unknown
www2.newsmaintaintypeaflash.icu,Unknown
www2.newslastdealaflash.icu,Unknown
www2.newslastbestaflash.icu,Unknown
www2.newsgreatinstallaflash.icu,Unknown
www2.newsgreatfutureaflash.icu,Unknown
www2.newsfuturetypeaflash.icu,Unknown
www2.newsdeallastaflash.icu,Unknown
www2.newsconcretetypeliteflash.icu,Unknown
www2.newmaintaintypeaflash.icu,Unknown
www2.newlastdealaflash.icu,Unknown
www2.newlastbestaflash.icu,Unknown
www2.newinstalltypeaflash.icu,Unknown
www2.newinstallgreataflash.icu,Unknown
www2.newgreatsupportaflash.icu,Unknown
www2.newgreatinstallaflash.icu,Unknown
www2.newgoldworkingflash.icu,Unknown
www2.newgoldreadyflash.icu,Unknown
www2.newgoldpcflash.icu,Unknown
www2.newgoldfreeflash.icu,Unknown
www2.newgetconcreteflash.icu,Unknown
www2.newfuturebestaflash.icu,Unknown
www2.newdealupgradeflash.icu,Unknown
www2.newdeallastaflash.icu,Unknown
www2.newdealcloudflash.icu,Unknown
www2.newdealakamaiflash.icu,Unknown
www2.newconcretetypeliteflash.icu,Unknown
www2.newconcretestaticflash.icu,Unknown
www2.newconcretegetflash.icu,Unknown
www2.newconcretedealflash.icu,Unknown
www2.newconcretedealflash.club,Unknown
www2.newconcretedealaflash.icu,Unknown
www2.newconcretebestliteflash.icu,Unknown
www2.newcloudgreatflash.icu,Unknown
www2.newclouddealflash.icu,Unknown
www2.newcloudbestflash.icu,Unknown
www2.newbestlastaflash.icu,Unknown
www2.newbestcloudflash.icu,Unknown
www2.newbestaskflash.icu,Unknown
www2.newbestaptitudeflash.icu,Unknown
www2.newbestakamaiflash.icu,Unknown
www2.newaptitudebestflash.icu,Unknown
www2.newalwaystypeflash.icu,Unknown
www2.newalwaysdealflash.icu,Unknown
www2.nastyagirl.com,Unknown
www2.myworkingconcreteflash.icu,Unknown
www2.myupgradedealflash.icu,Unknown
www2.myupgradebestflash.icu,Unknown
www2.myupdatetypeflash.icu,Unknown
www2.mytypeupgradeflash.icu,Unknown
www2.mytypeupdateflash.icu,Unknown
www2.mytypeonlineflash.icu,Unknown
www2.mytypemaintainaflash.icu,Unknown
www2.mytypelastaflash.icu,Unknown
www2.mytypeconcreteliteflash.icu,Unknown
www2.mytypeaskflash.icu,Unknown
www2.mysupportgreataflash.icu,Unknown
www2.mystats.nl,Unknown
www2.mysafeconcreteflash.icu,Unknown
www2.myreadygoldflash.icu,Unknown
www2.myoriginalbestflash.icu,Unknown
www2.myonlinetypeflash.icu,Unknown
www2.myonlinedealflash.icu,Unknown
www2.mymaintaintypeaflash.icu,Unknown
www2.mylastgoldflash.icu,Unknown
www2.mylastdealaflash.icu,Unknown
www2.mygreatreformflash.icu,Unknown
www2.mygreatonlineflash.icu,Unknown
www2.mygreatinstallaflash.icu,Unknown
www2.mygreatcloudflash.icu,Unknown
www2.mygoldworkingflash.icu,Unknown
www2.mygoldreadyflash.icu,Unknown
www2.mygoldhowflash.icu,Unknown
www2.mygetconcreteflash.icu,Unknown
www2.mydealcloudflash.icu,Unknown
www2.myconcretetypeliteflash.icu,Unknown
www2.myconcretestaticflash.icu,Unknown
www2.mycloudgreatflash.icu,Unknown
www2.myclouddealflash.icu,Unknown
www2.mybestonlineflash.icu,Unknown
www2.mybestconcreteaflash.icu,Unknown
www2.mybestcloudflash.icu,Unknown
www2.myaptitudebestflash.icu,Unknown
www2.myakamaidealflash.icu,Unknown
www2.multipops.com,Unknown
www2.moreworkinggoldflash.icu,Unknown
www2.moreworkingconcreteflash.icu,Unknown
www2.moreupgradetypeflash.icu,Unknown
www2.moreupgradedealflash.icu,Unknown
www2.moreupgradebestflash.icu,Unknown
www2.moretypemaintainaflash.icu,Unknown
www2.moretypelastaflash.icu,Unknown
www2.moretypeconcreteliteflash.icu,Unknown
www2.moretypealwaysflash.icu,Unknown
www2.moresupporttypeaflash.icu,Unknown
www2.morereadygoldflash.icu,Unknown
www2.moreoriginalbestflash.icu,Unknown
www2.moreonlinedealflash.icu,Unknown
www2.moremaintaintypeaflash.icu,Unknown
www2.morelastgoldflash.icu,Unknown
www2.morelastdealaflash.icu,Unknown
www2.morelastbestaflash.icu,Unknown
www2.morehowgoldflash.icu,Unknown
www2.moregreatsupportaflash.icu,Unknown
www2.moregreatreformflash.icu,Unknown
www2.moregreatonlineflash.icu,Unknown
www2.moregreatcloudflash.icu,Unknown
www2.moregreatakamaiflash.icu,Unknown
www2.moregoldworkingflash.icu,Unknown
www2.moregoldreadyflash.icu,Unknown
www2.moregoldpcflash.icu,Unknown
www2.moregoldlastflash.icu,Unknown
www2.moregoldhowflash.icu,Unknown
www2.moregetconcreteflash.icu,Unknown
www2.moredealupgradeflash.icu,Unknown
www2.moredealonlineflash.icu,Unknown
www2.moredeallastaflash.icu,Unknown
www2.moredealcloudflash.icu,Unknown
www2.moredealakamaiflash.icu,Unknown
www2.moreconcreteworkingflash.icu,Unknown
www2.moreconcreteversionflash.icu,Unknown
www2.moreconcretestaticflash.icu,Unknown
www2.moreconcretesafeflash.icu,Unknown
www2.moreconcretegetflash.icu,Unknown
www2.moreconcretebestliteflash.icu,Unknown
www2.morecloudgreatflash.icu,Unknown
www2.moreclouddealflash.icu,Unknown
www2.morecloudbestflash.icu,Unknown
www2.morebestoriginalflash.icu,Unknown
www2.morebestonlineflash.icu,Unknown
www2.morebestconcreteaflash.icu,Unknown
www2.morebestcloudflash.icu,Unknown
www2.morebestaskflash.icu,Unknown
www2.morebestalwaysflash.icu,Unknown
www2.morebestakamaiflash.icu,Unknown
www2.moreaptitudebestflash.icu,Unknown
www2.morealwaystypeflash.icu,Unknown
www2.morealwaysdealflash.icu,Unknown
www2.moreakamaigreatflash.icu,Unknown
www2.moreakamaidealflash.icu,Unknown
www2.moreakamaibestflash.icu,Unknown
www2.mixworkinggoldflash.icu,Unknown
www2.mixworkingconcreteflash.icu,Unknown
www2.mixversionconcreteflash.icu,Unknown
www2.mixupgradetypeflash.icu,Unknown
www2.mixupgradegreatflash.icu,Unknown
www2.mixupgradedealflash.icu,Unknown
www2.mixupgradebestflash.icu,Unknown
www2.mixupdatetypeflash.icu,Unknown
www2.mixupdatedealflash.icu,Unknown
www2.mixtypeupgradeflash.icu,Unknown
www2.mixtypeupdateflash.icu,Unknown
www2.mixtypesupportaflash.icu,Unknown
www2.mixtypeonlineflash.icu,Unknown
www2.mixtypemaintainaflash.icu,Unknown
www2.mixtypeconcreteliteflash.icu,Unknown
www2.mixsupporttypeaflash.icu,Unknown
www2.mixstaticconcreteflash.icu,Unknown
www2.mixsafeconcreteflash.icu,Unknown
www2.mixreadygoldflash.icu,Unknown
www2.mixpcgoldflash.icu,Unknown
www2.mixoriginalbestflash.icu,Unknown
www2.mixonlinetypeflash.icu,Unknown
www2.mixonlinegreatflash.icu,Unknown
www2.mixonlinedealflash.icu,Unknown
www2.mixonlinebestflash.icu,Unknown
www2.mixmaintaintypeaflash.icu,Unknown
www2.mixlasttypeaflash.icu,Unknown
www2.mixlastgoldflash.icu,Unknown
www2.mixlastdealaflash.icu,Unknown
www2.mixlastbestaflash.icu,Unknown
www2.mixinstalltypeaflash.icu,Unknown
www2.mixinstallgreataflash.icu,Unknown
www2.mixhowgoldflash.icu,Unknown
www2.mixgreatsupportaflash.icu,Unknown
www2.mixgreatonlineflash.icu,Unknown
www2.mixgreatinstallaflash.icu,Unknown
www2.mixgreatcloudflash.icu,Unknown
www2.mixgreatakamaiflash.icu,Unknown
www2.mixgoldworkingflash.icu,Unknown
www2.mixgoldreadyflash.icu,Unknown
www2.mixgoldpcflash.icu,Unknown
www2.mixgoldlastflash.icu,Unknown
www2.mixgetconcreteflash.icu,Unknown
www2.mixfuturebestaflash.icu,Unknown
www2.mixfreegoldflash.icu,Unknown
www2.mixdealupgradeflash.icu,Unknown
www2.mixdealonlineflash.icu,Unknown
www2.mixdeallastaflash.icu,Unknown
www2.mixdealconcreteflash.icu,Unknown
www2.mixdealconcreteflash.club,Unknown
www2.mixdealcloudflash.icu,Unknown
www2.mixdealakamaiflash.icu,Unknown
www2.mixconcreteworkingflash.icu,Unknown
www2.mixconcretetypeliteflash.icu,Unknown
www2.mixconcretesafeflash.icu,Unknown
www2.mixconcretegetflash.icu,Unknown
www2.mixconcretedealflash.icu,Unknown
www2.mixconcretebestliteflash.icu,Unknown
www2.mixcloudgreatflash.icu,Unknown
www2.mixclouddealflash.icu,Unknown
www2.mixbestoriginalflash.icu,Unknown
www2.mixbestlastaflash.icu,Unknown
www2.mixbestcloudflash.icu,Unknown
www2.mixbestaskflash.icu,Unknown
www2.mixbestaptitudeflash.icu,Unknown
www2.mixbestakamaiflash.icu,Unknown
www2.mixaptitudebestflash.icu,Unknown
www2.mixalwaystypeflash.icu,Unknown
www2.mixalwaysdealflash.icu,Unknown
www2.midworkinggoldflash.icu,Unknown
www2.midworkingconcreteflash.icu,Unknown
www2.midupgradetypeflash.icu,Unknown
www2.midupgradegreatflash.icu,Unknown
www2.midupgradedealflash.icu,Unknown
www2.midupgradebestflash.icu,Unknown
www2.midupdatetypeflash.icu,Unknown
www2.midupdatedealflash.icu,Unknown
www2.midtypeupgradeflash.icu,Unknown
www2.midtypeupdateflash.icu,Unknown
www2.midtypesupportaflash.icu,Unknown
www2.midtypeonlineflash.icu,Unknown
www2.midtypemaintainaflash.icu,Unknown
www2.midtypeinstallaflash.icu,Unknown
www2.midtypeconcreteliteflash.icu,Unknown
www2.midtypealwaysflash.icu,Unknown
www2.midsupporttypeaflash.icu,Unknown
www2.midstaticconcreteflash.icu,Unknown
www2.midsafeconcreteflash.icu,Unknown
www2.midreadygoldflash.icu,Unknown
www2.midpcgoldflash.icu,Unknown
www2.midoriginalbestflash.icu,Unknown
www2.midonlinetypeflash.icu,Unknown
www2.midonlinegreatflash.icu,Unknown
www2.midonlinedealflash.icu,Unknown
www2.midonlinebestflash.icu,Unknown
www2.midmaintaintypeaflash.icu,Unknown
www2.midlastgoldflash.icu,Unknown
www2.midlastdealaflash.icu,Unknown
www2.midlastbestaflash.icu,Unknown
www2.midinstalltypeaflash.icu,Unknown
www2.midgreatsupportaflash.icu,Unknown
www2.midgreatreformflash.icu,Unknown
www2.midgreatonlineflash.icu,Unknown
www2.midgreatinstallaflash.icu,Unknown
www2.midgreatcloudflash.icu,Unknown
www2.midgoldworkingflash.icu,Unknown
www2.midgoldreadyflash.icu,Unknown
www2.midgoldlastflash.icu,Unknown
www2.midgoldhowflash.icu,Unknown
www2.midgoldgreatflash.icu,Unknown
www2.midgoldfreeflash.icu,Unknown
www2.midgetconcreteflash.icu,Unknown
www2.middealupgradeflash.icu,Unknown
www2.middealonlineflash.icu,Unknown
www2.middeallastaflash.icu,Unknown
www2.middealconcreteflash.club,Unknown
www2.middealcloudflash.icu,Unknown
www2.middealakamaiflash.icu,Unknown
www2.midconcreteworkingflash.icu,Unknown
www2.midconcreteversionflash.icu,Unknown
www2.midconcretetypeliteflash.icu,Unknown
www2.midconcretesafeflash.icu,Unknown
www2.midconcretegetflash.icu,Unknown
www2.midconcretedealflash.icu,Unknown
www2.midconcretedealflash.club,Unknown
www2.midconcretedealaflash.icu,Unknown
www2.midconcretebestliteflash.icu,Unknown
www2.midcloudgreatflash.icu,Unknown
www2.midclouddealflash.icu,Unknown
www2.midbestoriginalflash.icu,Unknown
www2.midbestonlineflash.icu,Unknown
www2.midbestlastaflash.icu,Unknown
www2.midbestcloudflash.icu,Unknown
www2.midbestaptitudeflash.icu,Unknown
www2.midbestakamaiflash.icu,Unknown
www2.midaskbestflash.icu,Unknown
www2.midaptitudebestflash.icu,Unknown
www2.midalwaysdealflash.icu,Unknown
www2.midakamaitypeflash.icu,Unknown
www2.midakamaigreatflash.icu,Unknown
www2.midakamaidealflash.icu,Unknown
www2.megosave7.tk,Unknown
www2.megosave5.tk,Unknown
www2.mediaworkinggoldflash.icu,Unknown
www2.mediaworkingconcreteflash.icu,Unknown
www2.mediaupgradetypeflash.icu,Unknown
www2.mediaupgradegreatflash.icu,Unknown
www2.mediaupgradedealflash.icu,Unknown
www2.mediaupgradebestflash.icu,Unknown
www2.mediaupdatetypeflash.icu,Unknown
www2.mediaupdatedealflash.icu,Unknown
www2.mediatypeupgradeflash.icu,Unknown
www2.mediatypeupdateflash.icu,Unknown
www2.mediatypeonlineflash.icu,Unknown
www2.mediatypemaintainaflash.icu,Unknown
www2.mediatypelastaflash.icu,Unknown
www2.mediatypeconcreteliteflash.icu,Unknown
www2.mediatypealwaysflash.icu,Unknown
www2.mediasupporttypeaflash.icu,Unknown
www2.mediasupportgreataflash.icu,Unknown
www2.mediastaticconcreteflash.icu,Unknown
www2.mediasafeconcreteflash.icu,Unknown
www2.mediareadygoldflash.icu,Unknown
www2.mediapcgoldflash.icu,Unknown
www2.mediaoriginalbestflash.icu,Unknown
www2.mediaonlinetypeflash.icu,Unknown
www2.mediaonlinegreatflash.icu,Unknown
www2.mediaonlinedealflash.icu,Unknown
www2.mediaonlinebestflash.icu,Unknown
www2.mediamaintaintypeaflash.icu,Unknown
www2.medialastbestaflash.icu,Unknown
www2.mediainstalltypeaflash.icu,Unknown
www2.mediahowgoldflash.icu,Unknown
www2.mediagreatsupportaflash.icu,Unknown
www2.mediagreatreformflash.icu,Unknown
www2.mediagoldworkingflash.icu,Unknown
www2.mediagoldtypeflash.icu,Unknown
www2.mediagoldtypeflash.club,Unknown
www2.mediagoldlastflash.icu,Unknown
www2.mediagetconcreteflash.icu,Unknown
www2.mediafuturebestaflash.icu,Unknown
www2.mediadealupgradeflash.icu,Unknown
www2.mediadealonlineflash.icu,Unknown
www2.mediadeallastaflash.icu,Unknown
www2.mediadealinstallaflash.icu,Unknown
www2.mediadealcloudflash.icu,Unknown
www2.mediadealakamaiflash.icu,Unknown
www2.mediaconcreteworkingflash.icu,Unknown
www2.mediaconcretetypeliteflash.icu,Unknown
www2.mediaconcretesafeflash.icu,Unknown
www2.mediaconcretegetflash.icu,Unknown
www2.mediaconcretedealflash.icu,Unknown
www2.mediaconcretedealaflash.icu,Unknown
www2.mediaconcretebestliteflash.icu,Unknown
www2.mediacloudgreatflash.icu,Unknown
www2.mediaclouddealflash.icu,Unknown
www2.mediabestoriginalflash.icu,Unknown
www2.mediabestonlineflash.icu,Unknown
www2.mediabestconcreteaflash.icu,Unknown
www2.mediabestcloudflash.icu,Unknown
www2.mediabestakamaiflash.icu,Unknown
www2.mediaaptitudebestflash.icu,Unknown
www2.mediaalwaystypeflash.icu,Unknown
www2.mediaalwaysdealflash.icu,Unknown
www2.mediaakamaitypeflash.icu,Unknown
www2.mediaakamaigreatflash.icu,Unknown
www2.makeworkinggoldflash.icu,Unknown
www2.makeworkingconcreteflash.icu,Unknown
www2.makeversionconcreteflash.icu,Unknown
www2.makeupgradegreatflash.icu,Unknown
www2.makeupgradedealflash.icu,Unknown
www2.makeupgradebestflash.icu,Unknown
www2.makeupdatetypeflash.icu,Unknown
www2.makeupdatedealflash.icu,Unknown
www2.maketypeupgradeflash.icu,Unknown
www2.maketypeupdateflash.icu,Unknown
www2.maketypesupportaflash.icu,Unknown
www2.maketypeonlineflash.icu,Unknown
www2.maketypemaintainaflash.icu,Unknown
www2.maketypeconcreteliteflash.icu,Unknown
www2.maketypealwaysflash.icu,Unknown
www2.makesupporttypeaflash.icu,Unknown
www2.makesupportgreataflash.icu,Unknown
www2.makereadygoldflash.icu,Unknown
www2.makepcgoldflash.icu,Unknown
www2.makeoriginalbestflash.icu,Unknown
www2.makeonlinetypeflash.icu,Unknown
www2.makeonlinegreatflash.icu,Unknown
www2.makeonlinedealflash.icu,Unknown
www2.makeonlinebestflash.icu,Unknown
www2.makemaintaintypeaflash.icu,Unknown
www2.makelastgoldflash.icu,Unknown
www2.makelastdealaflash.icu,Unknown
www2.makelastbestaflash.icu,Unknown
www2.makeinstalltypeaflash.icu,Unknown
www2.makehowgoldflash.icu,Unknown
www2.makegreatsupportaflash.icu,Unknown
www2.makegreatonlineflash.icu,Unknown
www2.makegreatinstallaflash.icu,Unknown
www2.makegreatcloudflash.icu,Unknown
www2.makegreatakamaiflash.icu,Unknown
www2.makegoldworkingflash.icu,Unknown
www2.makegoldtypeflash.club,Unknown
www2.makegoldreadyflash.icu,Unknown
www2.makegoldlastflash.icu,Unknown
www2.makegetconcreteflash.icu,Unknown
www2.makedealupgradeflash.icu,Unknown
www2.makedealonlineflash.icu,Unknown
www2.makedeallastaflash.icu,Unknown
www2.makedealconcreteflash.icu,Unknown
www2.makedealcloudflash.icu,Unknown
www2.makedealakamaiflash.icu,Unknown
www2.makeconcreteworkingflash.icu,Unknown
www2.makeconcretetypeliteflash.icu,Unknown
www2.makeconcretetypeaflash.icu,Unknown
www2.makeconcretedealaflash.icu,Unknown
www2.makeconcretebestliteflash.icu,Unknown
www2.makecloudgreatflash.icu,Unknown
www2.makeclouddealflash.icu,Unknown
www2.makebestoriginalflash.icu,Unknown
www2.makebestonlineflash.icu,Unknown
www2.makebestlastaflash.icu,Unknown
www2.makebestcloudflash.icu,Unknown
www2.makebestaptitudeflash.icu,Unknown
www2.makebestakamaiflash.icu,Unknown
www2.makeaskbestflash.icu,Unknown
www2.makeaptitudebestflash.icu,Unknown
www2.makealwaysdealflash.icu,Unknown
www2.makeakamaitypeflash.icu,Unknown
www2.makeakamaigreatflash.icu,Unknown
www2.makeakamaidealflash.icu,Unknown
www2.kristinafey.com,Unknown
www2.katiefey.com,Unknown
www2.itcm.edu.mx,Unknown
www2.hooowah.com,Unknown
www2.hadomehelot.com,Unknown
www2.getworkinggoldflash.icu,Unknown
www2.getworkingconcreteflash.icu,Unknown
www2.getversionconcreteflash.icu,Unknown
www2.getupgradetypeflash.icu,Unknown
www2.getupgradegreatflash.icu,Unknown
www2.getupgradedealflash.icu,Unknown
www2.getupgradebestflash.icu,Unknown
www2.getupdatetypeflash.icu,Unknown
www2.getupdatedealflash.icu,Unknown
www2.gettypeupgradeflash.icu,Unknown
www2.gettypeupdateflash.icu,Unknown
www2.gettypesupportaflash.icu,Unknown
www2.gettypemaintainaflash.icu,Unknown
www2.gettypeinstallaflash.icu,Unknown
www2.gettypeconcreteliteflash.icu,Unknown
www2.gettypealwaysflash.icu,Unknown
www2.getsupportgreataflash.icu,Unknown
www2.getsafeconcreteflash.icu,Unknown
www2.getreadygoldflash.icu,Unknown
www2.getonlinetypeflash.icu,Unknown
www2.getonlinegreatflash.icu,Unknown
www2.getonlinedealflash.icu,Unknown
www2.getonlinebestflash.icu,Unknown
www2.getmaintaintypeaflash.icu,Unknown
www2.getlastgoldflash.icu,Unknown
www2.getlastdealaflash.icu,Unknown
www2.getlastbestaflash.icu,Unknown
www2.getinstalltypeaflash.icu,Unknown
www2.getinstallgreataflash.icu,Unknown
www2.gethowgoldflash.icu,Unknown
www2.getgreatsupportaflash.icu,Unknown
www2.getgreatreformflash.icu,Unknown
www2.getgreatonlineflash.icu,Unknown
www2.getgreatinstallaflash.icu,Unknown
www2.getgreatcloudflash.icu,Unknown
www2.getgreatakamaiflash.icu,Unknown
www2.getgoldworkingflash.icu,Unknown
www2.getgoldreadyflash.icu,Unknown
www2.getgoldlastflash.icu,Unknown
www2.getfuturebestaflash.icu,Unknown
www2.getdealonlineflash.icu,Unknown
www2.getdeallastaflash.icu,Unknown
www2.getdealcloudflash.icu,Unknown
www2.getdealakamaiflash.icu,Unknown
www2.getconcreteworkingflash.icu,Unknown
www2.getconcretetypeliteflash.icu,Unknown
www2.getconcretesafeflash.icu,Unknown
www2.getconcretedealflash.icu,Unknown
www2.getconcretedealaflash.icu,Unknown
www2.getconcretebestliteflash.icu,Unknown
www2.getclouddealflash.icu,Unknown
www2.getbestoriginalflash.icu,Unknown
www2.getbestlastaflash.icu,Unknown
www2.getbestcloudflash.icu,Unknown
www2.getbestaptitudeflash.icu,Unknown
www2.getbestakamaiflash.icu,Unknown
www2.getaskbestflash.icu,Unknown
www2.getaptitudebestflash.icu,Unknown
www2.getalwaysdealflash.icu,Unknown
www2.getakamaitypeflash.icu,Unknown
www2.getakamaigreatflash.icu,Unknown
www2.getakamaidealflash.icu,Unknown
www2.fixworkingconcreteflash.icu,Unknown
www2.fixupgradetypeflash.icu,Unknown
www2.fixupgradegreatflash.icu,Unknown
www2.fixupgradedealflash.icu,Unknown
www2.fixupdatedealflash.icu,Unknown
www2.fixtypeupgradeflash.icu,Unknown
www2.fixtypeupdateflash.icu,Unknown
www2.fixtypesupportaflash.icu,Unknown
www2.fixtypemaintainaflash.icu,Unknown
www2.fixtypeinstallaflash.icu,Unknown
www2.fixtypeconcreteliteflash.icu,Unknown
www2.fixtypealwaysflash.icu,Unknown
www2.fixtypeakamaiaflash.icu,Unknown
www2.fixsupporttypeaflash.icu,Unknown
www2.fixsupportgreataflash.icu,Unknown
www2.fixsafeconcreteflash.icu,Unknown
www2.fixreadygoldflash.icu,Unknown
www2.fixoriginalbestflash.icu,Unknown
www2.fixonlinegreatflash.icu,Unknown
www2.fixonlinedealflash.icu,Unknown
www2.fixonlinebestflash.icu,Unknown
www2.fixmaintaintypeaflash.icu,Unknown
www2.fixlasttypeaflash.icu,Unknown
www2.fixlastdealaflash.icu,Unknown
www2.fixlastbestaflash.icu,Unknown
www2.fixinstalltypeaflash.icu,Unknown
www2.fixhowgoldflash.icu,Unknown
www2.fixgreatsupportaflash.icu,Unknown
www2.fixgreatreformflash.icu,Unknown
www2.fixgreatonlineflash.icu,Unknown
www2.fixgreatinstallaflash.icu,Unknown
www2.fixgoldworkingflash.icu,Unknown
www2.fixgoldreadyflash.icu,Unknown
www2.fixgoldpcflash.icu,Unknown
www2.fixgoldlastflash.icu,Unknown
www2.fixgoldhowflash.icu,Unknown
www2.fixgetconcreteflash.icu,Unknown
www2.fixdealonlineflash.icu,Unknown
www2.fixdealconcreteflash.icu,Unknown
www2.fixdealconcreteflash.club,Unknown
www2.fixconcreteversionflash.icu,Unknown
www2.fixconcretetypeliteflash.icu,Unknown
www2.fixconcretestaticflash.icu,Unknown
www2.fixconcretedealaflash.icu,Unknown
www2.fixcloudgreatflash.icu,Unknown
www2.fixclouddealflash.icu,Unknown
www2.fixbestoriginalflash.icu,Unknown
www2.fixbestonlineflash.icu,Unknown
www2.fixbestlastaflash.icu,Unknown
www2.fixbestinstallaflash.icu,Unknown
www2.fixbestaptitudeflash.icu,Unknown
www2.fixalwaysdealflash.icu,Unknown
www2.fixakamaitypeflash.icu,Unknown
www2.fastworkinggoldflash.icu,Unknown
www2.fastversionconcreteflash.icu,Unknown
www2.fastupgradetypeflash.icu,Unknown
www2.fastupgradegreatflash.icu,Unknown
www2.fastupgradedealflash.icu,Unknown
www2.fastupgradebestflash.icu,Unknown
www2.fastupdatetypeflash.icu,Unknown
www2.fastupdatedealflash.icu,Unknown
www2.fasttypeonlineflash.icu,Unknown
www2.fasttypeconcreteliteflash.icu,Unknown
www2.fasttypealwaysflash.icu,Unknown
www2.fastsupporttypeaflash.icu,Unknown
www2.fastsupportgreataflash.icu,Unknown
www2.fastsafeconcreteflash.icu,Unknown
www2.fastrunactiveflash.icu,Unknown
www2.fastoriginalbestflash.icu,Unknown
www2.fastonlinetypeflash.icu,Unknown
www2.fastonlinegreatflash.icu,Unknown
www2.fastonlinedealflash.icu,Unknown
www2.fastonlinebestflash.icu,Unknown
www2.fastmaintaintypeaflash.icu,Unknown
www2.fastlastgoldflash.icu,Unknown
www2.fastlastdealaflash.icu,Unknown
www2.fastinstalltypeaflash.icu,Unknown
www2.fastgreatsupportaflash.icu,Unknown
www2.fastgreatreformflash.icu,Unknown
www2.fastgreatonlineflash.icu,Unknown
www2.fastgreatinstallaflash.icu,Unknown
www2.fastgoldworkingflash.icu,Unknown
www2.fastgoldpcflash.icu,Unknown
www2.fastgoldlastflash.icu,Unknown
www2.fastgoldhowflash.icu,Unknown
www2.fastgoldfreeflash.icu,Unknown
www2.fastfuturebestaflash.icu,Unknown
www2.fasterworkinggoldflash.icu,Unknown
www2.fasterversionconcreteflash.icu,Unknown
www2.fasterupgradetypeflash.icu,Unknown
www2.fasterupgradedealflash.icu,Unknown
www2.fasterupdatedealflash.icu,Unknown
www2.fastertypeupgradeflash.icu,Unknown
www2.fastertypeoriginalflash.icu,Unknown
www2.fastertypeonlineflash.icu,Unknown
www2.fastertypelastaflash.icu,Unknown
www2.fastertypefutureaflash.icu,Unknown
www2.fastertypeconcreteliteflash.icu,Unknown
www2.fastertypeaskflash.icu,Unknown
www2.fastertypeaptitudeflash.icu,Unknown
www2.fastersupporttypeaflash.icu,Unknown
www2.fastersupportgreataflash.icu,Unknown
www2.fasterreadygoldflash.icu,Unknown
www2.fasterpcgoldflash.icu,Unknown
www2.fasteroriginalbestflash.icu,Unknown
www2.fasteronlinetypeflash.icu,Unknown
www2.fasteronlinegreatflash.icu,Unknown
www2.fasteronlinedealflash.icu,Unknown
www2.fasteronlinebestflash.icu,Unknown
www2.fastermaintaintypeaflash.icu,Unknown
www2.fasterlastgoldflash.icu,Unknown
www2.fasterlastdealaflash.icu,Unknown
www2.fasterlastbestaflash.icu,Unknown
www2.fasterinstalltypeaflash.icu,Unknown
www2.fasterinstallgreataflash.icu,Unknown
www2.fasterinstallbestaflash.icu,Unknown
www2.fastergreatsupportaflash.icu,Unknown
www2.fastergreatonlineflash.icu,Unknown
www2.fastergreatlastaflash.icu,Unknown
www2.fastergreatinstallaflash.icu,Unknown
www2.fastergreatcloudflash.icu,Unknown
www2.fastergoldworkingflash.icu,Unknown
www2.fastergoldreadyflash.icu,Unknown
www2.fastergoldpcflash.icu,Unknown
www2.fastergoldlastflash.icu,Unknown
www2.fastergoldhowflash.icu,Unknown
www2.fastergoldfreeflash.icu,Unknown
www2.fasterdealupgradeflash.icu,Unknown
www2.fasterdealonlineflash.icu,Unknown
www2.fasterdealinstallaflash.icu,Unknown
www2.fasterdealakamaiflash.icu,Unknown
www2.fasterconcreteversionflash.icu,Unknown
www2.fasterconcretetypeliteflash.icu,Unknown
www2.fasterconcretedealflash.club,Unknown
www2.fastercloudbestflash.icu,Unknown
www2.fasterbestupdateflash.icu,Unknown
www2.fasterbestonlineflash.icu,Unknown
www2.fasterbestmaintainaflash.icu,Unknown
www2.fasterbestlastaflash.icu,Unknown
www2.fasterbestinstallaflash.icu,Unknown
www2.fasterbestconcreteaflash.icu,Unknown
www2.fasterbestalwaysflash.icu,Unknown
www2.fasteraptitudebestflash.icu,Unknown
www2.fasteralwaysdealflash.icu,Unknown
www2.fasterakamaigreatflash.icu,Unknown
www2.fasterakamaibestflash.icu,Unknown
www2.fastdealupgradeflash.icu,Unknown
www2.fastdealonlineflash.icu,Unknown
www2.fastdealconcreteflash.club,Unknown
www2.fastdealakamaiflash.icu,Unknown
www2.fastconcreteversionflash.icu,Unknown
www2.fastconcretetypeliteflash.icu,Unknown
www2.fastconcretestaticflash.icu,Unknown
www2.fastconcretesafeflash.icu,Unknown
www2.fastconcretegetflash.icu,Unknown
www2.fastconcretebestliteflash.icu,Unknown
www2.fastclouddealflash.icu,Unknown
www2.fastbestoriginalflash.icu,Unknown
www2.fastbestonlineflash.icu,Unknown
www2.fastbestlastaflash.icu,Unknown
www2.fastbestcloudflash.icu,Unknown
www2.fastbestaskflash.icu,Unknown
www2.fastaskbestflash.icu,Unknown
www2.fastakamaitypeflash.icu,Unknown
www2.fastakamaidealflash.icu,Unknown
www2.doworkinggoldflash.icu,Unknown
www2.doupgradegreatflash.icu,Unknown
www2.doupgradedealflash.icu,Unknown
www2.doupdatetypeflash.icu,Unknown
www2.doupdatedealflash.icu,Unknown
www2.dotypeupdateflash.icu,Unknown
www2.dotypeonlineflash.icu,Unknown
www2.dotypemaintainaflash.icu,Unknown
www2.dotypeconcreteliteflash.icu,Unknown
www2.dotypealwaysflash.icu,Unknown
www2.dosupporttypeaflash.icu,Unknown
www2.dosupportgreataflash.icu,Unknown
www2.dostaticconcreteflash.icu,Unknown
www2.doregularstartflesh.icu,Unknown
www2.doreadygoldflash.icu,Unknown
www2.dopcgoldflash.icu,Unknown
www2.dooriginalbestflash.icu,Unknown
www2.doonlinetypeflash.icu,Unknown
www2.doonlinedealflash.icu,Unknown
www2.domaintaintypeaflash.icu,Unknown
www2.dolastgoldflash.icu,Unknown
www2.dolastdealaflash.icu,Unknown
www2.dolastbestaflash.icu,Unknown
www2.doinstallgreataflash.icu,Unknown
www2.dogreatsupportaflash.icu,Unknown
www2.dogreatreformflash.icu,Unknown
www2.dogreatonlineflash.icu,Unknown
www2.dogreatinstallaflash.icu,Unknown
www2.dogreatcloudflash.icu,Unknown
www2.dogoldworkingflash.icu,Unknown
www2.dogoldtypeflash.icu,Unknown
www2.dogoldpcflash.icu,Unknown
www2.dogoldlastflash.icu,Unknown
www2.dogoldfreeflash.icu,Unknown
www2.dogetconcreteflash.icu,Unknown
www2.dofreegoldflash.icu,Unknown
www2.dodealupgradeflash.icu,Unknown
www2.dodealonlineflash.icu,Unknown
www2.dodeallastaflash.icu,Unknown
www2.dodealakamaiflash.icu,Unknown
www2.doconcreteworkingflash.icu,Unknown
www2.doconcretetypeliteflash.icu,Unknown
www2.doconcretebestliteflash.icu,Unknown
www2.docloudbestflash.icu,Unknown
www2.dobestonlineflash.icu,Unknown
www2.dobestlastaflash.icu,Unknown
www2.dobestakamaiflash.icu,Unknown
www2.doaptitudebestflash.icu,Unknown
www2.doakamaitypeflash.icu,Unknown
www2.checkupgradegreatflash.icu,Unknown
www2.checkupgradebestflash.icu,Unknown
www2.checkupdatetypeflash.icu,Unknown
www2.checktypeupgradeflash.icu,Unknown
www2.checktypeupdateflash.icu,Unknown
www2.checktypeonlineflash.icu,Unknown
www2.checktypemaintainaflash.icu,Unknown
www2.checktypeconcreteliteflash.icu,Unknown
www2.checksupporttypeaflash.icu,Unknown
www2.checksupportgreataflash.icu,Unknown
www2.checkstaticconcreteflash.icu,Unknown
www2.checksafeconcreteflash.icu,Unknown
www2.checkreadygoldflash.icu,Unknown
www2.checkpcgoldflash.icu,Unknown
www2.checkoriginalbestflash.icu,Unknown
www2.checkonlinetypeflash.icu,Unknown
www2.checkonlinegreatflash.icu,Unknown
www2.checkonlinedealflash.icu,Unknown
www2.checkonlinebestflash.icu,Unknown
www2.checkmaintaintypeaflash.icu,Unknown
www2.checklasttypeaflash.icu,Unknown
www2.checklastdealaflash.icu,Unknown
www2.checklastbestaflash.icu,Unknown
www2.checkgreatsupportaflash.icu,Unknown
www2.checkgreatreformflash.icu,Unknown
www2.checkgreatonlineflash.icu,Unknown
www2.checkgreatinstallaflash.icu,Unknown
www2.checkgoldreadyflash.icu,Unknown
www2.checkgoldlastflash.icu,Unknown
www2.checkgoldhowflash.icu,Unknown
www2.checkgoldfreeflash.icu,Unknown
www2.checkfuturegreataflash.icu,Unknown
www2.checkdealupgradeflash.icu,Unknown
www2.checkdeallastaflash.icu,Unknown
www2.checkdealinstallaflash.icu,Unknown
www2.checkdealakamaiflash.icu,Unknown
www2.checkconcretetypeliteflash.icu,Unknown
www2.checkconcretesafeflash.icu,Unknown
www2.checkconcretedealaflash.icu,Unknown
www2.checkconcretebestliteflash.icu,Unknown
www2.checkcloudbestflash.icu,Unknown
www2.checkbestoriginalflash.icu,Unknown
www2.checkbestonlineflash.icu,Unknown
www2.checkbestlastaflash.icu,Unknown
www2.checkbestcloudflash.icu,Unknown
www2.checkbestaskflash.icu,Unknown
www2.checkbestaptitudeflash.icu,Unknown
www2.checkaskbestflash.icu,Unknown
www2.checkaptitudebestflash.icu,Unknown
www2.checkalwaysdealflash.icu,Unknown
www2.checkakamaitypeflash.icu,Unknown
www2.browsertoolbar.com,Unknown
www2.bigpanelrunactiveflash.icu,Unknown
www2.betterworkinggoldflash.icu,Unknown
www2.betterupgradetypeflash.icu,Unknown
www2.betterupgradegreatflash.icu,Unknown
www2.betterupgradedealflash.icu,Unknown
www2.betterupgradebestflash.icu,Unknown
www2.betterupdatetypeflash.icu,Unknown
www2.betterupdatedealflash.icu,Unknown
www2.bettertypeupgradeflash.icu,Unknown
www2.bettertypeonlineflash.icu,Unknown
www2.bettertypemaintainaflash.icu,Unknown
www2.bettertypelastaflash.icu,Unknown
www2.bettertypefutureaflash.icu,Unknown
www2.bettertypealwaysflash.icu,Unknown
www2.bettersupportgreataflash.icu,Unknown
www2.betterstaticconcreteflash.icu,Unknown
www2.betterpcgoldflash.icu,Unknown
www2.betteroriginalbestflash.icu,Unknown
www2.betteronlinetypeflash.icu,Unknown
www2.betteronlinedealflash.icu,Unknown
www2.betteronlinebestflash.icu,Unknown
www2.bettermaintaintypeaflash.icu,Unknown
www2.betterlastdealaflash.icu,Unknown
www2.betterlastbestaflash.icu,Unknown
www2.bettergreatsupportaflash.icu,Unknown
www2.bettergreatonlineflash.icu,Unknown
www2.bettergreatinstallaflash.icu,Unknown
www2.bettergreatfutureaflash.icu,Unknown
www2.bettergreatcloudflash.icu,Unknown
www2.bettergoldworkingflash.icu,Unknown
www2.bettergoldtypeflash.club,Unknown
www2.bettergoldreadyflash.icu,Unknown
www2.bettergoldpcflash.icu,Unknown
www2.bettergoldlastflash.icu,Unknown
www2.bettergoldfreeflash.icu,Unknown
www2.betterfuturetypeaflash.icu,Unknown
www2.betterfuturegreataflash.icu,Unknown
www2.betterfuturedealaflash.icu,Unknown
www2.betterfreegoldflash.icu,Unknown
www2.betterdealupgradeflash.icu,Unknown
www2.betterdealonlineflash.icu,Unknown
www2.betterdeallastaflash.icu,Unknown
www2.betterdealcloudflash.icu,Unknown
www2.betterconcreteworkingflash.icu,Unknown
www2.betterconcretetypeliteflash.icu,Unknown
www2.betterconcretestaticflash.icu,Unknown
www2.betterconcretebestliteflash.icu,Unknown
www2.bettercloudgreatflash.icu,Unknown
www2.betterclouddealflash.icu,Unknown
www2.bettercloudbestflash.icu,Unknown
www2.betterbestoriginalflash.icu,Unknown
www2.betterbestonlineflash.icu,Unknown
www2.betterbestfutureaflash.icu,Unknown
www2.betterbestcloudflash.icu,Unknown
www2.betteralwaystypeflash.icu,Unknown
www2.betteralwaysdealflash.icu,Unknown
www2.anyworkinggoldflash.icu,Unknown
www2.anyupgradedealflash.icu,Unknown
www2.anyupgradebestflash.icu,Unknown
www2.anyupdatetypeflash.icu,Unknown
www2.anyupdatedealflash.icu,Unknown
www2.anytypeupgradeflash.icu,Unknown
www2.anytypeonlineflash.icu,Unknown
www2.anytypemaintainaflash.icu,Unknown
www2.anytypelastaflash.icu,Unknown
www2.anytypefutureaflash.icu,Unknown
www2.anytypeconcreteliteflash.icu,Unknown
www2.anysupporttypeaflash.icu,Unknown
www2.anysupportgreataflash.icu,Unknown
www2.anyreadygoldflash.icu,Unknown
www2.anyoriginalbestflash.icu,Unknown
www2.anyonlinetypeflash.icu,Unknown
www2.anyonlinegreatflash.icu,Unknown
www2.anyonlinedealflash.icu,Unknown
www2.anyonlinebestflash.icu,Unknown
www2.anymaintaintypeaflash.icu,Unknown
www2.anylastgoldflash.icu,Unknown
www2.anylastdealaflash.icu,Unknown
www2.anylastbestaflash.icu,Unknown
www2.anyinstalltypeaflash.icu,Unknown
www2.anyhowgoldflash.icu,Unknown
www2.anygreatsupportaflash.icu,Unknown
www2.anygreatreformflash.icu,Unknown
www2.anygreatonlineflash.icu,Unknown
www2.anygreatinstallaflash.icu,Unknown
www2.anygreatfutureaflash.icu,Unknown
www2.anygreatcloudflash.icu,Unknown
www2.anygreatakamaiflash.icu,Unknown
www2.anygoldworkingflash.icu,Unknown
www2.anygoldtypeflash.icu,Unknown
www2.anygoldreadyflash.icu,Unknown
www2.anygoldlastflash.icu,Unknown
www2.anyfuturetypeaflash.icu,Unknown
www2.anyfuturegreataflash.icu,Unknown
www2.anyfuturedealaflash.icu,Unknown
www2.anyfreegoldflash.icu,Unknown
www2.anydealupgradeflash.icu,Unknown
www2.anydealonlineflash.icu,Unknown
www2.anydeallastaflash.icu,Unknown
www2.anydealcloudflash.icu,Unknown
www2.anyconcreteversionflash.icu,Unknown
www2.anyconcretetypeliteflash.icu,Unknown
www2.anyconcretestaticflash.icu,Unknown
www2.anyconcretedealflash.icu,Unknown
www2.anyconcretebestliteflash.icu,Unknown
www2.anycloudgreatflash.icu,Unknown
www2.anycloudbestflash.icu,Unknown
www2.anybestoriginalflash.icu,Unknown
www2.anybestonlineflash.icu,Unknown
www2.anybestcloudflash.icu,Unknown
www2.anyaskbestflash.icu,Unknown
www2.anyalwaystypeflash.icu,Unknown
www2.anyalwaysdealflash.icu,Unknown
www2.anyakamaibestflash.icu,Unknown
www2.alphawatershow.com,Unknown
www2.activeworkinggoldflash.icu,Unknown
www2.activeupgradetypeflash.icu,Unknown
www2.activeupgradedealflash.icu,Unknown
www2.activetypeupgradeflash.icu,Unknown
www2.activetypeonlineflash.icu,Unknown
www2.activetypelastaflash.icu,Unknown
www2.activetypefutureaflash.icu,Unknown
www2.activetypeconcreteliteflash.icu,Unknown
www2.activesupporttypeaflash.icu,Unknown
www2.activesupportgreataflash.icu,Unknown
www2.activepcgoldflash.icu,Unknown
www2.activeoriginalbestflash.icu,Unknown
www2.activeonlinetypeflash.icu,Unknown
www2.activeonlinegreatflash.icu,Unknown
www2.activeonlinedealflash.icu,Unknown
www2.activeonlinebestflash.icu,Unknown
www2.activemaintaintypeaflash.icu,Unknown
www2.activelastgoldflash.icu,Unknown
www2.activelastdealaflash.icu,Unknown
www2.activelastbestaflash.icu,Unknown
www2.activeinstalltypeaflash.icu,Unknown
www2.activehowgoldflash.icu,Unknown
www2.activegreatsupportaflash.icu,Unknown
www2.activegreatonlineflash.icu,Unknown
www2.activegreatlastaflash.icu,Unknown
www2.activegreatfutureaflash.icu,Unknown
www2.activegreatcloudflash.icu,Unknown
www2.activegreataskflash.icu,Unknown
www2.activegreatakamaiflash.icu,Unknown
www2.activegoldreadyflash.icu,Unknown
www2.activegoldlastflash.icu,Unknown
www2.activegoldhowflash.icu,Unknown
www2.activegetconcreteflash.icu,Unknown
www2.activefuturetypeaflash.icu,Unknown
www2.activefuturegreataflash.icu,Unknown
www2.activefuturedealaflash.icu,Unknown
www2.activedealupgradeflash.icu,Unknown
www2.activedealonlineflash.icu,Unknown
www2.activeconcretetypeliteflash.icu,Unknown
www2.activeconcretestaticflash.icu,Unknown
www2.activeconcretesafeflash.icu,Unknown
www2.activebestupdateflash.icu,Unknown
www2.activebestsupportaflash.icu,Unknown
www2.activebestoriginalflash.icu,Unknown
www2.activebestonlineflash.icu,Unknown
www2.activebestlastaflash.icu,Unknown
www2.activebestfutureaflash.icu,Unknown
www2.activebestconcreteflash.club,Unknown
www2.activebestconcreteaflash.icu,Unknown
www2.activebestakamaiflash.icu,Unknown
www2.activeaskbestflash.icu,Unknown
www2.activeaptitudebestflash.icu,Unknown
www2.activealwaystypeflash.icu,Unknown
www2.activeakamaidealflash.icu,Unknown
www2.activeakamaibestflash.icu,Unknown
www19.xioooo.com,Unknown
www154.173nvrenw.com,Unknown
www15.omrtw.com,Unknown
www15.ktoooo.com,Unknown
www146.lewwwz.com,Unknown
www14.rtyszz.com,Unknown
www131.mvnvpic.com,Unknown
www10.paypopup.com,Unknown
www1.xise.cn,Unknown
www1.watchfull.me,Unknown
www1.trackerbot.com,Unknown
www1.tec-tec-boom.com,Unknown
www1.search.pro,Unknown
www1.savesuitelu.findhere.org,Unknown
www1.power-sotarmy.byinter.net,Unknown
www1.popinads.com,Unknown
www1.platinumfreehost.com,Unknown
www1.personalmdf-holder.uglyas.com,Unknown
www1.paypopup.com,Unknown
www1.multipops.com,Unknown
www1.mindeyegames.com,Unknown
www1.kiwee.com,Unknown
www1.iamwired.net,Unknown
www1.gameslord.com,Unknown
www1.gamercompete.com,Unknown
www1.gamefiver.com,Unknown
www1.desk-top-app.info,Unknown
www1.cfsdc.org,Unknown
www1.allclearnow7.tk,Unknown
www1.allclearnow6.tk,Unknown
www1.allclearnow5.tk,Unknown
www1.allclearnow4.tk,Unknown
www1.allclearnow3.tk,Unknown
www1-royalbank.com-get-verify.info,Unknown
www-orkut-com-profile-aspxuid.mail333.su,Unknown
www-origin.pcspeedlane.com,Unknown
wwu8.g2vsoft910.ml,Unknown
wws.streghettaincucina.com,Unknown
wws.skofirm.info,Unknown
wws.rheovesthr.com,Unknown
wws.emeraldsurfsciences.org,Unknown
wws.bfoh.net,Unknown
wws.bamberger.com,Unknown
wwp.hadio.com,Unknown
wwp.donner-kern.de,Unknown
wwh.co.zw,Unknown
wwepu.pilotpalace.pw,Unknown
wwelasmd.forumflorestal.pt,Unknown
wwd.ieplugin.com,Unknown
wwcc.grimcomp.com.au,Unknown
wwa.ieplugin.com,Unknown
ww7.malwarebyte.com,Unknown
ww45.spiceexpress1824.com,Unknown
ww4.tongji123.com,Unknown
ww4.debasisegenny.com,Unknown
ww38.srv.desk-top-app.info,Unknown
ww35.freerobux.co,Unknown
ww35.faniemae.com,Unknown
ww31.kfc.i.illuminationes.com,Unknown
ww31.eurotechmods.com,Unknown
ww3.way-of-fun.com,Unknown
ww3.utopiad.com,Unknown
ww3.tongji123.com,Unknown
ww3.ieplugin.com,Unknown
ww3.goburerissre.com,Unknown
ww3.cloudfront.org.kz,Unknown
ww2.yeswinery.com,Unknown
ww2.www-trenitalia.com,Unknown
ww2.www-quora.com,Unknown
ww2.wildpornpass.com,Unknown
ww2.utopiad.com,Unknown
ww2.tongji123.com,Unknown
ww2.startupcoworking.com,Unknown
ww2.perfectorgy.com,Unknown
ww2.lastimunute.com,Unknown
ww2.kalutobb-saca.com,Unknown
ww2.ieplugin.com,Unknown
ww2.hostspotlight.com,Unknown
ww2.hiwehnehonn.com,Unknown
ww2.fuckthebabysitter.com,Unknown
ww2.fotointegral.com,Unknown
ww2.fibroblastoma.com,Unknown
ww2.ajytse5.com,Unknown
ww2.absadirect.co.za,Unknown
ww17.yoplei.biz,Unknown
ww17.video48.net,Unknown
ww17.urban.iya.mobi,Unknown
ww17.tumblrvip.com,Unknown
ww17.treasurepalm.yeahokpro.com,Unknown
ww17.speedmypad.com,Unknown
ww17.sexfundas.com,Unknown
ww17.rekidai.keieimaster.com,Unknown
ww17.qeveicinsze.com,Unknown
ww17.please-confirm-your-account.onlineverifyaccount.com,Unknown
ww17.onlineverifyaccount.com,Unknown
ww17.online360-wells.com,Unknown
ww17.ns2.fateach.net,Unknown
ww17.myprofile5001.wellsfargo4549594.com,Unknown
ww17.myprofile4001.wellsfargo4549594.com,Unknown
ww17.myprofile1001.wellsfargo4549594.com,Unknown
ww17.mob-device.com,Unknown
ww17.mail-requesterrorcode36759.authsecurepagetransaction-appsid.com,Unknown
ww17.lysyfyj.com,Unknown
ww17.itfactormodels.com,Unknown
ww17.indomcpe.com,Unknown
ww17.indiaclassifiedonline.com,Unknown
ww17.freeutube.com,Unknown
ww17.flipkart.diwali-dhamaka.com,Unknown
ww17.familyonline-shop.com,Unknown
ww17.cx1app.com,Unknown
ww17.conceptbuilderspro.com,Unknown
ww17.com-securityplus.com,Unknown
ww17.clascahs.com,Unknown
ww17.auth1app.com,Unknown
ww17.assistirserieshd.com,Unknown
ww17.a6281279.yolox.net,Unknown
ww12.downloadmr.com,Unknown
ww11.userzon.com,Unknown
ww10.g2vsoft917.tk,Unknown
ww1.zeinabeves.pw,Unknown
ww1.yodelseverally.pw,Unknown
ww1.willmannadir.pw,Unknown
ww1.whitakerresonable.pw,Unknown
ww1.webtobiz.net,Unknown
ww1.wakesoverwriting.pw,Unknown
ww1.visitationitis.pw,Unknown
ww1.villardsalvi.pw,Unknown
ww1.villagerents.pw,Unknown
ww1.vermillionloquacity.pw,Unknown
ww1.varmintsshiokawa.pw,Unknown
ww1.vacillatingares.pw,Unknown
ww1.updates.advert-network.com,Unknown
ww1.undertakerswhiner.pw,Unknown
ww1.turnipseedcriticism.pw,Unknown
ww1.trudgedtrivialized.pw,Unknown
ww1.trottercrusaders.pw,Unknown
ww1.tro.pw,Unknown
ww1.triumphantvacant.pw,Unknown
ww1.tongji123.com,Unknown
ww1.testicularchilis.pw,Unknown
ww1.telstarminton.pw,Unknown
ww1.telephonicsreverential.pw,Unknown
ww1.teenafocuses.pw,Unknown
ww1.techyglenside.pw,Unknown
ww1.teahouseperspiring.pw,Unknown
ww1.tantwritings.pw,Unknown
ww1.swettemanated.pw,Unknown
ww1.surpassgillis.pw,Unknown
ww1.supplyingamour.pw,Unknown
ww1.sunroombefitted.pw,Unknown
ww1.strivingshijab.pw,Unknown
ww1.starnespaths.pw,Unknown
ww1.spirochetearchivist.pw,Unknown
ww1.spcapontiac.pw,Unknown
ww1.southwardsconey.pw,Unknown
ww1.silencermadonna.pw,Unknown
ww1.shamusforza.pw,Unknown
ww1.secessionisteyebrow.pw,Unknown
ww1.schiltzree.pw,Unknown
ww1.sacrilegeence.pw,Unknown
ww1.rondeaukit.pw,Unknown
ww1.revsonamalfi.pw,Unknown
ww1.revisitdestined.pw,Unknown
ww1.reciprocateodom.pw,Unknown
ww1.recessingstringed.pw,Unknown
ww1.rbsbuzz.pw,Unknown
ww1.raj.pw,Unknown
ww1.rainierretton.pw,Unknown
ww1.psychopathologyorientated.pw,Unknown
ww1.proximaldray.pw,Unknown
ww1.prohibitivelyeickhoff.pw,Unknown
ww1.procedurallythir.pw,Unknown
ww1.prin.pw,Unknown
ww1.preemptingsubverted.pw,Unknown
ww1.polishfiedler.pw,Unknown
ww1.pigtaillall.pw,Unknown
ww1.phatbirthdates.pw,Unknown
ww1.paraibaexons.pw,Unknown
ww1.pantonclaxton.pw,Unknown
ww1.panelledstimpy.pw,Unknown
ww1.palatialrowen.pw,Unknown
ww1.overlayliking.pw,Unknown
ww1.outliersfrills.pw,Unknown
ww1.organizedderides.pw,Unknown
ww1.onomatopoeicerskine.pw,Unknown
ww1.oleiccajoles.pw,Unknown
ww1.oldenburggosselin.pw,Unknown
ww1.nsg.pw,Unknown
ww1.nordeductible.pw,Unknown
ww1.nongovernmentschnapps.pw,Unknown
ww1.noksplitting.pw,Unknown
ww1.nnlis.wausauultimate.com,Unknown
ww1.nevinchill.pw,Unknown
ww1.negligentlycarryover.pw,Unknown
ww1.multicolorwhitter.pw,Unknown
ww1.moonedfilings.pw,Unknown
ww1.monopolizationnoteworthy.pw,Unknown
ww1.modernisticviewpoints.pw,Unknown
ww1.misunderstandingsunconscionable.pw,Unknown
ww1.milohallock.pw,Unknown
ww1.micr.pw,Unknown
ww1.mellenwylde.pw,Unknown
ww1.mccoveydesist.pw,Unknown
ww1.marlerdiethyl.pw,Unknown
ww1.marioiwata.pw,Unknown
ww1.mannesoth.com,Unknown
ww1.malianfulcrum.pw,Unknown
ww1.maintainabilityroyal.pw,Unknown
ww1.lyq.pw,Unknown
ww1.load.adsmedia.tv,Unknown
ww1.listlessvell.pw,Unknown
ww1.lindholmexterminating.pw,Unknown
ww1.kistlernatural.pw,Unknown
ww1.kaltenbachgonzalez.pw,Unknown
ww1.juggledhusker.pw,Unknown
ww1.iterationscorse.pw,Unknown
ww1.iscoweisberg.pw,Unknown
ww1.interpolationsbibby.pw,Unknown
ww1.inlaidcounterterrorist.pw,Unknown
ww1.ingenuousnaphtha.pw,Unknown
ww1.incessantfeaturing.pw,Unknown
ww1.inactionsviolently.pw,Unknown
ww1.impotencythirtieth.pw,Unknown
ww1.iiixoap.org,Unknown
ww1.ickestim.pw,Unknown
ww1.ichikawacullinan.pw,Unknown
ww1.heilmanoutdoorsy.pw,Unknown
ww1.hdking.mobi,Unknown
ww1.hagstromtoughen.pw,Unknown
ww1.gyppedkurtz.pw,Unknown
ww1.gunwalesmukhabarat.pw,Unknown
ww1.guessingbald.pw,Unknown
ww1.grippinghovels.pw,Unknown
ww1.googloe.com,Unknown
ww1.fretfulkarlsruhe.pw,Unknown
ww1.fountpollet.pw,Unknown
ww1.foolerymarchand.pw,Unknown
ww1.folkloricprofessionalism.pw,Unknown
ww1.flavorsaphir.pw,Unknown
ww1.filedesowwerr.com,Unknown
ww1.fallersexcretory.pw,Unknown
ww1.extentsdaubing.pw,Unknown
ww1.excretedsalons.pw,Unknown
ww1.equalellett.pw,Unknown
ww1.emapen-eg.com,Unknown
ww1.elaboratedgebel.pw,Unknown
ww1.ejectionjourdan.pw,Unknown
ww1.eddaeloy.pw,Unknown
ww1.dysartrabbits.pw,Unknown
ww1.dungeonschrieber.pw,Unknown
ww1.dombrowskibrees.pw,Unknown
ww1.divvydoggerel.pw,Unknown
ww1.divorceeleafy.pw,Unknown
ww1.disenfranchiseclamoring.pw,Unknown
ww1.derrellslaughtering.pw,Unknown
ww1.depersonalizewalkers.pw,Unknown
ww1.defl.pw,Unknown
ww1.cycadparalyze.pw,Unknown
ww1.crowdertoleration.pw,Unknown
ww1.coyotesunwillingness.pw,Unknown
ww1.confereeferrand.pw,Unknown
ww1.colliganbudweiser.pw,Unknown
ww1.colleaguesandree.pw,Unknown
ww1.cobblingnurtures.pw,Unknown
ww1.classignede.info,Unknown
ww1.civilizediffering.pw,Unknown
ww1.circaserum.pw,Unknown
ww1.chivereappointed.pw,Unknown
ww1.chemistsradiators.pw,Unknown
ww1.chapelsbihari.pw,Unknown
ww1.calv.pw,Unknown
ww1.calmingsyrians.pw,Unknown
ww1.bwk.pw,Unknown
ww1.browerwriggled.pw,Unknown
ww1.brandnamechaw.pw,Unknown
ww1.borderlandswinless.pw,Unknown
ww1.boardroomsterriers.pw,Unknown
ww1.billigbreitling.pw,Unknown
ww1.bewildermentcuyler.pw,Unknown
ww1.best-offers01.com,Unknown
ww1.beguiledcooperate.pw,Unknown
ww1.beanefrenkel.pw,Unknown
ww1.banditsepiscopacy.pw,Unknown
ww1.apps-security22.com,Unknown
ww1.appdownloadgoods.com,Unknown
ww1.allergenunpermitted.pw,Unknown
ww1.aggressivenessstilt.pw,Unknown
ww1.absadirect.co.za,Unknown
ww1.aboundgravano.pw,Unknown
ww.utopiad.com,Unknown
ww.solutionhome.tk,Unknown
ww.softigloo.com,Unknown
ww.reafamily.lt,Unknown
ww.kekxili168.com,Unknown
ww.femmfa-gis.com,Unknown
ww.dunstoncarol.pw,Unknown
ww.downxsoft.com,Unknown
ww.down1oads.com,Unknown
ww.bubaiwap.tk,Unknown
ww.apple.com-repair-os.live,Unknown
wvwv.telescreditoscbp.com,Unknown
wvw.yahoo-mai.com-secured-web.validator.accounts.medipluscur.com,Unknown
wvw.wellsfargo-verify.com-onlive-authentic-update.intigroup.com.pe,Unknown
wvw.pavpal.com.myaccount-privacypolicy-updateservices.com,Unknown
wvw.pavpal.com.intl-measure-security-update.com,Unknown
wvw.allaroundautorepair.com,Unknown
wvw.82259.wang,Unknown
wuvac.agwebdigital.com,Unknown
wteflv0drz.nmcvk4izff.madpendesign.com.au,Unknown
wt9.52zsoft.com,Unknown
wt8.52zsoft.com,Unknown
wt102.jiuzhoutao.com,Unknown
wt101.jiuzhoutao.com,Unknown
wt.mt30.com,Unknown
wsync.vfchile.com,Unknown
wsrdp3ikra.dayandnightpost.com,Unknown
wsma.43ndesigns.com,Unknown
wsjeg.saqibsiddiqui.com,Unknown
wsdm.edu.bd,Unknown
ws1.2020search.com,Unknown
ws.villamaremma.it,Unknown
ws.solutionfinish.com,Unknown
ws.osenilo.com,Unknown
ws.diminishedvaluevirginia.com,Unknown
ws.cubbyusercontent.com,Unknown
ws.cmgsystems.it,Unknown
ws.blueberryconstruction.it,Unknown
ws.bikescout24.bike,Unknown
wrxnn.paultourist.icu,Unknown
wrs.mcboo.com,Unknown
writing.myweblink.cn,Unknown
wrc.photo-folio.fr,Unknown
wraeeswbouadf.forumjudicialbr.net,Unknown
wr.mcboo.com,Unknown
wqjozbqv.socialimbizo.info,Unknown
wptest.yudigital.com,Unknown
wptest.siliconvalleyrg.com,Unknown
wpdemo.wctravel.com.au,Unknown
wp2.shopcoach.net,Unknown
wp13.lukas.fr,Unknown
wp1.wpjquery.ml,Unknown
wp1.lukas.fr,Unknown
wp.zp68.com,Unknown
wp.zontown.com,Unknown
wp.website4.us,Unknown
wp.twells.com.hostingmurah.co,Unknown
wp.tajima-taso.jp,Unknown
wp.symch.online,Unknown
wp.sve-yurchenko.com,Unknown
wp.pilbauer.com,Unknown
wp.myapp.ir,Unknown
wp.michalkarpinski.com,Unknown
wp.mesutguner.com,Unknown
wp.koudum.nl,Unknown
wp.fanchen.cc,Unknown
wp.drhanifehzadeh.ir,Unknown
wp.dime-health-care.co.jp,Unknown
wp.bevcomp.com,Unknown
wp.albertform.com.br,Unknown
wp-stat.s3.amazonasw.com,Unknown
wp-ft.pixelviewcreative.com,Unknown
wp-amarc.pantoto.org,Unknown
wowonder.alvarohurtado.com,Unknown
wosik-dach.service-for-web.de,Unknown
wormaldblog.com.au.product.lakesmotorcycleclub.com,Unknown
worldcompany.underpants.biz,Unknown
worldclassdropbox.chyenterprise.com,Unknown
world.rickstudio.ru,Unknown
world-sex.urllogs.com,Unknown
workupgrade.yourbigandallfreetoupgrading.bid,Unknown
workupgrade.yourbigandallfreetoupgrades.stream,Unknown
workupgrade.yourbigandallfreetoupgrades.bid,Unknown
workupgrade.yourbigandallfreetoupgrade.stream,Unknown
workupgrade.theupgradeawesome-websitefreecontent.icu,Unknown
workupgrade.theupgradeawesome-websitecontent.icu,Unknown
workupgrade.thefreetogetcontentnew.icu,Unknown
workupgrade.thealways4aptitudes.review,Unknown
workupgrade.thealways4aptitudes.download,Unknown
workupgrade.thealways4aptitudes.bid,Unknown
workupgrade.thealways4aptitude.win,Unknown
workupgrade.stable4upgrading.win,Unknown
workupgrade.stable4upgrade.win,Unknown
workupgrade.stable4upgrade.review,Unknown
workupgrade.alltimecontent-service.bid,Unknown
workshopjs.fishdns.com,Unknown
workingversion.videoappsetupgrading.stream,Unknown
workingversion.videoappsetupgrading.bid,Unknown
workingversion.videoappsetupgrades.stream,Unknown
workingversion.videoappsetupgrade.win,Unknown
workingversion.videoappsetupgrade.stream,Unknown
workingversion.theperfectupdatesforall.xyz,Unknown
workingversion.theperfectstableserviceforupdate.xyz,Unknown
workingversion.thebigandsafer4updating.win,Unknown
workingversion.thebigandsafer4updating.bid,Unknown
workingversion.thebigandsafer4updates.bid,Unknown
workingversion.thebigandsafer4update.stream,Unknown
workingversion.thebigandsafer4update.bid,Unknown
workingupdate.yourtheperfectstableoscontent.icu,Unknown
workingupdate.yourtheperfectreliablewaylinks.icu,Unknown
workingupdate.yoursafest2searches.stream,Unknown
workingupdate.yoursafest2search.review,Unknown
workingupdate.yoursafest2search.bid,Unknown
workingupdate.yourperfectstableosforcontent.icu,Unknown
workingupdate.yourbetterandreliable4updating.stream,Unknown
workingupdate.yourbetterandreliable4updates.win,Unknown
workingupdate.yourbetterandreliable4updates.bid,Unknown
workingupdate.yourbetterandreliable4update.bid,Unknown
workingupdate.yourbestsiteforlinksitenew.xyz,Unknown
workingupdate.perfectlysafeandgreatcontenting.date,Unknown
workingupdate.perfectlysafeandgreatcontenting.bid,Unknown
workingupdate.perfectlysafeandgreatcontentfree.win,Unknown
workingupdate.perfectlysafeandgreatcontentfree.trade,Unknown
workingupdate.perfectlysafeandgreatcontentfree.download,Unknown
workingupdate.perfectlysafeandgreatcontentfree.date,Unknown
workingupdate.perfectlysafeandgreatcontent.trade,Unknown
workingupdate.perfectlysafeandgreatcontent.date,Unknown
workingupdate.perfectlysafeandgreatcontent.bid,Unknown
workingupdate.entersearch2upgrades.win,Unknown
workingupdate.entersearch2upgrades.stream,Unknown
workingupdate.entersearch2upgrades.review,Unknown
workingupdate.entersearch2upgrades.download,Unknown
workingupdate.entersearch2upgrade.stream,Unknown
workingupdate.entersearch2upgrade.download,Unknown
workingupdate.bettersiteforlinksitenew.xyz,Unknown
workingupdate.bestsite4linksitenew.icu,Unknown
workfromhome-amazon-ntylpikxje.antalyamasajsalonu.net,Unknown
work.gopetrom.com,Unknown
work.bryanchiao.com,Unknown
words-2010.begin.pro,Unknown
wordpress.wordt-getest.nl,Unknown
wordpress.theeventnews.org,Unknown
wordpress.logoinn.me,Unknown
wordpress.kikihairandbeauty.co.uk,Unknown
wordpress.khinethazin.me,Unknown
wordpress.com.groundup.coffee,Unknown
wordpress.com.ambusiness.com.br,Unknown
wordpress.businesscentergroup.com,Unknown
word.yuupi.tk,Unknown
word.graphics24.de,Unknown
word.gdlnews.com,Unknown
word-2010.begin.pro,Unknown
wor4d.slewirk.at,Unknown
woool.100888290cs.com,Unknown
wool.rabbitsweater.webcam,Unknown
womsy.bobbutcher.net,Unknown
womenfun.viralgalleries.me,Unknown
woman.qoiy.ru,Unknown
wohnmobile.gebraucht.sms13.de,Unknown
wnhs.madcollective.com,Unknown
wn015.ts1069.com,Unknown
wn013.ts1069.com,Unknown
wmp.goofull.com,Unknown
wmi.oo000oo.club,Unknown
wmi.my0709.xyz,Unknown
wmi.my0115.ru,Unknown
wmi.1217bye.host,Unknown
wmd9e.a3i1vvv.feteboc.com,Unknown
wm.yt521.cn,Unknown
wm.flwj888.cn,Unknown
wm.17wan.info,Unknown
wlt.kd2244.com,Unknown
wlp.mycomputermechanics.com,Unknown
wlp.cleanmypc.co,Unknown
wlk76ku8p9.canind.co,Unknown
wkgfheefjjyhvagcgxib.ahdaaf.org,Unknown
wkg4jl9foa.kfupgpz6dt.madpendesign.com.au,Unknown
wkbblhft.rrvvorisiyf.com,Unknown
wk.tjhfhzs.cn,Unknown
wjtqjleommc4z46i.zclhx9.bid,Unknown
wjtqjleommc4z46i.z97f9v.bid,Unknown
wjtqjleommc4z46i.y7603i.bid,Unknown
wjtqjleommc4z46i.y12acl.bid,Unknown
wjtqjleommc4z46i.xjwlms.bid,Unknown
wjtqjleommc4z46i.whmykv.bid,Unknown
wjtqjleommc4z46i.w3r6a4.bid,Unknown
wjtqjleommc4z46i.vh6vss.bid,Unknown
wjtqjleommc4z46i.uwckha.top,Unknown
wjtqjleommc4z46i.uv39h5.bid,Unknown
wjtqjleommc4z46i.t4jp3w.bid,Unknown
wjtqjleommc4z46i.srmlzh.bid,Unknown
wjtqjleommc4z46i.salethe.gdn,Unknown
wjtqjleommc4z46i.pmnz7a.bid,Unknown
wjtqjleommc4z46i.obx4vo.bid,Unknown
wjtqjleommc4z46i.nnbdlh.bid,Unknown
wjtqjleommc4z46i.nh47ri.bid,Unknown
wjtqjleommc4z46i.n8ln0w.bid,Unknown
wjtqjleommc4z46i.m33d4b.bid,Unknown
wjtqjleommc4z46i.ldsl8m.bid,Unknown
wjtqjleommc4z46i.kzhzuc.top,Unknown
wjtqjleommc4z46i.kt70uk.bid,Unknown
wjtqjleommc4z46i.jujthy.bid,Unknown
wjtqjleommc4z46i.j0n83w.bid,Unknown
wjtqjleommc4z46i.idw6s5.bid,Unknown
wjtqjleommc4z46i.i8zh1k.bid,Unknown
wjtqjleommc4z46i.h8prbu.top,Unknown
wjtqjleommc4z46i.gg4dgp.bid,Unknown
wjtqjleommc4z46i.fwfu4t.bid,Unknown
wjtqjleommc4z46i.fw1bwy.bid,Unknown
wjtqjleommc4z46i.f0jlbj.bid,Unknown
wjtqjleommc4z46i.efyh72.bid,Unknown
wjtqjleommc4z46i.eag72x.top,Unknown
wjtqjleommc4z46i.d11zjd.bid,Unknown
wjtqjleommc4z46i.csv7o6.bid,Unknown
wjtqjleommc4z46i.cm5ohx.bid,Unknown
wjtqjleommc4z46i.cgab48.bid,Unknown
wjtqjleommc4z46i.cdyd2z.bid,Unknown
wjtqjleommc4z46i.cc0r87.bid,Unknown
wjtqjleommc4z46i.c3fz3z.bid,Unknown
wjtqjleommc4z46i.bipa9k.bid,Unknown
wjtqjleommc4z46i.au6d1d.bid,Unknown
wjtqjleommc4z46i.9ule2e.bid,Unknown
wjtqjleommc4z46i.9sellg.bid,Unknown
wjtqjleommc4z46i.993hev.bid,Unknown
wjtqjleommc4z46i.8a9r2h.bid,Unknown
wjtqjleommc4z46i.7hu6og.bid,Unknown
wjtqjleommc4z46i.5r1sol.bid,Unknown
wjtqjleommc4z46i.5n5y6v.bid,Unknown
wjtqjleommc4z46i.4bb9vz.bid,Unknown
wjtqjleommc4z46i.44vva6.bid,Unknown
wjtqjleommc4z46i.35rof4.bid,Unknown
wjtqjleommc4z46i.249isv.bid,Unknown
wjm.liuao888.cc,Unknown
wjgravier.us.kzpcmad.tk,Unknown
wjelc.sekl.fi,Unknown
witalna.ultra3.done.pl,Unknown
wit.diversifiedwaterblasting.info,Unknown
wiper.wipersoft.com,Unknown
wintersolitude.huynhthanhha.com,Unknown
winter.winterboot.net,Unknown
winston-salem-factoring-companies.transportationfactoringcompany.org,Unknown
winsetupcostotome.easthamvacations.info,Unknown
wingsofthesky.shiteyattari.com,Unknown
wine.iwebsite.com.au,Unknown
windows.return.code.2147942655.registryfixer2016.com,Unknown
windows.hellospy.com,Unknown
windows.fixutility.com,Unknown
windows.fileopener.org,Unknown
windows.center.com-dalf.pw,Unknown
windows.apps-connects.com,Unknown
windows-tech-support.com-nett.info,Unknown
winamp.msdwnld.com,Unknown
winamp.goofull.com,Unknown
win.enterfree.club,Unknown
win.cowszipper.review,Unknown
win.budgetshowdown.com,Unknown
win.adpiano.com,Unknown
wilworld.monlineserviceplc.com,Unknown
willowns.icejuice.xyz,Unknown
williamsleo.wm01.to,Unknown
wildcard.wfbank.xyz,Unknown
wildcard.wfbank.accountant,Unknown
wildcard.wf-tx.xyz,Unknown
wildcard.mbservicesyorkshire.co.uk,Unknown
wildcard.maherstcottage.com.au,Unknown
wildcard.mafe.edu.co,Unknown
wildcard.madpendesign.com.au,Unknown
wildcard.littlematchagirl.com.au,Unknown
wildcard.cedricchenevert.com,Unknown
wildcard.bradul.creatory.org,Unknown
wildcard.ahdaaf.org,Unknown
wildard.roanokekappas.com,Unknown
wiki.ruvmp.ru,Unknown
wiki.leeth.info,Unknown
wiki.jrcollier.com,Unknown
wiki.iupdhc.org,Unknown
wiki.campusvirtualelmayor.edu.co,Unknown
wiki.beauq.com,Unknown
wiedererzaehltem.entreeonlinestore.com,Unknown
wiedererkannter.militarypopupweddings.com,Unknown
widgets.solaramerica.org,Unknown
widgets.progrids.com,Unknown
widgets.mobilelocalnews.com,Unknown
widgets.junction.co.za,Unknown
widgets.adviceiq.com,Unknown
widgetcf.adviceiq.com,Unknown
widget.yavli.com,Unknown
widget.wombo.gg,Unknown
widget.shoreoa.com,Unknown
widget.scoutpa.com,Unknown
widget.raaze.com,Unknown
whybowl.thebotogs.com,Unknown
why.ceptensex.net,Unknown
wholesale.undercovermama.com,Unknown
white.gogo23424.com,Unknown
whesilo.alphadeltas.in,Unknown
whenvideoup.thebigcenterfreeofbugsforcontentingnew.date,Unknown
whenvideoup.thebeststreamingspotforallmachinesthisweek.review,Unknown
whenvideoup.thebestcontent4yourmachinethismonth.review,Unknown
whenvideoup.thebestcontent4yourmachinenow.bid,Unknown
whenvideoup.pleaseupdatesafesystemset4now.host,Unknown
whenvideoup.goodperfectreliableos4contents.icu,Unknown
whenushop.whenu.com,Unknown
whenupgrade.theupgradeawesome-websitecontent.icu,Unknown
whenupgrade.thebestof2updating.stream,Unknown
whenupgrade.thebestcenteronnetcontents.stream,Unknown
whenupgrade.thebestcenteronnetcontents.download,Unknown
whenupgrade.checksoft146132.top,Unknown
whenupgrade.bestsite4linksitenew.icu,Unknown
whenupdate.theplaceonthenetupgradenew.icu,Unknown
whenupdate.mainplaceonthenetupgradingnew.icu,Unknown
whenupdate.keyupgradesafesystem4nowset.club,Unknown
whenupdate.getupdate15632.club,Unknown
whave.iptvdeals.com,Unknown
whatthe.isonmy.tv,Unknown
whatsapp.com.confirm-online.today,Unknown
whatsapp.com.areospolis.gr,Unknown
whatsapp.codevalidation.accountexpired.creativesurgeon.com,Unknown
whatsapp.areospolis.gr,Unknown
whabi.csheaven.com,Unknown
wh.yswww.com,Unknown
wh.xinfun.com,Unknown
wh.2.bxacg.com,Unknown
wg50.11721.wang,Unknown
wg50.11391.wang,Unknown
wg233.11291.wang,Unknown
wfwf1011.warabuki.net,Unknown
wfs.ezdownloadpro.info,Unknown
wf.nv-acc1.online,Unknown
wf.1nv-acc.online,Unknown
wetyt.tourstogo.us,Unknown
wety.battle-mix.info,Unknown
wetblog.lindachan.net,Unknown
westudy.chinaxueyun.com,Unknown
westpac.banking.corporation.westpac.online.banking.personal.bookabuscharter.com,Unknown
west.theshoewelryco.com,Unknown
west.ceptensex.net,Unknown
wesselcpa.flexwise.com,Unknown
wertunge.paladin-global.net,Unknown
wertspao.menod3stddn1h.com,Unknown
wereyboy.objectives.ws,Unknown
wer65e578r69tyhu0iy8u8.is-a-llama.com,Unknown
wer.ijssalonlekker.nl,Unknown
weol0s.viajedecarro.com,Unknown
welxfarrg0.a0lbiiiing.net,Unknown
welsfrg0mal.artbysoares.com,Unknown
welsfargo.user-info.info,Unknown
welsfarg0t.ihmsoltech.co.za,Unknown
wels-fargo.com.unlock.secure.checking-unlock.today,Unknown
wels-fargo.com.connect.wf-south.info,Unknown
wellsverification.missmatchingaccount.com,Unknown
wellsfargowatchoutalert.feelthebeat3.iedu.my,Unknown
wellsfargoverification.sorteo.name,Unknown
wellsfargousacustomerservice.report.com.ticketid.8f5d41fd4545df.dgf45fg4545fd45dfg4.dfg87d45fg54fdg45f.dg87df4g5f4dg5d7f8g.dfg57,Unknown
wellsfargousacustomerservice.report.com.ticketid.8f5d41fd4545df.dgf45fg4545fd45dfg4.dfg87d45fg54fdg45f.dg87df4g5f4dg5d7f8g.dfg5,Unknown
wellsfargosecure.coachbringthapayne.com,Unknown
wellsfargoonline.weddingdesire.co.uk,Unknown
wellsfargocustomercenter.sya.org.np,Unknown
wellsfargo.z2c.net,Unknown
wellsfargo.userverifyaccountsecure.mesmobil.com.tr,Unknown
wellsfargo.secure.update.metrologpk.com,Unknown
wellsfargo.paediatrictraining.com,Unknown
wellsfargo.mcgsystem.com,Unknown
wellsfargo.login.verify.com.akirai.com,Unknown
wellsfargo.kristannev.co,Unknown
wellsfargo.joyasvalentino.com,Unknown
wellsfargo.com.unlock.secure.checking-unlock.top,Unknown
wellsfargo.com.signalwarrior.com,Unknown
wellsfargo.com.secure-pages-costumers.com,Unknown
wellsfargo.com.or.wfbank.live,Unknown
wellsfargo.com.or.confirm.wfbank.today,Unknown
wellsfargo.com.onlinebanking.com.croquiteca.com.br,Unknown
wellsfargo.com.moclangarden.vn,Unknown
wellsfargo.com.lowkeyhideaway.com,Unknown
wellsfargo.com.login.signin.vivenciaresidence.com.br,Unknown
wellsfargo.com.halugopalacehotels.com,Unknown
wellsfargo.com.compacttraveller.com.au,Unknown
wellsfargo.com.4spective.com,Unknown
wellsfargo.com-verify.cvlengineers.com.au,Unknown
wellsfargo.com-verify-your-account-information.truncade.ru,Unknown
wellsfargo.com-securelogin-systemsecurity-securitycheck-login.rockyphillips.com,Unknown
wellsfargo.com-information-verify.verificationportal.be,Unknown
wellsfargo.com-0.syfanet-offers.gr,Unknown
wellsfargo.accountssupport.us,Unknown
wellsfargo.abasketcaseny.com,Unknown
wells28.bestwell-s828scre.com,Unknown
wells.reverifi-ca-tio-n.ml,Unknown
wells.latestphptutorials.com,Unknown
wells-info.charos-cm.com,Unknown
wellls-fargo.com.login.secure.confirmation-wfbnk.xyz,Unknown
welkguessqata.myrating.id,Unknown
welisfam.innovation-lifecycle.com,Unknown
welcome.stpegasus.ru,Unknown
wejdsfreg.cemetalworks.com,Unknown
weinshop.drogerie-lippuner.ch,Unknown
weinerdog.openmediasoft.com,Unknown
weights.wizebar.com,Unknown
weightloss.fastbellyfatloss.com,Unknown
wefrvfd.igg.biz,Unknown
wefixyou.csdownload.me,Unknown
wef.neurologyrn.info,Unknown
week.bitcoincardroom.com,Unknown
webtraffic.ttinet.com,Unknown
webtestde.grafi-offshore.com,Unknown
websoft.hoangkhang.com.vn,Unknown
website1.sitear.xyz,Unknown
website1.italix.info,Unknown
webserver01.topservers.nl,Unknown
websearch.wonderfulsearches.info,Unknown
websearch.wisesearch.info,Unknown
websearch.webisgreat.info,Unknown
websearch.toolksearchbook.info,Unknown
websearch.thesearchpage.info,Unknown
websearch.the-searcheng.info,Unknown
websearch.swellsearch.info,Unknown
websearch.simplespeedy.info,Unknown
websearch.simplesearches.info,Unknown
websearch.seekplaza.info,Unknown
websearch.searchtheuniverse.info,Unknown
websearch.searchtheglobe.info,Unknown
websearch.searchsupporter.info,Unknown
websearch.searchsunmy.info,Unknown
websearch.searchsun.info,Unknown
websearch.searchouse.info,Unknown
websearch.searchoholic.info,Unknown
websearch.searchmania.info,Unknown
websearch.searchitwell.info,Unknown
websearch.searchisfun.info,Unknown
websearch.searchiseasy.info,Unknown
websearch.searchisbestmy.info,Unknown
websearch.searchinweb.info,Unknown
websearch.searchingissme.info,Unknown
websearch.searchguru.info,Unknown
websearch.searchfix.info,Unknown
websearch.searchesplace.info,Unknown
websearch.searchere.info,Unknown
websearch.searchdwebs.info,Unknown
websearch.searchdominion.info,Unknown
websearch.searchbomb.info,Unknown
websearch.searchandfly.info,Unknown
websearch.search-plaza.info,Unknown
websearch.search-guide.info,Unknown
websearch.searc-hall.info,Unknown
websearch.resulthunters.info,Unknown
websearch.relevantsearch.info,Unknown
websearch.pu-results.info,Unknown
websearch.oversearch.info,Unknown
websearch.mocaflix.com,Unknown
websearch.look-for-it.info,Unknown
websearch.just-browse.info,Unknown
websearch.homesearchapp.info,Unknown
websearch.homesearch-hub.info,Unknown
websearch.greatresults.info,Unknown
websearch.goodforsearch.info,Unknown
websearch.goodfindings.info,Unknown
websearch.good-results.info,Unknown
websearch.freesearches.info,Unknown
websearch.flyandsearch.info,Unknown
websearch.fixsearch.info,Unknown
websearch.fastsearchings.info,Unknown
websearch.fastosearch.info,Unknown
websearch.ezsearches.info,Unknown
websearch.exitingsearch.info,Unknown
websearch.eazytosearch.info,Unknown
websearch.coolwebsearch.info,Unknown
websearch.coolsearches.info,Unknown
websearch.calcitapp.info,Unknown
websearch.awsomesearchs.info,Unknown
websearch.amaizingsearches.info,Unknown
websearch.allsearches.info,Unknown
websearch.a-searchpage.info,Unknown
webscr.cgi-bin.payzen.securesession.net,Unknown
webmasterupgrade.co.uk.webmasterupgradesolo.ga,Unknown
webmasters.mp3sale.ru,Unknown
webmaster.windowscasino.com,Unknown
webmaster.downloadaccelerator.com,Unknown
webmaster.co.uk.kingruimansteelspipe.com,Unknown
webmaster-paypal-community.domainezin.com,Unknown
webmail.utopiad.com,Unknown
webmail.process-digital.com,Unknown
webmail.ngulesh.info,Unknown
webmail.mercurevte.com,Unknown
webmail.lorn.cz,Unknown
webmail.internet-security-0ml239sd.ml,Unknown
webmail.drshells.net,Unknown
webmail.com-windows-repairing-systems.live,Unknown
webmail.com-windows-repairing-system.live,Unknown
webmail.com-windows-repair-systems.live,Unknown
webmail.com-windows-fixing-systems.live,Unknown
webmail.com-windows-fasting-systems.live,Unknown
webmail.com-windows-cleaning-systems.live,Unknown
webmail.com-speed-pc.live,Unknown
webmail.com-speed-macos.live,Unknown
webmail.com-optimize.live,Unknown
webmail.com-macos-fast-systems.live,Unknown
webmail.com-fastest-pc.live,Unknown
webmail.com-faster-systems.live,Unknown
webmail.com-faster-pc.live,Unknown
webmail.com-cleaning-windows-system.live,Unknown
webmail.com-cleaner-systems.live,Unknown
webmail.cloudfront.com.kz,Unknown
webmail.chukai.co.th,Unknown
webmail.auto-dani.at,Unknown
webinfoor.craym.eu,Unknown
webhotell.enivest.no,Unknown
webhost.j2ee.us,Unknown
webhard.seentec.co.kr,Unknown
webgameplayer.tibaco.net,Unknown
webfile-document.homoeopathy.gr,Unknown
webdisk.internet-security-0ml239sd.ml,Unknown
webdisk.com-windows-repairing-systems.live,Unknown
webdisk.com-windows-repairing-system.live,Unknown
webdisk.com-windows-repair-systems.live,Unknown
webdisk.com-windows-fixing-systems.live,Unknown
webdisk.com-windows-fasting-systems.live,Unknown
webdisk.com-windows-fast-systems.live,Unknown
webdisk.com-windows-cleaning-systems.live,Unknown
webdisk.com-speed-pc.live,Unknown
webdisk.com-speed-macos.live,Unknown
webdisk.com-scan.live,Unknown
webdisk.com-scan-systems.live,Unknown
webdisk.com-repair.live,Unknown
webdisk.com-repair-os.live,Unknown
webdisk.com-optimize.live,Unknown
webdisk.com-macos-fast-systems.live,Unknown
webdisk.com-fastest-pc.live,Unknown
webdisk.com-faster-systems.live,Unknown
webdisk.com-faster-pc.live,Unknown
webdisk.com-fast-pc.live,Unknown
webdisk.com-cleaning-windows-system.live,Unknown
webdisk.com-cleaning-systems.live,Unknown
webdisk.com-cleaning-os.live,Unknown
webdisk.com-cleaner-systems.live,Unknown
webdisk.com-cleaner-pc.live,Unknown
webdemo1.nlbmaccelerator.com,Unknown
webclient-service.secure.com.id754236015843751.freewayexpress.com.br,Unknown
webapss.paypal.de.signin.yabse.net,Unknown
webapps.paypal.com.secure.authflow-account.management,Unknown
webapp.vipboxsportsapp.com,Unknown
webapp.thefirstrowapp.com,Unknown
webapp.lshuntertvapp.com,Unknown
webapp.ilemiapp.com,Unknown
webapp.freehdsport.tv,Unknown
webapp.firstrowsportapp.com,Unknown
webapp.atdhenettvapp.com,Unknown
webapp-resolvedid-updateacounts-safetys.kntlo32-systemed.com,Unknown
webapp-resolved-limitations-accountsresolvedprimary.resolved-systemeks33s.net,Unknown
webapi.taqirok.at,Unknown
webads.com.18345.fb.dbbsrv.com,Unknown
web527.mis15.de,Unknown
web479.server8.webplus24.de,Unknown
web41609.pfweb.eu,Unknown
web4.topchoice.com,Unknown
web2.ms-net.de,Unknown
web2.bridgerconway.com,Unknown
web178440.clarahost.fr,Unknown
web12.115.at,Unknown
web1129422.s37.jjisp.com,Unknown
web.zoukan.pw,Unknown
web.yelin-dega.com,Unknown
web.whenu.com,Unknown
web.websitete.website,Unknown
web.vorona.ru,Unknown
web.visitique.com,Unknown
web.smakristen1sltg.sch.id,Unknown
web.sitefast.xyz,Unknown
web.ruanzibao.com,Unknown
web.rossoalice.it,Unknown
web.reeglais.com,Unknown
web.lxsystems.com,Unknown
web.lopi.tk,Unknown
web.justproductions.co.uk,Unknown
web.iqbaldesign.com,Unknown
web.icewarp.cn,Unknown
web.hpaopao.com,Unknown
web.greystonecat.com,Unknown
web.googlemehard.net,Unknown
web.ernestomeda.net,Unknown
web.elizade.net,Unknown
web.easthamptonweb.com,Unknown
web.duwenzi.com,Unknown
web.clod.pw,Unknown
web.burnzite.tk,Unknown
web.benzol.net.pl,Unknown
web.bank.of.america.my.wlogin.ab6aacgf40007dddc355a2cba7iuitt.mya.ple.25napplic2faccount.25napplic2faccountm.account.manage.wets,Unknown
web.150a.cn,Unknown
web-net.707.cz,Unknown
web-account.recovery-email.security.wholeimport.com,Unknown
weather.whenu.com,Unknown
weather.homebase-apps.com,Unknown
weather.comwww.microsoft.com-repair-windows.live,Unknown
weather.commicrosoft.com-repair-windows.live,Unknown
wealth.sttrims.com,Unknown
we.ijssalonlekker.nl,Unknown
wdxz.riabest.com,Unknown
wdj-qn-apk.wdjcdn.com,Unknown
wd.openmediasoft.com,Unknown
wd.hsjoy.net,Unknown
wczasy.wislaa.pl,Unknown
wcy.xiaoshikd.com,Unknown
wcy.fgtrj.com,Unknown
wcm.terraavista.net,Unknown
wcbu.lmgouwu.com,Unknown
wc.istwire.com,Unknown
wbs.wegohostudiary.com,Unknown
wbd.5636.com,Unknown
wayup.thoitrangcaphesusu.com,Unknown
waystoeat.track.cat,Unknown
waw.unitys3d.com,Unknown
waw.css2.com,Unknown
waw.cocoss2d.com,Unknown
watchfree.flv.in,Unknown
wat.mybenes.com,Unknown
wat.ipowerapps.com,Unknown
wat.freesubdom.com,Unknown
was.www.sabela.com,Unknown
warszawa.centrumdemed.pl,Unknown
warrning-fanpa9e2.securittty4.ml,Unknown
waroengdoeit.bprjatim.co.id,Unknown
warning406.facebok-securtity.ga,Unknown
warning405.facebok-securtity.ml,Unknown
warning.firewall-corrupted-apple.com,Unknown
warning-alert-virus.issue.info,Unknown
warniiing04.devetol23.ga,Unknown
warmwest.working-group.ru,Unknown
warez.terrorists.cz,Unknown
war.lexltd.com.ua,Unknown
wapdam3x.khung.mobi,Unknown
wap.xrwgzs.com,Unknown
wap.tvbazaar.tk,Unknown
wap.sxhhyy.com,Unknown
wap.reprc.com,Unknown
wap.naijaring.tk,Unknown
wap.mp3joedeluxe.tk,Unknown
wap.mobilepark.tk,Unknown
wap.longyud.com,Unknown
wap.lakruwachat.tk,Unknown
wap.keya.tk,Unknown
wap.hfwfin.com,Unknown
wap.gwgsc.com,Unknown
wap.gamerhelp.tk,Unknown
wap.feedcorner.tk,Unknown
wap.efiraz.com,Unknown
wap.dosame.com,Unknown
wap.deepakufo.tk,Unknown
wap.burnzite.tk,Unknown
wap.bubuta.ru,Unknown
wap.bmnlqm.ltd,Unknown
wap.bestbd.tk,Unknown
wap.azon.mobi,Unknown
wap.argentina-net.tk,Unknown
wap.airtelbharti.tk,Unknown
wangtong7.52zsoft.com,Unknown
wallingfordschools.okph.com,Unknown
wallet.yahoo.windstoneappraisal.com,Unknown
walker.nobass.com,Unknown
walkaboutsverse.sitegoz.com,Unknown
wahnwitzigsteshortstyled.canameria.com,Unknown
w9q.15211223344.com,Unknown
w92bv4bu.0736zp.cn,Unknown
w612.nb.host127-0-0-1.com,Unknown
w4988.nb.host127-0-0-1.com,Unknown
w4.sahajcare.org,Unknown
w4.loxa.com,Unknown
w3.153.yhlg.com,Unknown
w12302.lb.wa-track.com,Unknown
w10.g2vsoft917.tk,Unknown
w1.workmanshiprecondite.pw,Unknown
w1.whomevertimbres.pw,Unknown
w1.whchkisan.pw,Unknown
w1.waryprattling.pw,Unknown
w1.villenaailment.pw,Unknown
w1.vacillatesruthlessness.pw,Unknown
w1.upliftchristianity.pw,Unknown
w1.tumultastrolabes.pw,Unknown
w1.trojaninduct.pw,Unknown
w1.thumbsmaoism.pw,Unknown
w1.thrjeffersonian.pw,Unknown
w1.telescopeambon.pw,Unknown
w1.straightspuff.pw,Unknown
w1.stintingchondroitin.pw,Unknown
w1.stanchionsbalz.pw,Unknown
w1.spaceshipreston.pw,Unknown
w1.smudgytrundle.pw,Unknown
w1.septimuswarbles.pw,Unknown
w1.seesawingesposito.pw,Unknown
w1.sandviksnowflake.pw,Unknown
w1.sahajcare.org,Unknown
w1.runawaypurples.pw,Unknown
w1.ripaappian.pw,Unknown
w1.reunifyquaked.pw,Unknown
w1.retainersmokescreen.pw,Unknown
w1.rantsamended.pw,Unknown
w1.rainmakersinscribing.pw,Unknown
w1.purrsparadyne.pw,Unknown
w1.propagandaprairie.pw,Unknown
w1.presumptivesergey.pw,Unknown
w1.presbyterianvoted.pw,Unknown
w1.praiseadhesive.pw,Unknown
w1.platterrepossession.pw,Unknown
w1.plasmodiafulltime.pw,Unknown
w1.penguinsstimulatory.pw,Unknown
w1.pawsunremarked.pw,Unknown
w1.papaverbeatification.pw,Unknown
w1.palermopilfer.pw,Unknown
w1.offsetfinnish.pw,Unknown
w1.objectivenessfestoons.pw,Unknown
w1.normalizepetrie.pw,Unknown
w1.nomredeployment.pw,Unknown
w1.morphsynergy.pw,Unknown
w1.moroniciceland.pw,Unknown
w1.milagroduchesse.pw,Unknown
w1.marylinsickens.pw,Unknown
w1.margolinblueline.pw,Unknown
w1.majindulged.pw,Unknown
w1.luceromodest.pw,Unknown
w1.loggerscriticized.pw,Unknown
w1.livelybenedicta.pw,Unknown
w1.littlerstreamed.pw,Unknown
w1.lipboarder.pw,Unknown
w1.licensesgasser.pw,Unknown
w1.ladderclutters.pw,Unknown
w1.joycebaselines.pw,Unknown
w1.irrigationagression.pw,Unknown
w1.iproom.com,Unknown
w1.interpositionreadily.pw,Unknown
w1.instabilityneoliberals.pw,Unknown
w1.indulgentbroadview.pw,Unknown
w1.incubatedsizzled.pw,Unknown
w1.imperialistsprogrammers.pw,Unknown
w1.idlingrocio.pw,Unknown
w1.hockkrone.pw,Unknown
w1.handymeneve.pw,Unknown
w1.haftkow.pw,Unknown
w1.grayishbardot.pw,Unknown
w1.gratifyingcommunicator.pw,Unknown
w1.granulomatouscoding.pw,Unknown
w1.glasscockaddax.pw,Unknown
w1.gemchristophe.pw,Unknown
w1.flyirangate.pw,Unknown
w1.flockingunlearn.pw,Unknown
w1.fishbackpetered.pw,Unknown
w1.examinationlatches.pw,Unknown
w1.elizawinch.pw,Unknown
w1.effectedguenther.pw,Unknown
w1.dynamitingstern.pw,Unknown
w1.duffieequiped.pw,Unknown
w1.duderanunculus.pw,Unknown
w1.droughtslouisiana.pw,Unknown
w1.doughboysunzip.pw,Unknown
w1.doctoralscreenplay.pw,Unknown
w1.distortionsschwarz.pw,Unknown
w1.disappointinggodfather.pw,Unknown
w1.dictatorsdrinking.pw,Unknown
w1.curbissuing.pw,Unknown
w1.crawlyharleys.pw,Unknown
w1.computerworldfrowned.pw,Unknown
w1.classifiedsstultifying.pw,Unknown
w1.circumventingdribs.pw,Unknown
w1.carcassesdollinger.pw,Unknown
w1.bricklayerrodeos.pw,Unknown
w1.brackenscondors.pw,Unknown
w1.boggingsims.pw,Unknown
w1.biendaydream.pw,Unknown
w1.bensonhursthigginson.pw,Unknown
w1.behrendtkoblenz.pw,Unknown
w1.batesvillemccaw.pw,Unknown
w1.aukencoloration.pw,Unknown
w1.augustinianarrestee.pw,Unknown
w1.apnnz.com,Unknown
w1.anguishedmisspending.pw,Unknown
w1.amariinterplanetary.pw,Unknown
w1.amabischof.pw,Unknown
w1.alphonseoversteer.pw,Unknown
w1.adenauerswahili.pw,Unknown
w1.ablegrassroots.pw,Unknown
w1.abeuts.pw,Unknown
w.zhzy999.net,Unknown
w.zeroredirect.com,Unknown
w.wew.wtf,Unknown
w.neckgorynych.com,Unknown
w.myspicylinks.com,Unknown
w.homewrt.com,Unknown
w.cocoss2d.com,Unknown
w.amendserver.com,Unknown
w.3ei.xyz,Unknown
vzbucket.appscion.com,Unknown
vyohacxzoue32vvk.zu3fzc.bid,Unknown
vyohacxzoue32vvk.zp9i1l.bid,Unknown
vyohacxzoue32vvk.zn90h4.bid,Unknown
vyohacxzoue32vvk.zmn16h.top,Unknown
vyohacxzoue32vvk.xy2rlg.bid,Unknown
vyohacxzoue32vvk.xsf5a8.top,Unknown
vyohacxzoue32vvk.x83zw1.top,Unknown
vyohacxzoue32vvk.w67y8u.bid,Unknown
vyohacxzoue32vvk.w22p3v.top,Unknown
vyohacxzoue32vvk.vjso7r.top,Unknown
vyohacxzoue32vvk.ug6ewx.top,Unknown
vyohacxzoue32vvk.u8e2dz.top,Unknown
vyohacxzoue32vvk.t6ueop.bid,Unknown
vyohacxzoue32vvk.ss8doe.top,Unknown
vyohacxzoue32vvk.roep3o.top,Unknown
vyohacxzoue32vvk.r3b2sh.top,Unknown
vyohacxzoue32vvk.r31sot.top,Unknown
vyohacxzoue32vvk.pr52ni.top,Unknown
vyohacxzoue32vvk.p9su2u.top,Unknown
vyohacxzoue32vvk.o5b17o.top,Unknown
vyohacxzoue32vvk.o08ra6.top,Unknown
vyohacxzoue32vvk.nta934.top,Unknown
vyohacxzoue32vvk.ncw0rp.top,Unknown
vyohacxzoue32vvk.mpduf5.bid,Unknown
vyohacxzoue32vvk.mayrwf.top,Unknown
vyohacxzoue32vvk.l4dlll.bid,Unknown
vyohacxzoue32vvk.kwrd4f.bid,Unknown
vyohacxzoue32vvk.kfymbh.top,Unknown
vyohacxzoue32vvk.k9p80d.top,Unknown
vyohacxzoue32vvk.jwi2ek.bid,Unknown
vyohacxzoue32vvk.joco7r.top,Unknown
vyohacxzoue32vvk.jnv1df.top,Unknown
vyohacxzoue32vvk.jb4uh0.top,Unknown
vyohacxzoue32vvk.ibar8s.top,Unknown
vyohacxzoue32vvk.h2xun1.top,Unknown
vyohacxzoue32vvk.gjbmis.top,Unknown
vyohacxzoue32vvk.g7rst5.bid,Unknown
vyohacxzoue32vvk.fsly47.top,Unknown
vyohacxzoue32vvk.fp6fj6.top,Unknown
vyohacxzoue32vvk.ezb568.top,Unknown
vyohacxzoue32vvk.ewfp5y.bid,Unknown
vyohacxzoue32vvk.ean5e7.top,Unknown
vyohacxzoue32vvk.dks71o.bid,Unknown
vyohacxzoue32vvk.dgjpgy.top,Unknown
vyohacxzoue32vvk.d7h6yx.top,Unknown
vyohacxzoue32vvk.cp3yme.top,Unknown
vyohacxzoue32vvk.chnbyl.bid,Unknown
vyohacxzoue32vvk.c8jxpp.top,Unknown
vyohacxzoue32vvk.c4cwr4.bid,Unknown
vyohacxzoue32vvk.b14kkk.bid,Unknown
vyohacxzoue32vvk.axu3u8.bid,Unknown
vyohacxzoue32vvk.ac7zvz.top,Unknown
vyohacxzoue32vvk.8g1k17.bid,Unknown
vyohacxzoue32vvk.7m7ujm.bid,Unknown
vyohacxzoue32vvk.7jrv53.bid,Unknown
vyohacxzoue32vvk.7a07br.bid,Unknown
vyohacxzoue32vvk.79j8fm.top,Unknown
vyohacxzoue32vvk.6wkz70.bid,Unknown
vyohacxzoue32vvk.5s96fr.top,Unknown
vyohacxzoue32vvk.5m2n7x.top,Unknown
vyohacxzoue32vvk.5i0ukv.bid,Unknown
vyohacxzoue32vvk.5a5vmh.top,Unknown
vyohacxzoue32vvk.3t3hyf.top,Unknown
vyohacxzoue32vvk.3peyo3.bid,Unknown
vyohacxzoue32vvk.3m370u.top,Unknown
vyohacxzoue32vvk.3buvlc.bid,Unknown
vyohacxzoue32vvk.34o9h1.bid,Unknown
vyohacxzoue32vvk.2hr4fs.top,Unknown
vyohacxzoue32vvk.23fvxw.bid,Unknown
vyohacxzoue32vvk.1m47ka.bid,Unknown
vyohacxzoue32vvk.0vtwzy.top,Unknown
vyohacxzoue32vvk.0ot7em.bid,Unknown
vyohacxzoue32vvk.0ayn1s.top,Unknown
vy.nmgjiaoyu.cn,Unknown
vxy2479m.wangwangwang.info,Unknown
vxmo.valyzo.us,Unknown
vxkl.saqibsiddiqui.com,Unknown
vxhft.saqibsiddiqui.com,Unknown
vx85czcixb.byggrakt.se,Unknown
vx.zedz.net,Unknown
vwxwhbsqh0a4fg2mbhuf.maherstcottage.com.au,Unknown
vwxwhbsqh0a4fg2mbhuf.littlematchagirl.com.au,Unknown
vww.gytconitnental.peritmarkjohn.com,Unknown
vwpvbses.lnkredirect.com,Unknown
vvww.vlabcip.pw,Unknown
vvvvvv.paypaiaccount.org.agcamera.com,Unknown
vvrhhhnaijyj6s2m.onion.casa,Unknown
vverisoase.yah0o0.fr,Unknown
vuotngfh.leiquan.me,Unknown
vty2blicem.amarautotech.com,Unknown
vtube.gr8mob.tk,Unknown
vsport.playmediacenter.com,Unknown
vse.coconutbabies.com,Unknown
vsb.reveance.nl,Unknown
vrympoqs5ra34nfo.torhelper.pl,Unknown
vrympoqs5ra34nfo.smartbus.at,Unknown
vrympoqs5ra34nfo.bigclear.at,Unknown
vrympoqs5ra34nfo.bigbird.at,Unknown
vrvis6ndra5jeggj.onlinebattlefield.ch,Unknown
vrvis6ndra5jeggj.livewargaming.ch,Unknown
vrvis6ndra5jeggj.livegaming.ch,Unknown
vrot.stervapoimenialena.info,Unknown
vqsljgqfy6.rsvcjfaodw.madpendesign.com.au,Unknown
vps021.vserver4free.de,Unknown
vps020.vserver4free.de,Unknown
vps019.vserver4free.de,Unknown
vps018.vserver4free.de,Unknown
vps017.vserver4free.de,Unknown
vps015.vserver4free.de,Unknown
vps014.vserver4free.de,Unknown
vps013.vserver4free.de,Unknown
vps012.vserver4free.de,Unknown
vps011.vserver4free.de,Unknown
vps010.vserver4free.de,Unknown
vps009.vserver4free.de,Unknown
vps008.vserver4free.de,Unknown
vps007.vserver4free.de,Unknown
vps006.vserver4free.de,Unknown
vps005.vserver4free.de,Unknown
vps004.vserver4free.de,Unknown
vps003.vserver4free.de,Unknown
vps002.vserver4free.de,Unknown
vps001.vserver4free.de,Unknown
vps.deheus.co,Unknown
vpn.yuantuo666.top,Unknown
vpn.mm523.net,Unknown
vpn.manyapps.ga,Unknown
vpaycffb.homelandresilience.com,Unknown
vpa4nzyfiwxrf7bg21iz.viomil.ro,Unknown
voyeurism.flashticketswf.xyz,Unknown
voyage.kpym.fr,Unknown
vova.artyomovitch.mysit.ru,Unknown
vopdoppler.webfutura.eu,Unknown
volvo.federalauto.com.my,Unknown
volupia.taineoliveira.com,Unknown
volkswagenporschememphistn.gossettvwporsche.com,Unknown
voidale-void.viralgalleries.me,Unknown
voida.co.zw,Unknown
voicecall.mainpean.de,Unknown
voh2in67mks5uygu.tor2web.ml,Unknown
voh2in67mks5uygu.tor2web.ga,Unknown
vod.dgcaili.com,Unknown
vo.mecmart.com.my,Unknown
vnu.eu-adcenter.net,Unknown
vn.vnhax.com,Unknown
vm.connect.payment.comcast.net.winit.mv,Unknown
vltrtrja.mi-website.es,Unknown
vlc.foutrirewio.com,Unknown
vlc.foramuinareqy.com,Unknown
vlc.flosadireflis.com,Unknown
vk8hhc7ujs.castlemedicolegal.com,Unknown
vk.serulom.tk,Unknown
vk.myago.tk,Unknown
vk.com.giftsfree.ru,Unknown
vjro.biacap.com,Unknown
vjp46.sa099.com,Unknown
vjgjvxd.forgottenfolk.tk,Unknown
viwomaloq.easyfreehosting.com,Unknown
vivre-la-fleur.decoration-guadeloupe.info,Unknown
vivilab.bayrim.com,Unknown
vividstudiosatl.com.dannyprice.com,Unknown
vitiligo.healthytw.com,Unknown
vitha.csheaven.com,Unknown
vitaly.agricolacolhue.cl,Unknown
vistas.parismountain.net,Unknown
vista.travelexmaroc.com,Unknown
visitcounter.motoresygeneradores.com,Unknown
visit.homepagle.com,Unknown
visa.secure.card.lufkinmoving.com,Unknown
virusdetection.com-one.net,Unknown
virus.verified-offers.com,Unknown
virus.mykeenetic.kz,Unknown
virtualtxt-voicemail.sezginoto.com,Unknown
virtual.solistek.net,Unknown
virkamiehistyvss.5397longshadow.com,Unknown
virginmobile.cryptosantim.com,Unknown
virginie.exstyle.fr,Unknown
virb.videoresourse.com,Unknown
viralgags1.viralgalleries.me,Unknown
vip1.wwrj.com,Unknown
vip1.365ds.cn,Unknown
vip.lonyw.com,Unknown
vip.kuanzheng.com,Unknown
vip.hm555.net,Unknown
vip.gg55.com,Unknown
vip.dns-vip.net,Unknown
vinlotteri.jenszackrisson.se,Unknown
vincitori.italia.nothing-impossible.com,Unknown
villaggio.airwave.at,Unknown
villa.villamaremma.it,Unknown
vikcg.igg.biz,Unknown
vigrxplus.product-truths.com,Unknown
vifs.traveltravet.cn,Unknown
view.protect.docxls.arabiantentuae.com,Unknown
view.bmt.city,Unknown
view-doc.thaiengine.com,Unknown
vieclam.f5mobile.vn,Unknown
vidz.abandonwarehouse.com,Unknown
videoserver.rtohdtv.com,Unknown
videos73.chica-web.es,Unknown
videos.shalomtv.com,Unknown
videos.lamaghrebine.com,Unknown
videomenorcom.sitebr.net,Unknown
video.yingv.cn,Unknown
video.s2sddl.com,Unknown
video.rb-webdev.de,Unknown
video.apartmentvacationsitaly.com,Unknown
vidabeliza.via-spiritus.com,Unknown
victoria.eg-dobrich.com,Unknown
victor.connectcloud.ch,Unknown
viasbcpzonasegura.wc-line.com,Unknown
via.diminishedvaluealabama.com,Unknown
vi.onesystemhost.net,Unknown
vhnr8.sa082.com,Unknown
vg-vg.snprobbx.pbz.r.de.a2ip.ru,Unknown
vfhgdygm.lylguys.me,Unknown
vf7.soundsecureredir.com,Unknown
vexbit.igg.biz,Unknown
vewrb.italisumo.at,Unknown
vetri.skillji.com,Unknown
veterans-cms.pvbproperties.com.ph,Unknown
veterans-cms.purplebug.net,Unknown
vesennie-kanikuly.computeria.ru,Unknown
veryhuo.down.123ch.cn,Unknown
versionsupport.mysafeplace4content.win,Unknown
versionlast.yourbetterandreliable4update.win,Unknown
versionlast.yourbetterandreliable4update.stream,Unknown
versionlast.yourbetterandreliable4update.bid,Unknown
versionlast.yourbetterandreliable2upgrading.stream,Unknown
versionlast.videosearchingforupdates.review,Unknown
versionlast.therestoftoupdating.stream,Unknown
versionlast.therestoftoupdate.bid,Unknown
versionlast.thebigandalwaysfree4updates.win,Unknown
versionlast.thebigandalwaysfree4updates.download,Unknown
versionlast.thebetterandreliableupdating.win,Unknown
versi1.vst-production.com,Unknown
verlagerten.dodgeram.parts,Unknown
verifyme.kitaghana.org,Unknown
verifyappleid.validation-apple.co.uk,Unknown
verify.verrify-my-acount-now.com,Unknown
verify.pncbanks.org,Unknown
verify.payappconfirmation.com,Unknown
verify.myaccount.wallet.iatxmjzqhibe81zbfzzy7nidicadefnaleaa46cq6nxackdbwrrfd2z.crownoption.com,Unknown
verify.mediumpromos.top,Unknown
verify.lestudiolum.net,Unknown
verify.ethereumnow.top,Unknown
verify.clickopia.com,Unknown
verify-page.fbnotification-inc.com,Unknown
verify-identity.usawf.credit,Unknown
verify-identity.accountid-summaryverification.com,Unknown
verify-id-apple.com.6b4d41f89.pw,Unknown
verify-account-customer.amm-ku.com,Unknown
verifikacii22.fanpage112.ga,Unknown
verified.capitalone.com.login.mad105.mccdgm.net,Unknown
verification.qmj102.com,Unknown
verification.prima2.cf,Unknown
verification.priceporter.com,Unknown
verification.peypal.com.meyershouses.co.uk,Unknown
verification.liscat.ru,Unknown
verification.fanspageaccountsupport.com,Unknown
verification.account-reminder.solved-id.cf,Unknown
verification-requested.charlycarlos.com,Unknown
verification-impots.gzero.com.mx,Unknown
verification-capitalone.com.planetfur.net,Unknown
verificasih11.f4npage-confr1m.gq,Unknown
verifi77.register-aacunt21.ml,Unknown
verifed.account.bankingofamerica.secure.reinomusical.com,Unknown
verewolf.alias.pl,Unknown
veracity.jeffkwong.com,Unknown
vera.alephnil.net,Unknown
venusadara-chaturbate.sexesporn.com,Unknown
ventricuncut.nfcfhosting.com,Unknown
venets.gluschenkoizdat.ru,Unknown
venenolabs.activo.in,Unknown
vendor1.fitschigogerl.com,Unknown
vegostoko.spaappointments.biz,Unknown
veevu.tourstogo.us,Unknown
vedofocemubukukenor.fnsbilgm.com,Unknown
vectortech.i.ng,Unknown
vdyafbsyy5.bradul.creatory.org,Unknown
vdula.czystykod.pl,Unknown
vdb0n.bzbnn.cn,Unknown
vda.a135.net,Unknown
vcs3pzysrk75b5ime64j.alfacomercial.com.br,Unknown
vc5xu3kmepes87a1jaos.maherstcottage.com.au,Unknown
vbuqgoi.1free.ws,Unknown
vbtdc.saqibsiddiqui.com,Unknown
vblaw.exsite.info,Unknown
vb.icdrama.se,Unknown
vardakis.smoothdigital.biz,Unknown
vantasselworkshop.borsawallace2010.com,Unknown
vanguard.online.com.szerelvenybolt.us,Unknown
vandread.flashticketswf.xyz,Unknown
valyn.aerisnet.eu,Unknown
valmont.ucgalleries.com,Unknown
validation.faceboqk.co,Unknown
validate.id.appiestores.com,Unknown
valdmir.noriysha.ru,Unknown
vaippaandedicators.reducemycard.com,Unknown
vacicorpus.ye.vc,Unknown
v9.monerov8.com,Unknown
v8fb.sa031.com,Unknown
v8395ogcnwvzycxmbxt8.maherstcottage.com.au,Unknown
v4.ak1ba.pro,Unknown
v2.sky.06dwnld.com.platwo.com,Unknown
v2.buydiamond.hk,Unknown
v1tj.jiguangie.com,Unknown
v1.yekfhsh.ru,Unknown
v1.xiaolinzi.com,Unknown
v1.rykacfb.ru,Unknown
v04ljl.sa082.com,Unknown
v0022p.sa023.com,Unknown
v.zeroredirect.com,Unknown
v.ooobox.com,Unknown
v.movad.de,Unknown
v.demblickfine.com,Unknown
v.areyousafeonline.com,Unknown
v.apk.sxjyzsgs.cn,Unknown
v.apk.fzsjcy.cn,Unknown
v-timer01.igg.biz,Unknown
uzqit.saqibsiddiqui.com,Unknown
uyencometics.bmt.city,Unknown
uycqawua.applekid.cn,Unknown
uxz.didiwl.com,Unknown
uxconfbb.labbs.com.br,Unknown
uwmrhnce2i.centde.com,Unknown
uvurkhangai-aimag.barilga.com,Unknown
uuy.dmiaindia.com,Unknown
uuu.job391.com,Unknown
uutiset.helppokoti.fi,Unknown
uunion.down.9apps.com,Unknown
utorrent.foaweredimas.com,Unknown
utorrent.fkiloredibo.com,Unknown
utorrent.ficgluretidas.com,Unknown
utorrent.fdatiroremyxo.com,Unknown
utorrent.descargar.es,Unknown
utodl.gislayer.ir,Unknown
utm.trk.popularscreensavers.com,Unknown
utm.popularscreensavers.com,Unknown
utils.screwloose.com.au,Unknown
utils.errorsafe.com,Unknown
utilisateurs-performances.gotgeeks.com,Unknown
util.filetoong.com,Unknown
util.filedori.net,Unknown
util.bitaminbox.com,Unknown
ut.nonpur.at,Unknown
ut.imm-ltt.gq,Unknown
usxe5eqstjo3dhyeforo.viomil.ro,Unknown
uspool.softopia.site,Unknown
using.ipv6.la,Unknown
usersessionadctivetokenguartedgrantedversionrenewbrowser0319.oxmomrzatami.com,Unknown
users.effectivebrand.com,Unknown
user85926.7ci.ru,Unknown
user80726.7ci.ru,Unknown
user80206.7ci.ru,Unknown
user80091.7ci.ru,Unknown
user80053.7ci.ru,Unknown
user77239.7ci.ru,Unknown
user.xiangyunvps.net,Unknown
user.steamcomunity.de,Unknown
user.fileserver.co.kr,Unknown
use.aladdin-iulius.com,Unknown
usanews.viralgalleries.me,Unknown
usaa.usaa.com-inet-entctjsp.min.sen.zulba.com,Unknown
usaa.logon.cec.com.pk,Unknown
usaa.com.signon.inet.ent.logon.784999432.logon.85868io.pasvro.net,Unknown
usaa.com.payment.secure.manicreations.in,Unknown
usaa.com.inet.entlogon.logon.redirectjsp.true.details.refererident.multilaundry.com.au,Unknown
usaa.com.inet.entlogon.logon.redirectjsp.true.details.refererident.906ce097206.keystoneinteriors.com.au,Unknown
usaa.com.inet.ent.logon.logon.redirectjsp.true.registrationaprofile.estatement.myaccountsregistration.vesplast.com,Unknown
usaa.com.inet.ent.logon.logon.redirectedfromlogoff.truemain.warefpub.globalproducts.priauth.nav.studentsuccess.com.au,Unknown
usaa.com-sec-inet-auth-logon-ent-logon-logon-redirectjsprop.youlebeatty.com.au,Unknown
usaa.com-sec-inet-auth-logon-ent-logon-logon-redirectjsp.chrischadwick.com.au,Unknown
usaa.com-inet-truememberent-iscaddetour.newchapterpsychology.com.au,Unknown
usaa.com-inet-truememberent-iscaddetour.nationalsecurityforce.com.au,Unknown
usaa.com-inet-truememberent-iscaddetour.myproofs.com.au,Unknown
usaa.com-inet-truememberent-iscaddetour.horvat-htz.hr,Unknown
usaa.com-inet-truememberent-iscaddetour.balicomp.co.id,Unknown
usaa.com-inet-truememberent-iscaddetour.allwinexports.in,Unknown
usaa.com-inet-truememberent-iscaddetour-start.hydeplumb.com.au,Unknown
usaa.com-inet-truememberent-iscaddetour-start-usaa.pacplus.net.au,Unknown
usaa.com-inet-truememberent-iscaddetour-start-auth-home.navarnahairartistry.com.au,Unknown
usaa.com-inet-truememberent-iscaddetour-secured.frank4life.co.za,Unknown
usaa.com-inet-truememberent-iscaddetour-secured-safe.jayedahmed.com,Unknown
usaa.com-inet-truememberent-iscaddetour-savings.gtimarketing.co.za,Unknown
usaa.com-inet-truememberent-iscaddetour-savings.aegisskills.com,Unknown
usaa.com-inet-truememberent-iscaddetou.izedi.com,Unknown
usaa.com-inet-true-auth-secured-checking-home.ozinta.com.au,Unknown
usaa.com-inet-true-auth-secured-checking-home-savings.izedi.com,Unknown
usaa.com-inet-pages-security-take-steps-protect-logon.evenheatcatering.com.au,Unknown
usaa-support.n8creative.com,Unknown
usa.quebec-lea.com,Unknown
usa.kuai-go.com,Unknown
us.y6f4.date,Unknown
us.www.sabela.com,Unknown
us.tvuim.pw,Unknown
us.plagiarizing766fj.pw,Unknown
us.kctctour.com,Unknown
us.goofull.com,Unknown
us.dekagram338vk.icu,Unknown
us.cloudanalyzinsoft.com,Unknown
us.boosysmart.com,Unknown
us.battle.net.support-blizzard.com,Unknown
us.battle.net.login.login.xml.account.support.html.pets-password.xyz,Unknown
us.battle.net.login.login.xml.account.support.html.entertainment-legion.xyz,Unknown
us.battle.net.login.login.xml.account.support.html.blizzard-settings.xyz,Unknown
us.battle.net.login.login.xml.account.password-verify.html.logln-game.top,Unknown
us.battle.net.gm-blizzard.com,Unknown
us.battle.net.b-wow.com,Unknown
urzad.skarbowy.online,Unknown
urta.karabura.ru,Unknown
urm.lxsystems.com,Unknown
urlsso.anbtr.com,Unknown
urls.gorean.biz,Unknown
url9823.ville.labrecque.qc.ca,Unknown
url.xaskm.com,Unknown
url.tudown.com,Unknown
url.sso.anbtr.com,Unknown
url.onlinepaydayadvance8p.com,Unknown
url.nszmz.com,Unknown
url.9xiazaiqi.com,Unknown
url.246546.com,Unknown
url.222bz.com,Unknown
urbibfvy.yuhong.me,Unknown
urbanpolicylab.milanoschool.org,Unknown
ur5ecpdxy8.kbmindia.com,Unknown
ur-vy.snprobbx.pbz.r.de.a2ip.ru,Unknown
uqwtlg.igg.biz,Unknown
uqplcbod.leiquan.me,Unknown
upstart.88vid.com,Unknown
upsoj.iptvdeals.com,Unknown
ups-parcel.1n1talk.net,Unknown
uppdf.mmbangshou.net,Unknown
uponor.otistores.com,Unknown
upnowtime.yourgreatsite-findlinknew.icu,Unknown
upnowtime.howtoupdate165321.top,Unknown
upnow2app.yourbettercontentsbuddy.review,Unknown
upnow2app.yourbettercontentbuddy.review,Unknown
upnow2app.thebestperformacespotforyourpcmacnow.trade,Unknown
upnow2app.thebestperformacespotforyourpcmacalways.trade,Unknown
upnow2app.thebestperformacespotforyourpcmacalways.download,Unknown
upnow2app.entersearch2upgradesall.bid,Unknown
upnow2app.entersearch2upgradeall.download,Unknown
upnow.updatenewversionsafesystemsetnow.pw,Unknown
upnow.thebigandsaferforupgrading.win,Unknown
upnow.thebigandsaferforupgrading.stream,Unknown
upnow.thebigandsaferforupgrading.download,Unknown
upnow.thebigandsaferforupgrades.win,Unknown
upnow.thebigandsaferforupgrades.stream,Unknown
upnow.thebigandsaferforupgrade.bid,Unknown
upnow.thebestperformacespotforyourpcmacalways.trade,Unknown
upnow.thebestperformacespotforyourpcmacalways.download,Unknown
upnow.fabandamazingcontent4youthisweek.bid,Unknown
uploads.shanatan.moe,Unknown
uploads.180solutions.com,Unknown
uploadmiller.miller-media.at,Unknown
upload.tmcaster.com,Unknown
upload.coitien.net,Unknown
upload.9935.org,Unknown
upgw.3333shop.com,Unknown
upgradeserver.support-customer.ml,Unknown
upgrader.yourbetterandreliabletoupdates.stream,Unknown
upgrader.yourbetterandreliabletoupdate.stream,Unknown
upgrader.macbestplayer.review,Unknown
upgrader.getgreatandsecurecontentstable.icu,Unknown
upgrader.getgreatandsecurecontentsstable.icu,Unknown
upgrader.getgreatandsecurecontentsfree.icu,Unknown
upgrader.getgreatandsecurecontents.icu,Unknown
upgrader.getgreatandsecurecontentingstable.icu,Unknown
upgrader.getgreatandsecurecontenting.icu,Unknown
upgrader.getgreatandsecurecontentfree.icu,Unknown
upgradepc.finestandbetterupdates.pw,Unknown
upgradenow24.yourupgradeawesomehousesafecontent.icu,Unknown
upgradenow24.yourupgradeawesome-housesafecontent.icu,Unknown
upgradenow24.yourupgradeawesome-housenowcontent.icu,Unknown
upgradenow24.thebestsite4contentsite.icu,Unknown
upgradenow24.mysafeplaceforcontents.win,Unknown
upgradenow24.mysafeplaceforcontents.trade,Unknown
upgradenow24.mysafeplaceforcontents.stream,Unknown
upgradenow24.mysafeplaceforcontents.review,Unknown
upgradenow24.mysafeplaceforcontents.download,Unknown
upgradenow24.mysafeplaceforcontent.win,Unknown
upgradenow24.mysafeplaceforcontent.trade,Unknown
upgradenow24.mysafeplaceforcontent.stream,Unknown
upgradenow24.mysafeplaceforcontent.review,Unknown
upgradenow24.mysafeplaceforcontent.download,Unknown
upgradenow24.mysafeplaceforcontent.date,Unknown
upgradenow24.mysafeplace4contents.stream,Unknown
upgradenow24.mysafeplace4contents.download,Unknown
upgradenow24.mysafeplace4content.stream,Unknown
upgradenow24.mysafeplace4content.review,Unknown
upgradenow24.mysafeplace4content.bid,Unknown
upgradenow24.groupsofservice-contentgood.bid,Unknown
upgradenow24.goodwaytoget-software.win,Unknown
upgradenow24.goodwaytoget-software.review,Unknown
upgradenow24.cheapalternativeformorestreamingoptions.date,Unknown
upgradenote.thealways4aptituding.win,Unknown
upgradenote.thealways4aptituding.review,Unknown
upgradenote.thealways4aptitudes.review,Unknown
upgradenote.searchmacandpc2updates.stream,Unknown
upgradenote.searchmacandpc2update.win,Unknown
upgradenote.searchmacandpc2update.review,Unknown
upgradenote.fastandgrearforupgradecontenting.icu,Unknown
upgradenote.enterbestforupdating.win,Unknown
upgradenote.enterbestforupdating.bid,Unknown
upgradenote.checkupdateslive.net,Unknown
upgradelive.thefree2getcontentnew.icu,Unknown
upgradelive.thebigandsaferforupgrading.bid,Unknown
upgradelive.nowuptimereadyandsetgo.bid,Unknown
upgradelive.nowupreadyandsetgo.top,Unknown
upgradelive.friendlysystemforupgrades.review,Unknown
upgradelive.friendlysystemforupgrade.stream,Unknown
upgradelive.freeofchargeapps.trade,Unknown
upgradelive.freeofchargeapp.download,Unknown
upgradelive.entersearch2upgrading.stream,Unknown
upgradelive.entersearch2upgrading.bid,Unknown
upgradelive.entersearch2upgrade.stream,Unknown
upgradelive.entersearch2upgrade.review,Unknown
upgradeinstall24.timetogetupdating.icu,Unknown
upgradeinstall24.thetrustedcentral-forcontentgreat.review,Unknown
upgradeinstall24.thelinktogetupdates.host,Unknown
upgradeinstall24.freeandsecurecontent.icu,Unknown
upgradeinstall.themainplacetogetgoodcontentnow.date,Unknown
upgradeinstall.themainplacetogetgoodcontent.stream,Unknown
upgradeinstall.themainplacetogetgoodcontent.review,Unknown
upgradeinstall.themainplacetogetgoodcontent.download,Unknown
upgradeinstall.themainplacetogetgoodcontent.bid,Unknown
upgradeinstall.checkupgrade24safesystemset4now.club,Unknown
upgradeget.thebetterandreliableupdates.win,Unknown
upgradeget.thebestsite4contentsite.icu,Unknown
upgradeget.bettersiteforcontentsite.icu,Unknown
upgradecircle.thegreatesthighworking4systems.bid,Unknown
upgradecircle.thegreatesthighworking4system.stream,Unknown
upgradecircle.thegreatesthighworking-4systems.bid,Unknown
upgradecircle.thebestofupgrading.stream,Unknown
upgradecircle.thebestofupgrades.win,Unknown
upgradecircle.thebestofupgrades.stream,Unknown
upgradecircle.thebestofupgrades.download,Unknown
upgradecircle.thebestofupgrades.bid,Unknown
upgradecircle.thebestofupgrade.bid,Unknown
upgradecircle.goodwayosforcontents.icu,Unknown
upgradecircle.goodthewayoscontents.icu,Unknown
upgradecheck12.yourultimatefreeupgrading.icu,Unknown
upgradecheck12.yourbetterandreliabletoupdating.stream,Unknown
upgradecheck12.yourbetterandreliabletoupdating.download,Unknown
upgradecheck12.yourbetterandreliabletoupdate.download,Unknown
upgradecheck12.theultimatefreeupgrading.icu,Unknown
upgradecheck12.stablesite2clickupgradenew.icu,Unknown
upgradecheck12.stablesite2clickupgradenew.club,Unknown
upgradecheck12.stablesite2clickupgradefree.icu,Unknown
upgradecheck12.safe4searching.stream,Unknown
upgradecheck12.safe4searching.review,Unknown
upgradecheck12.safe4searches.stream,Unknown
upgradecheck12.safe4searches.review,Unknown
upgradecheck12.safe4search.stream,Unknown
upgradecheck12.morecheaplinkexchangeperformance.download,Unknown
upgradecheck12.bestcenter2updatesoftsafe.review,Unknown
upgradecheck12.apptraffic2updates.win,Unknown
upgrade4life.videoappsetupgrading.win,Unknown
upgrade4life.videoappsetupgrade.download,Unknown
upgrade4life.safedownloadmacandwin.bid,Unknown
upgrade4life.goodwaytoget-software.win,Unknown
upgrade4life.goodone2systemforcontentsafereliable.net,Unknown
upgrade4life.fastandgrearforupgradecontentingnew.icu,Unknown
upgrade4life.fastandgrearforupgradecontenting.icu,Unknown
upgrade12check.thegreatesthighworking4systems.win,Unknown
upgrade12check.thegreatesthighworking4systems.date,Unknown
upgrade12check.thegreatesthighworking4system.win,Unknown
upgrade12check.thegreatesthighworking4system.bid,Unknown
upgrade12check.thegreatesthighworking-4systems.bid,Unknown
upgrade12check.thegreatesthighworking-4system.bid,Unknown
upgrade12check.stableserviceforupdates.icu,Unknown
upgrade12check.stableserviceforupdate.icu,Unknown
upgrade12check.bigupdatesforeveryone.icu,Unknown
upgrade12check.bigupdatesforall.icu,Unknown
upgrade12check.bigupdates4all.icu,Unknown
upgrade12check.bigupdateforeveryone.icu,Unknown
upgrade12check.bigupdateforall.icu,Unknown
upgrade12check.bigupdate4everyone.icu,Unknown
upgrade12check.bigupdate4all.icu,Unknown
upgrade.xaircraft.cn,Unknown
upgrade.timetogetupdates.icu,Unknown
upgrade.thealways4aptituding.win,Unknown
upgrade.thealways4aptituding.review,Unknown
upgrade.thealways4aptitude.stream,Unknown
upgrade.thealways4aptitude.bid,Unknown
upgrade.taobaibian.com,Unknown
upgrade.tabquery.com,Unknown
upgrade.shihuizhu.net,Unknown
upgrade.resulturl.com,Unknown
upgrade.resultbar.com,Unknown
upgrade.questscantwo.com,Unknown
upgrade.questbasicone.com,Unknown
upgrade.prepare2upvideosafesystem4setnow.pw,Unknown
upgrade.newdotnet.net,Unknown
upgrade.browserseek.com,Unknown
upgrade.biggerandlongerforupdates.stream,Unknown
upgrade.biggerandlongerforupdates.bid,Unknown
upgrade.biggerandlongerforupdate.win,Unknown
upgrade.bardiscover.com,Unknown
upgrade.account.details.ihelpdatappl.cazamance.com,Unknown
upgrade-hn.7654.com,Unknown
upgrad.flowmon.top,Unknown
upgd.ondomroad.com,Unknown
updt-secure-alert.rccgcanada.org,Unknown
updddha.dhlercodhl.tk,Unknown
updatservice.serveradminmanagment.com,Unknown
updateyouraccount.pagarbetonwillcon.com,Unknown
updatesoftware.yourgreatsite-findlinknow.icu,Unknown
updatesoftware.yourgreatsite-findlinknew.icu,Unknown
updatesoftware.yourgreatsite-findlinkfree.icu,Unknown
updatesoftware.yourfreesearch2upgrades.win,Unknown
updatesoftware.yourfreesearch2upgrades.review,Unknown
updatesoftware.yourfreesearch2upgrade.review,Unknown
updatesoftware.yourfreesearch2upgrade.bid,Unknown
updatesoftware.topeasysofttoigetalwaysfree.website,Unknown
updatesoftware.neweasysofttoigetalwaysfree.website,Unknown
updatesoftware.greatestcontent4yourmachinetoday.stream,Unknown
updatesoftware.greatestcontent4yourmachinetoday.date,Unknown
updatesoftware.greatestcontent4yourmachinetoday.bid,Unknown
updatesoftware.greatestcontent4yourmachinethisweek.stream,Unknown
updatesoftware.greatestcontent4yourmachinethisweek.review,Unknown
updatesoftware.greatestcontent4yourmachinethisweek.date,Unknown
updatesoftware.greatestcontent4yourmachinethisweek.bid,Unknown
updatesoftware.greatestcontent4yourmachinethismonth.stream,Unknown
updatesoftware.greatestcontent4yourmachinethismonth.review,Unknown
updatesoftware.greatestcontent4yourmachinethismonth.date,Unknown
updatesoftware.greatestcontent4yourmachinethismonth.bid,Unknown
updatesoftware.greatestcontent4yourmachinenow.stream,Unknown
updatesoftware.greatestcontent4yourmachinenow.review,Unknown
updatesoftware.greatestcontent4yourmachinenow.date,Unknown
updatesoftware.greatestcontent4yourmachinenow.bid,Unknown
updatesoftware.greatestcontent4yourmachine.review,Unknown
updatesoftware.greatestcontent4yourmachine.bid,Unknown
updatesoftware.entersearch2upgradingall.stream,Unknown
updatesoftware.entersearch2upgradingall.bid,Unknown
updatesoftware.entersearch2upgradesall.win,Unknown
updatesoftware.entersearch2upgradesall.review,Unknown
updatesoftware.entersearch2upgradesall.bid,Unknown
updatesoftware.entersearch2upgradeall.review,Unknown
updatesoftware.bestadyoucanhavetodatenowalways.bid,Unknown
updatesoft.yourbestsourceoflinkreliable.icu,Unknown
updatesoft.yourbestsource4linkreliable.icu,Unknown
updatesjpmorgan.ajbaines.com,Unknown
updatesecureservices.uvprintersbd.com,Unknown
updates2.express-files.com,Unknown
updates2.express-downloader.com,Unknown
updates2.defaulttab.com,Unknown
updates.yourfiledownloader.com,Unknown
updates.utyuytjn.com,Unknown
updates.express-files.com,Unknown
updates.cryptrap.com,Unknown
updates.com.valleysbest.com,Unknown
updates.advert-network.com,Unknown
updates.adultprovide.com,Unknown
updater.inomiu.com,Unknown
updater.antaresflyff.com,Unknown
updatenewversion.yourtheperfectstableoscontents.icu,Unknown
updatenewversion.yourbestsourceofcontentfree.xyz,Unknown
updatenewversion.yourbestsourceforcontentfree.xyz,Unknown
updatenewversion.videoupdatelive.com,Unknown
updatenewversion.videoappsetupgrading.download,Unknown
updatenewversion.videoappsetupgrades.win,Unknown
updatenewversion.videoappsetupgrades.bid,Unknown
updatenewversion.videoappsetupgrade.bid,Unknown
updatenewversion.thebestofupdates.win,Unknown
updatenewversion.thebestofupdate.win,Unknown
updatenewversion.thebestofupdate.stream,Unknown
updatenewversion.thebestofupdate.download,Unknown
updatenewversion.perfectupdates4everyone.host,Unknown
updatenewversion.perfectupdates4all.host,Unknown
updatenewversion.perfectupdate4all.xyz,Unknown
updatenewversion.perfectupdate4all.host,Unknown
updatenewversion.nowuptime164543.bid,Unknown
updatenew.yoursafeandult2updating.stream,Unknown
updatenew.yoursafeandult2updates.win,Unknown
updatenew.yoursafeandult2updates.download,Unknown
updatenew.yoursafeandult2update.win,Unknown
updatenew.yoursafeandult2update.stream,Unknown
updatenew.yoursafeandult2update.download,Unknown
updatenew.thecentral2upgrading.stream,Unknown
updatenew.thecentral2upgrading.download,Unknown
updatenew.thecentral2upgrades.download,Unknown
updatenew.thecentral2upgrade.trade,Unknown
updatenew.thecentral2upgrade.review,Unknown
updatenew.offermediacenter-4content.review,Unknown
updatenew.goodwaytoupdating.stream,Unknown
updatenew.goodwaytoupdating.review,Unknown
updatenew.goodwaytoupdating.download,Unknown
updatenew.goodwaytoupdating.date,Unknown
updatenew.goodwaytoupdating.bid,Unknown
updatenew.goodwaytoupdates.trade,Unknown
updatenew.goodwaytoupdates.stream,Unknown
updatenew.goodwaytoupdates.download,Unknown
updatenew.goodwaytoupdates.date,Unknown
updatenew.goodwaytoupdates.bid,Unknown
updatenew.goodwaytoupdate.stream,Unknown
updatenew.goodwaytoupdate.review,Unknown
updatenew.goodwaytoupdate.date,Unknown
updatenew.goodwaytoupdate.bid,Unknown
updatenew.additionalsimplerotationofexternalcampaingmodifications.stream,Unknown
updatelive.programtechnica.com,Unknown
updatelive.all4upgradingyouwilleverneeds.stream,Unknown
updatelive.all4upgradeyouwilleverneeds.review,Unknown
updatelive.all4upgradeyouwilleverneeds.bid,Unknown
updatelive.all4upgradesyouwilleverneeds.stream,Unknown
updatelive.all4upgradesyouwilleverneeds.download,Unknown
updatelive.all4upgradesyouwilleverneeds.bid,Unknown
updateinfoholbsystempage-3070893index8929095009.madiludesigns.com,Unknown
updateinfo.ucoek.buys6zominu881mangoooiu.tk,Unknown
updateilnfo.ftnle.hhpjr3jrwfp2xhxyl.xyz,Unknown
updatehere.yourtheperfectstableoscontent.icu,Unknown
updatehere.yourperfectstableosforcontent.icu,Unknown
updatehere.yourbigandallfreetoupgrades.stream,Unknown
updatehere.yourbigandallfreetoupgrade.stream,Unknown
updatehere.themainplacesetnowcontentsnewsets.date,Unknown
updateflash.pb6xny.xyz,Unknown
updated.rbktechnology.ie,Unknown
updateauto.yourultimatefreeupgrading.icu,Unknown
updateauto.yourfreesearch2upgrades.bid,Unknown
updateauto.toupdatingwilleverneed.download,Unknown
updateauto.theultimatefreeupgradingnow.icu,Unknown
updateauto.theultimatefreeupgrading.icu,Unknown
updateauto.theultimatefreeupgradesnow.icu,Unknown
updateauto.thealwaysbigandsafeupdates.trade,Unknown
updateauto.thealwaysbetterupgradingbuddy.bid,Unknown
updateauto.softupdate1468239.top,Unknown
updateaccount.info.mpp.log.cpress.ok.loggin.cutomeportal.com,Unknown
update7.asreal3.com,Unknown
update6.saveserpnow.com,Unknown
update6.savegglserps.com,Unknown
update6.saveextnow.com,Unknown
update6.extsavenow.com,Unknown
update4soft.yourbestsite4contentplace.icu,Unknown
update4soft.greatestcontent4yourmachinetoday.stream,Unknown
update4soft.greatestcontent4yourmachinetoday.date,Unknown
update4soft.greatestcontent4yourmachinethisweek.stream,Unknown
update4soft.greatestcontent4yourmachinethismonth.stream,Unknown
update4soft.greatestcontent4yourmachinethismonth.date,Unknown
update4soft.greatestcontent4yourmachinenow.bid,Unknown
update4now.thebestofupdating.download,Unknown
update4now.greatestcontent4yourmachinetoday.date,Unknown
update4now.greatestcontent4yourmachinethisweek.stream,Unknown
update4now.greatestcontent4yourmachinethisweek.review,Unknown
update4now.greatestcontent4yourmachinethismonth.date,Unknown
update4now.funhubforupdate.xyz,Unknown
update4now.funhubfor-update.xyz,Unknown
update4now.edityourenteryourquestions4frequentcontentdistibution.win,Unknown
update32.searchmiracle.com,Unknown
update2now.thetime2getlinks.xyz,Unknown
update2now.softupdatereadysetandgo.download,Unknown
update2now.greatsitetofindcontentfree.icu,Unknown
update2now.greatsite2findcontentfree.icu,Unknown
update2now.greatestcontent4yourmachinetoday.review,Unknown
update2now.greatestcontent4yourmachinethismonth.stream,Unknown
update2now.friendlysystems2upgrade.download,Unknown
update2now.biggerandlongertoupdates.win,Unknown
update2now.biggerandlongertoupdate.download,Unknown
update2now.biggerandlongertoupdate.bid,Unknown
update2now.bestsiteforlinksitereal.icu,Unknown
update2new.thecentral2updating.stream,Unknown
update2new.thecentral2update.date,Unknown
update2new.thebestofupdating.stream,Unknown
update2new.biggerandlongerforupdates.bid,Unknown
update2new.biggerandlongerforupdate.stream,Unknown
update2check.yourultimatefreeupgrading.icu,Unknown
update2check.theultimatefreeupgrading.icu,Unknown
update2check.thebigsystemsforupdates.date,Unknown
update2check.stabletoupgrades.stream,Unknown
update2check.stabletoupgrades.review,Unknown
update2check.goodwayostocontents.icu,Unknown
update2check.goodwayosforcontents.icu,Unknown
update2check.friendlysystemforupgrading.download,Unknown
update2check.friendlysystemforupgrades.win,Unknown
update2check.friendlysystemforupgrade.review,Unknown
update2check.friendlysystemforupgrade.bid,Unknown
update2check.askupdate489416.bid,Unknown
update2.yourbetterandreliabletoupdates.win,Unknown
update2.yourbetterandreliabletoupdates.download,Unknown
update2.yourbetterandreliabletoupdates.bid,Unknown
update2.youppes.com,Unknown
update2.thesearchbesttoupgrading.date,Unknown
update2.thesearchbesttoupgrades.bid,Unknown
update2.thesearchbesttoupgrade.win,Unknown
update2.thesearchbesttoupgrade.bid,Unknown
update2.myppes.com,Unknown
update2.gwenrose.com,Unknown
update2.eliaho.com,Unknown
update001.usa3v.net,Unknown
update.zbs.su,Unknown
update.ytdownloader.com,Unknown
update.your.informations.falcondrycleaners.com,Unknown
update.your.information.paypal.com.111112232432543654657687908089786575634423424.mohe.lankapanel.biz,Unknown
update.yoprogramolatino.com,Unknown
update.yalian1000.com,Unknown
update.windowboanpatch.com,Unknown
update.wellsfargo.vote4miguel.com,Unknown
update.weknight.com,Unknown
update.vskaze.ru,Unknown
update.verify.comcast.asigurator.com,Unknown
update.vaccinehelper.co.kr,Unknown
update.uuyyzs.com,Unknown
update.ttliuliang.com,Unknown
update.tpay.co.kr,Unknown
update.totiteck.com,Unknown
update.theultimateandreadyforupdating.download,Unknown
update.theultimateandreadyforupdates.win,Unknown
update.thegreatandreliablewaysforcontent.icu,Unknown
update.thegreatandreliableways2content.icu,Unknown
update.thebettersourceof-content.bid,Unknown
update.suntrust.company.honeybadgersmarketing.com,Unknown
update.shopper-pro.com,Unknown
update.shashlyk-ryazan.ru,Unknown
update.searchmiracle.com,Unknown
update.rifugiopontese.it,Unknown
update.resulturl.com,Unknown
update.privdog.com,Unknown
update.powerofleveragehb.com,Unknown
update.pluscl.com,Unknown
update.pchomeserver.com,Unknown
update.paypal.account.actvty-updt-scre.com,Unknown
update.onescan.co.kr,Unknown
update.odeen.eu,Unknown
update.myppes.com,Unknown
update.my-idog.com,Unknown
update.mulandeonline.com.br,Unknown
update.msyncview.com,Unknown
update.lieyou.com,Unknown
update.leonardo.re,Unknown
update.l2low.uz,Unknown
update.jakecares.com,Unknown
update.irs.nswsoccer.com.au,Unknown
update.iaacstudio.com,Unknown
update.hoiucvl.com,Unknown
update.hancominc.com,Unknown
update.haimarj.com,Unknown
update.gwenrose.com,Unknown
update.fly321.com,Unknown
update.flowmon.top,Unknown
update.fengzigame.net,Unknown
update.feelbegin.com,Unknown
update.eliaho.com,Unknown
update.easykeytec.co.kr,Unknown
update.downloadnetworkhost.com,Unknown
update.downloadaccelerator.com,Unknown
update.deepsoftupdate.com,Unknown
update.css2.com,Unknown
update.com.webscrlcmdl.login.submit.dispatch.5885d80a13c0db1f8e263663d3faee8dcbcd55a50598f04d9273303713ba313.5885d80a25546546105,Unknown
update.com.webscrlcmdl.login.submit.dispatch.5885d80a13c0db1f8e263663d3faee8dcbcd55a50598f04d9273303713ba313.5885d80a2554654610,Unknown
update.cognitos.com.br,Unknown
update.champlus.co.kr,Unknown
update.ccount.shreeshishumandir.com,Unknown
update.bufiy.cn,Unknown
update.bestandmainlystable4contentinglast.icu,Unknown
update.autocleaner.co.kr,Unknown
update.apple.information.ciac.com.pe,Unknown
update.anysy.com,Unknown
update.android-system.icu,Unknown
update.android-now.icu,Unknown
update.acharnes-bdo.online,Unknown
update.88881234.pw,Unknown
update.7h4uk.com,Unknown
update.5e5e.net,Unknown
update.360antivirus.net,Unknown
update.2017.paypal.com.wcmb.ca,Unknown
update.123juzi.net,Unknown
update-your-account.unidadversusindependencia.es,Unknown
update-your-account-information.pedelectric.com.au,Unknown
update-usaa.com.usahabaru.web.id,Unknown
update-res.100public.com,Unknown
update-now-chase.com.usahabaru.web.id,Unknown
update-infored.jalotuvua.com,Unknown
update-availabel.ransfloating.net,Unknown
update-accounte.strikefighterconsultinginc.com,Unknown
update-account.mpp.log.pp.cgi.infos.deutch-de.com,Unknown
update-account.com.cgi-bin.webscr-cmd.login-submit-dispatch-5885d80a13c0db1f8e263663d3faele4j7.lybberty.com,Unknown
update-account.3dpotret.com,Unknown
update-account.2017-support.team.comerv0.webs0801cr-cm-lgint-id-l0gin-subpp1-login-login-yah.dgryapi.com,Unknown
update-account-payments.lawunioninsurance.com,Unknown
update-account-infos.mysepaducloud.com,Unknown
update-8nets.goldenacrespeachcompany.com,Unknown
upd.infoshare.co.kr,Unknown
upd.host-domain-lookup.com,Unknown
upd.ces-tn.com,Unknown
upalways.yourupgradeawesomehousesafecontent.icu,Unknown
upalways.yourupgradeawesomehousefreecontent.icu,Unknown
upalways.thegreatcentralsoftforcontentingnow.bid,Unknown
upalways.stablesite-clickupdatenow.icu,Unknown
upalways.stablesite-clickupdatenew.icu,Unknown
upalways.stablesite-clickupdate.icu,Unknown
upalways.getgreatandsecurecontentstable.icu,Unknown
upalways.getgreatandsecurecontentsfree.icu,Unknown
upalways.getgreatandsecurecontents.icu,Unknown
upalways.getgreatandsecurecontentingstable.icu,Unknown
upalways.getgreatandsecurecontentingfree.icu,Unknown
upalways.getgreatandsecurecontentfree.icu,Unknown
upalways.getgreatandsecurecontent.icu,Unknown
upalways.finestandmaximum-toupdatenewtoday.bid,Unknown
upalways.coolandmaximumsoft-upgradesyougetthisweek.review,Unknown
upalways.allthebestupdates.trade,Unknown
upalways.allthebestupdates.stream,Unknown
upalways.allthebestupdates.date,Unknown
upalways.allthebestupdate.trade,Unknown
upalways.allthebestupdate.review,Unknown
upalways.allthebestupdate.date,Unknown
upalways.allthebest-update.trade,Unknown
upalways.allthebest-update.review,Unknown
upalways.allthebest-update.download,Unknown
upalways.allthebest-update.date,Unknown
up2date.yoursecondbestplace-4content.trade,Unknown
up2date.yourbigandallfreetoupgrading.win,Unknown
up2date.yourbigandallfreetoupgrading.download,Unknown
up2date.yourbigandallfreetoupgrades.stream,Unknown
up2date.yourbigandallfreetoupgrade.stream,Unknown
up2date.yourbigandallfreetoupgrade.bid,Unknown
up2date.thebigandsaferupgrading.download,Unknown
up2date.thebigandsaferupgrading.bid,Unknown
up2date.thebigandsaferupgrades.download,Unknown
up2date.thealways2aptitudes.bid,Unknown
up2date.thealways2aptitude.bid,Unknown
up2date.bestmainlyreliable4contentsnow.icu,Unknown
up2date.bestmainlyreliable4contentnow.icu,Unknown
up2.vlhoiuc.com,Unknown
up100.indoor.in,Unknown
up1.ohnomono.com,Unknown
up.vipoem.com,Unknown
up.updateinstant.com,Unknown
up.shamoa.com,Unknown
up.pzchao.com,Unknown
up.onlinecheckweb.com,Unknown
up.holapota.com,Unknown
up.fall.lt,Unknown
up.checkernow.com,Unknown
uokwa.agesonest.com,Unknown
unsteadyken.sitegoz.com,Unknown
unscottify.magnetandmetal.com,Unknown
unrkv6rmay.centde.com,Unknown
unotijolos.eco.br,Unknown
unomagurasadar.gov.bd,Unknown
unocl45trpuoefft.zn9cme.bid,Unknown
unocl45trpuoefft.zjems2.bid,Unknown
unocl45trpuoefft.zgheyh.bid,Unknown
unocl45trpuoefft.zdamew.bid,Unknown
unocl45trpuoefft.zbj2kc.bid,Unknown
unocl45trpuoefft.yty0gm.bid,Unknown
unocl45trpuoefft.ytbyhs.bid,Unknown
unocl45trpuoefft.yky1uf.bid,Unknown
unocl45trpuoefft.ye4f7k.bid,Unknown
unocl45trpuoefft.y721yz.top,Unknown
unocl45trpuoefft.xlxd92.bid,Unknown
unocl45trpuoefft.xf38wp.bid,Unknown
unocl45trpuoefft.x9le66.top,Unknown
unocl45trpuoefft.x9kjcn.bid,Unknown
unocl45trpuoefft.wz139z.top,Unknown
unocl45trpuoefft.wlvxd6.bid,Unknown
unocl45trpuoefft.wl8t6k.bid,Unknown
unocl45trpuoefft.whmykv.bid,Unknown
unocl45trpuoefft.vlwbcz.bid,Unknown
unocl45trpuoefft.vkslju.bid,Unknown
unocl45trpuoefft.vkm4l6.top,Unknown
unocl45trpuoefft.vi5iko.bid,Unknown
unocl45trpuoefft.v50gtu.bid,Unknown
unocl45trpuoefft.v4kx51.bid,Unknown
unocl45trpuoefft.uwckha.top,Unknown
unocl45trpuoefft.uw3r6a.top,Unknown
unocl45trpuoefft.uso3z0.bid,Unknown
unocl45trpuoefft.uog1ky.bid,Unknown
unocl45trpuoefft.um1x6z.bid,Unknown
unocl45trpuoefft.ukwnvw.bid,Unknown
unocl45trpuoefft.uaol08.bid,Unknown
unocl45trpuoefft.u64rj2.top,Unknown
unocl45trpuoefft.ttabop.bid,Unknown
unocl45trpuoefft.thanreal.link,Unknown
unocl45trpuoefft.tfmmby.bid,Unknown
unocl45trpuoefft.tcly4s.bid,Unknown
unocl45trpuoefft.sp4o1t.bid,Unknown
unocl45trpuoefft.sirchi.bid,Unknown
unocl45trpuoefft.s7b63k.bid,Unknown
unocl45trpuoefft.rslh9a.top,Unknown
unocl45trpuoefft.rie9py.bid,Unknown
unocl45trpuoefft.rgbb50.bid,Unknown
unocl45trpuoefft.r2vai7.bid,Unknown
unocl45trpuoefft.r21wmw.top,Unknown
unocl45trpuoefft.ptneek.bid,Unknown
unocl45trpuoefft.piy4l3.bid,Unknown
unocl45trpuoefft.pbprju.bid,Unknown
unocl45trpuoefft.pap44w.top,Unknown
unocl45trpuoefft.p2ix1u.bid,Unknown
unocl45trpuoefft.p1gneb.bid,Unknown
unocl45trpuoefft.on2420.bid,Unknown
unocl45trpuoefft.og5ezh.top,Unknown
unocl45trpuoefft.o8hpwj.top,Unknown
unocl45trpuoefft.o2dval.top,Unknown
unocl45trpuoefft.nz6emv.bid,Unknown
unocl45trpuoefft.noyl9o.bid,Unknown
unocl45trpuoefft.na2iuz.bid,Unknown
unocl45trpuoefft.n41n1a.top,Unknown
unocl45trpuoefft.n20b1c.top,Unknown
unocl45trpuoefft.moonsides.faith,Unknown
unocl45trpuoefft.mezy7j.bid,Unknown
unocl45trpuoefft.metpast.date,Unknown
unocl45trpuoefft.meetsface.win,Unknown
unocl45trpuoefft.md9eyv.bid,Unknown
unocl45trpuoefft.mbwxyg.bid,Unknown
unocl45trpuoefft.m9a225.top,Unknown
unocl45trpuoefft.m33d4b.bid,Unknown
unocl45trpuoefft.m03t72.bid,Unknown
unocl45trpuoefft.lzskva.bid,Unknown
unocl45trpuoefft.ll3zot.bid,Unknown
unocl45trpuoefft.lk0bzc.top,Unknown
unocl45trpuoefft.lio2wr.bid,Unknown
unocl45trpuoefft.lcyznu.bid,Unknown
unocl45trpuoefft.larebg.bid,Unknown
unocl45trpuoefft.l97i5a.bid,Unknown
unocl45trpuoefft.l69xgc.bid,Unknown
unocl45trpuoefft.l05l27.top,Unknown
unocl45trpuoefft.kswcuk.top,Unknown
unocl45trpuoefft.ks3ghp.bid,Unknown
unocl45trpuoefft.knowhands.us,Unknown
unocl45trpuoefft.kml2o2.top,Unknown
unocl45trpuoefft.kg5bof.bid,Unknown
unocl45trpuoefft.kf1gxm.bid,Unknown
unocl45trpuoefft.k56185.top,Unknown
unocl45trpuoefft.jvrh8g.bid,Unknown
unocl45trpuoefft.jsotn5.top,Unknown
unocl45trpuoefft.jnd0bj.bid,Unknown
unocl45trpuoefft.jjogbj.top,Unknown
unocl45trpuoefft.jdf4je.bid,Unknown
unocl45trpuoefft.jcife9.bid,Unknown
unocl45trpuoefft.j8exy2.bid,Unknown
unocl45trpuoefft.j404oy.bid,Unknown
unocl45trpuoefft.j0cia7.bid,Unknown
unocl45trpuoefft.ilm071.bid,Unknown
unocl45trpuoefft.ii2yoh.bid,Unknown
unocl45trpuoefft.ih301a.bid,Unknown
unocl45trpuoefft.igrj6t.bid,Unknown
unocl45trpuoefft.igpfcu.bid,Unknown
unocl45trpuoefft.idw6s5.bid,Unknown
unocl45trpuoefft.ibngww.top,Unknown
unocl45trpuoefft.i561zy.bid,Unknown
unocl45trpuoefft.i1wcrl.bid,Unknown
unocl45trpuoefft.hyr1h3.bid,Unknown
unocl45trpuoefft.hynwbs.top,Unknown
unocl45trpuoefft.hur45z.bid,Unknown
unocl45trpuoefft.he81tz.bid,Unknown
unocl45trpuoefft.hawtzr.bid,Unknown
unocl45trpuoefft.givxuf.bid,Unknown
unocl45trpuoefft.gg4dgp.bid,Unknown
unocl45trpuoefft.frn62e.top,Unknown
unocl45trpuoefft.freshsdog.loan,Unknown
unocl45trpuoefft.f17bam.bid,Unknown
unocl45trpuoefft.eyohd2.top,Unknown
unocl45trpuoefft.ev6i0x.bid,Unknown
unocl45trpuoefft.eo6rzt.bid,Unknown
unocl45trpuoefft.emogew.bid,Unknown
unocl45trpuoefft.eloppu.bid,Unknown
unocl45trpuoefft.dyo7c9.top,Unknown
unocl45trpuoefft.dwkofh.top,Unknown
unocl45trpuoefft.czzg7f.bid,Unknown
unocl45trpuoefft.cypz3w.top,Unknown
unocl45trpuoefft.csv7o6.bid,Unknown
unocl45trpuoefft.cm5ohx.bid,Unknown
unocl45trpuoefft.ckw9fm.top,Unknown
unocl45trpuoefft.cifbp9.bid,Unknown
unocl45trpuoefft.ceikto.bid,Unknown
unocl45trpuoefft.c9kp0o.bid,Unknown
unocl45trpuoefft.c4issd.bid,Unknown
unocl45trpuoefft.c3fz3z.bid,Unknown
unocl45trpuoefft.bjahwh.bid,Unknown
unocl45trpuoefft.barzc4.bid,Unknown
unocl45trpuoefft.awspm2.top,Unknown
unocl45trpuoefft.at9gwv.bid,Unknown
unocl45trpuoefft.at593l.bid,Unknown
unocl45trpuoefft.ahhc36.top,Unknown
unocl45trpuoefft.ageshere.club,Unknown
unocl45trpuoefft.a4v4c3.bid,Unknown
unocl45trpuoefft.9u3iy1.top,Unknown
unocl45trpuoefft.9lx4s6.bid,Unknown
unocl45trpuoefft.9lnito.top,Unknown
unocl45trpuoefft.9bjnlk.bid,Unknown
unocl45trpuoefft.8uwckh.top,Unknown
unocl45trpuoefft.8kcfnk.bid,Unknown
unocl45trpuoefft.88wz5p.bid,Unknown
unocl45trpuoefft.7tooul.bid,Unknown
unocl45trpuoefft.7cevps.bid,Unknown
unocl45trpuoefft.791sd5.bid,Unknown
unocl45trpuoefft.78of7m.bid,Unknown
unocl45trpuoefft.75tdcj.bid,Unknown
unocl45trpuoefft.6w3rkc.bid,Unknown
unocl45trpuoefft.60c61d.bid,Unknown
unocl45trpuoefft.5v3uvc.bid,Unknown
unocl45trpuoefft.5o3euy.bid,Unknown
unocl45trpuoefft.54m2k3.bid,Unknown
unocl45trpuoefft.54drms.bid,Unknown
unocl45trpuoefft.4k98id.top,Unknown
unocl45trpuoefft.3n9lut.bid,Unknown
unocl45trpuoefft.36u6mp.bid,Unknown
unocl45trpuoefft.31wkhu.top,Unknown
unocl45trpuoefft.308an1.top,Unknown
unocl45trpuoefft.2y4t6f.bid,Unknown
unocl45trpuoefft.249isv.bid,Unknown
unocl45trpuoefft.1de02r.top,Unknown
unocl45trpuoefft.1cn41a.bid,Unknown
unocl45trpuoefft.18xhww.bid,Unknown
unocl45trpuoefft.0vgu64.top,Unknown
unocl45trpuoefft.0kousz.bid,Unknown
unocl45trpuoefft.086ux2.top,Unknown
unocl45trpuoefft.06j7o0.top,Unknown
unocl45trpuoefft.054t69.bid,Unknown
uno.wt-rotator.biz,Unknown
uno.smartcommerce21.com,Unknown
unlocker.ru.joydownload.com,Unknown
unlock.sms.code.confirm.wf-south.today,Unknown
unlock.debit.wfmobile.world,Unknown
unlimited.bestseedtodo.xyz,Unknown
unlimited-hub.nigerian.net,Unknown
unitedstates.rub.to,Unknown
unit8.test2.itembridge.com,Unknown
union2.3qqq.cn,Unknown
uninstallspyware.virusremovalguide.org,Unknown
unins.5b55.com,Unknown
unicef-int.karibuni.be,Unknown
uniblue.2zzz.ru,Unknown
uneal.endevmode.com,Unknown
undoupgrade24.videosearchingforupdate.win,Unknown
undoupgrade24.videosearchingforupdate.stream,Unknown
undoupgrade24.videosearchingforupdate.review,Unknown
undoupgrade24.fabandamazingcontent4youtoday.trade,Unknown
undoupgrade24.fabandamazingcontent4youtoday.date,Unknown
undoupgrade24.fabandamazingcontent4youthisweek.review,Unknown
undoupgrade24.fabandamazingcontent4youthisweek.date,Unknown
undoupgrade24.fabandamazingcontent4youthismonth.trade,Unknown
undoupgrade24.fabandamazingcontent4youthismonth.review,Unknown
undoupgrade24.fabandamazingcontent4youthismonth.date,Unknown
undoupgrade24.fabandamazingcontent4youthismonth.bid,Unknown
undoupgrade24.fabandamazingcontent4younow.trade,Unknown
undoupgrade24.fabandamazingcontent4younow.bid,Unknown
undoupgrade24.fabandamazingcontent4you.date,Unknown
undoupgrade24.fabandamazingcontent4you.bid,Unknown
under.igg.biz,Unknown
undefined.softigloo.com,Unknown
undefined.porn-mix.com,Unknown
undefined.down1oads.com,Unknown
unary.saqibsiddiqui.com,Unknown
un1.pureperformanceparts.com,Unknown
umwausmh.crestonhall.com,Unknown
umozliwiajacych.skylineinsulation.com,Unknown
ultra.violet.la,Unknown
ultima.smoce.net,Unknown
ulpseekm.socialimbizo.info,Unknown
ulhkrcie99909193.dy3-nobody.com,Unknown
ulhkrcie94481906.dy3-nobody.com,Unknown
ukugl.tourstogo.us,Unknown
uket5rhai9wuxn5xhfvm.littlematchagirl.com.au,Unknown
uk2.imdb.org,Unknown
uk.www.sabela.com,Unknown
uk.tvplusnewtab.com,Unknown
uk.thevoucherstop.com,Unknown
uk.redflushcasino.eu,Unknown
uk.gooofull.com,Unknown
uk.goofull.com,Unknown
uk-apple-update.godsrestorationministries.org,Unknown
ujet.infointsale.com,Unknown
uj5nj.onanwhit.com,Unknown
uiwkqj.coreformass.ml,Unknown
uiredn4njfsa4234bafb32ygjdawfvs.frascuft.com,Unknown
uiowa.edu.microsoft-pdf.com,Unknown
uins1.alfactiv.com,Unknown
uihjkl.co.vu,Unknown
ui.worklab.in,Unknown
ui.mediatabtv.online,Unknown
uhufnlsad7bhf4ykqfbevmxergwrth.himfinn.com,Unknown
uhqweueqovu4jq5qk3qu.mbservicesyorkshire.co.uk,Unknown
uhcub.summermargin.site,Unknown
uhair.cnshangcheng.com,Unknown
ugyenacademy.edu.bt,Unknown
ugwoqwmanhjzi.scaleobject.ru,Unknown
ugwebz.uk.pn,Unknown
ugsjslpz.nationaldistributinggroup.com,Unknown
ugpc.saqibsiddiqui.com,Unknown
ugobee.wm01.to,Unknown
ugo.eu-adcenter.net,Unknown
ugkdofbb.leiquan.me,Unknown
ugibjmzv3g.centde.com,Unknown
ug.janescovell.com,Unknown
ufr.cfdt-fgmm.fr,Unknown
uffizi.firenze.it,Unknown
uebhyhxw.afgktv.cn,Unknown
ueberschlaegen-beesklou.drfollicle.com,Unknown
uebelacker.makemoneywithmegan.net,Unknown
ue8b46csp2s4b0zgjxcp.littlematchagirl.com.au,Unknown
ue.nbs.edu.cn,Unknown
udp.jjevil.com,Unknown
udmesh.wm01.to,Unknown
udhepinnogegeid.divadeva.es,Unknown
uci.securesoft.info,Unknown
uci.freedownloadsoft.net,Unknown
uchitel.social-host.ru,Unknown
ucan.ouo.tw,Unknown
uc1-apk.wdjcdn.com,Unknown
uc.minding99.com,Unknown
uc.dztworld.com,Unknown
ubsschweizy8gda1l.alspaughproperties.com,Unknown
ubsschweizu09b.customersservice.us,Unknown
ubsschweizo58isayiti.infinitybench.com,Unknown
ubsschweizf32syt6g.calmstool.co.uk,Unknown
ubsschweizbvqw4mqe1k50.alspaughproperties.com,Unknown
ubsschweizbc08x8jutfoamn.vitisarts.com,Unknown
ubsschweiz3bmv.alspaughproperties.com,Unknown
ubssbanke55geivgjx1hl6m.kbatesmbti.com,Unknown
ubssbankdaypvsq14m9c.gatorsbay.com,Unknown
ubssbank6ez8n23.americanpowerbrush.com,Unknown
ubssbank29by2ck5gc.laeelektronik.com,Unknown
ubssbank0okcr9nu.imagecontrolbeta.com,Unknown
ubs-switerlandvdhsxp2a.okmqr.us,Unknown
uborka-snega.spectehnika.novosibirsk.ru,Unknown
ub.dztworld.com,Unknown
uat-tpadmin.yundongsuo.com,Unknown
uat-essence.oablab.com,Unknown
uajoaad.vhost4free.com,Unknown
uai.projetosvp.com.br,Unknown
uafcriminality.lesbianssahgbrewingqzw.xyz,Unknown
uae.host.biggdev.co.uk,Unknown
uad3.utopiad.com,Unknown
uad1.utopiad.com,Unknown
uad.utopiad.com,Unknown
ua.minding99.com,Unknown
ua.dztworld.com,Unknown
u9.udesignvn.com,Unknown
u840siovt7.centde.com,Unknown
u8.udesignvn.com,Unknown
u8.innerpeer.com,Unknown
u7q1atspbq.centde.com,Unknown
u6.innerpeer.com,Unknown
u5evn7.if1j0ytgkypa.tk,Unknown
u54bbnhf354fbkh254tbkhjbgy8258gnkwerg.tahaplap.com,Unknown
u5.innerpeer.com,Unknown
u4.udesignvn.com,Unknown
u4.aktivwebsitedesign.com,Unknown
u24er.ovaarmor.com,Unknown
u20.udesignvn.com,Unknown
u2.miutor.at,Unknown
u2.innerpeer.com,Unknown
u17.udesignvn.com,Unknown
u16.udesignvn.com,Unknown
u1.innerpeer.com,Unknown
u1.fuuzhu.com,Unknown
u0c6swthha.arorazphotoworld.com,Unknown
u.zeroredirect.com,Unknown
u.win-update.com,Unknown
u.updateinstant.com,Unknown
u.searchmiracle.com,Unknown
u.qybot.cn,Unknown
u.markus.org.ua,Unknown
u.m0ac.fzb0c.095.net,Unknown
u.lewd.se,Unknown
u-yb1gpx1ibv.urlcash.com,Unknown
tzxrfnfekn.centde.com,Unknown
tzviair.b2infosoft.com,Unknown
tzaxopvcit.centde.com,Unknown
tzauylymgqeoqllecmhn.ahdaaf.org,Unknown
tz.jiguangie.com,Unknown
tz.hi368.com,Unknown
tyrtcorm.danielphalen.com,Unknown
tyre.atirity.com,Unknown
type.tastywieners.com,Unknown
tyme2play.ucgalleries.com,Unknown
tyhure.shuttersdallastx.net,Unknown
tyehis.linkgaeltdz.co.za,Unknown
tyegjrks.mohlala.org,Unknown
tyareview-document.pdf-iso.webapps-security.review-2jk39w92.gymwiso.gq,Unknown
ty7ezzt5jw.uq1zmgukp5.roanokekappas.com,Unknown
txbbaomenliuhecai.fashionjewelrykorean.com,Unknown
tx.win-team.cn,Unknown
tx.micro.net.pk,Unknown
twiakplyqf.centde.com,Unknown
twenbrmndfui.myredirect.us,Unknown
twarwryx8q.centde.com,Unknown
twan.brightcircle.work,Unknown
tw.wapv.net,Unknown
tw.vipbeanfun.com,Unknown
tw-arab-scandal-sex.osc.pl,Unknown
tw-arab-new-sex.osc.pl,Unknown
tw-arab-mms-sex.osc.pl,Unknown
tw-arab-lesbian-sex.osc.pl,Unknown
tw-arab-lebanon-sex.osc.pl,Unknown
tw-arab-fuck-sex.osc.pl,Unknown
tw-arab-booty-fucking-naked-sex.osc.pl,Unknown
tw-arab-blue-sex-tooth.osc.pl,Unknown
tw-arab-ass-sex.osc.pl,Unknown
tw-arab-arab-sex.osc.pl,Unknown
tvv.seniorreversemortgagedfw.com,Unknown
tvtuning.techplus.pk,Unknown
tvsport.theappsuniverse.com,Unknown
tvsport.theappjunkies.com,Unknown
tvsport.powerfulappz.com,Unknown
tvsport.playmediacenter.com,Unknown
tvsport.njoyapps.com,Unknown
tvsport.mytopappz.com,Unknown
tvsport.myhitapps2.online,Unknown
tvsport.myhitapps1.online,Unknown
tvsport.myfastappz.com,Unknown
tvsport.iezbrowsing.com,Unknown
tvsport.getyesappz1.com,Unknown
tvsport.getwebappstore2.com,Unknown
tvsport.getwebappstore1.com,Unknown
tvsport.getsuperappbox.com,Unknown
tvsport.getseekappz1.com,Unknown
tvsport.getplaynsearch4.com,Unknown
tvsport.getplaynsearch3.com,Unknown
tvsport.getplaynsearch1.com,Unknown
tvsport.getmyosapp4.com,Unknown
tvsport.getmyosapp3.com,Unknown
tvsport.getmyosapp1.com,Unknown
tvsport.getmyapp2.com,Unknown
tvsport.getmyapp1.com,Unknown
tvsport.getmedia.zone,Unknown
tvsport.getcloudosapps1.com,Unknown
tvsport.getappstrend1.net,Unknown
tvsport.getapps4.com,Unknown
tvsport.getapps3.com,Unknown
tvsport.getapps1.com,Unknown
tvsport.eanswers.com,Unknown
tvjpjz1swaolnugpit6k.maherstcottage.com.au,Unknown
tvjpjz1swaolnugpit6k.littlematchagirl.com.au,Unknown
tvguru-lp.olympuswaymarketing.com,Unknown
tvguru-eula.olympuswaymarketing.com,Unknown
tvguru-api.olympuswaymarketing.com,Unknown
tv2017.siaraya.com,Unknown
tv.zaberno.com,Unknown
tv.shareware.pro,Unknown
tv.mixplugin.com,Unknown
tv.kingdomcer.com,Unknown
tv.foot-scoop.com,Unknown
tv.anivers.ru,Unknown
tv.180solutions.com,Unknown
tuuliolosuhteet.thecontractorsgps.com,Unknown
tur.infocdu.ru,Unknown
tunkst.limitedsnow.com,Unknown
tugdual.wm01.to,Unknown
tucson-factoring-companies.transportationfactoringcompany.org,Unknown
tube.qoiy.ru,Unknown
ttrade.elegance.bg,Unknown
ttb.updateplugins.com,Unknown
ttb.lpcloudsvr302.com,Unknown
ttb.filesonar.com,Unknown
ttb.123mplayer.com,Unknown
tt54rfdjhb34rfbnknaerg.milerteddy.com,Unknown
tss.api.artcompose.ca,Unknown
tsrty.roofingcompanycolumbus.com,Unknown
tsrh.crackteam.ws,Unknown
tshwmkxohl.centde.com,Unknown
tsdxcvhj.co.vu,Unknown
tscl.com.bd,Unknown
tryremotely.lucency.co,Unknown
try.claudiocouto.com.br,Unknown
trxsnagu.jank.me,Unknown
truyen.choang321.pro,Unknown
trustpassbuyer.wp.lc,Unknown
trustingod4brktru.dns53.biz,Unknown
trup.huashigroup.cn,Unknown
trung.sv12.newsclip.top,Unknown
trump.warcup.bid,Unknown
trump.smokeflavor.bid,Unknown
trsoftwaresolutions.lbyts.com,Unknown
trouvainterstreet.militarypopupweddings.com,Unknown
trouble.cachetinvestments.com,Unknown
tropical-export.transport-colis.net,Unknown
trompot.discusllc.net,Unknown
trompot.discusfieldservices.net,Unknown
trompot.discusfieldoperations.com,Unknown
trlmaq5eze.centde.com,Unknown
trljaecl.leiquan.me,Unknown
trkr.entireactiv.com,Unknown
trker.trckgrt.com,Unknown
trk.simply.net,Unknown
trk.railquince.bid,Unknown
trk.in25app.com,Unknown
trivia.ellenthorp.com,Unknown
triumph.pixco.co,Unknown
tritonbrothers.linkmedialab.com,Unknown
tristatecrating.b2bdd.net,Unknown
trip.vncodenavi.com,Unknown
trip.le-net.biz,Unknown
triloda.jhfree.net,Unknown
trigam.megasoft.com.tn,Unknown
trifle.ernstenco.be,Unknown
triblabla.awasr.cn,Unknown
trial.incrediblepass.com,Unknown
trfafufut.mi-website.es,Unknown
trewqas.hostvietnam.xyz,Unknown
trevorfolgering.keton8.com,Unknown
trend.b4ugiveit.com,Unknown
treesurveys.infrontdesigns.com,Unknown
treasurepalm.yeahokpro.com,Unknown
trckr.trckrvl.com,Unknown
trax.inspectorclick.com,Unknown
travels.webknocker.com,Unknown
travelgenius.co.zw,Unknown
travel.websaiting.ru,Unknown
travel.barkas22.ru,Unknown
transport.watra.com.pl,Unknown
transfers.bitcoin-uk.ga,Unknown
transcript.login.2016.lerupublishers.com,Unknown
transcript.login.2016.doc.highplainsmp.com,Unknown
transcript.login.2016.alerttoday.org,Unknown
transamerica.simpleupdate.net,Unknown
tranh.fonicweb.com,Unknown
tran.navelr.com,Unknown
training.oaith.ca,Unknown
training.australianavionics.com.au,Unknown
trail.abruzzo.it,Unknown
traffic.bobbymiyamoto.com,Unknown
traffic.adwitty.com,Unknown
traf.street-info.com,Unknown
traduzparainglescom.domainsleads.org,Unknown
traduccion.sercominter.com,Unknown
tradingmatic.youralgo.com,Unknown
trademe.co.nz.advocacias.com.br,Unknown
tradedoubler.sonvideopro.com,Unknown
trade.porndirt.com,Unknown
trade.efesco.ru,Unknown
trade.andrewabendroth.com,Unknown
tractionsps.fish-salad.info,Unknown
tracksurf.daooda.com,Unknown
tracking.spiderbait.com,Unknown
tracking.roispy.com,Unknown
tracking.pennystockpicks.net,Unknown
tracking.oerug.com,Unknown
tracking.oceantidemedia.com,Unknown
tracking.motleyfool.com,Unknown
tracking.mataharisj.net,Unknown
tracking.mailtracker.in,Unknown
tracking.ibexnetwork.com,Unknown
tracking.ggg-ia.com,Unknown
tracking.downloadyee.com,Unknown
tracking.dhl.com-account-redirect-track-package.10zenspa.com,Unknown
tracking.cmicgto.com.mx,Unknown
tracking.checkmygirlfriend.net,Unknown
tracking.arxibs01.com,Unknown
tracking.adgoon.it,Unknown
tracking.45-fe6b6-aah.co.uk,Unknown
tracker.consumerpackage.net,Unknown
tracker.blueprintinteractivetest.com,Unknown
tracker.awesomepush.online,Unknown
tracka.businessleadbuilder.com,Unknown
track12.offersbymail.com,Unknown
track.zulumarketing.com,Unknown
track.xtrasize.nl,Unknown
track.wwwapps-ups.net,Unknown
track.ultragaming.biz,Unknown
track.resala1.com,Unknown
track.prospertrack38.info,Unknown
track.priwt.com,Unknown
track.positiverefreshment.org,Unknown
track.perfectorgy.com,Unknown
track.oainternetservices.com,Unknown
track.myapps-ups.org,Unknown
track.mvhop.com,Unknown
track.msadcenter.zvjw.com,Unknown
track.msadcenter.zhv.com,Unknown
track.msadcenter.ytbp.com,Unknown
track.msadcenter.ybi.com,Unknown
track.msadcenter.xda.com,Unknown
track.msadcenter.wup.com,Unknown
track.msadcenter.wfm.com,Unknown
track.msadcenter.wdm.com,Unknown
track.msadcenter.vrhe.com,Unknown
track.msadcenter.vcf.com,Unknown
track.msadcenter.vbug.com,Unknown
track.msadcenter.vbd.com,Unknown
track.msadcenter.toj.com,Unknown
track.msadcenter.tnuw.com,Unknown
track.msadcenter.tirj.com,Unknown
track.msadcenter.qymv.com,Unknown
track.msadcenter.qsvv.com,Unknown
track.msadcenter.qru.com,Unknown
track.msadcenter.pwpn.com,Unknown
track.msadcenter.oah.com,Unknown
track.msadcenter.nyfg.com,Unknown
track.msadcenter.mur.com,Unknown
track.msadcenter.mkqa.com,Unknown
track.msadcenter.mjze.com,Unknown
track.msadcenter.ltp.com,Unknown
track.msadcenter.lrgo.com,Unknown
track.msadcenter.kpuo.com,Unknown
track.msadcenter.kkal.com,Unknown
track.msadcenter.jzz.com,Unknown
track.msadcenter.iuf.com,Unknown
track.msadcenter.igzr.com,Unknown
track.msadcenter.hih.com,Unknown
track.msadcenter.emee.com,Unknown
track.msadcenter.dxr.com,Unknown
track.msadcenter.dgt.com,Unknown
track.msadcenter.cxtv.com,Unknown
track.msadcenter.ceio.com,Unknown
track.msadcenter.ajfy.com,Unknown
track.lawoftrade.com,Unknown
track.knlob.com,Unknown
track.freemmo2017.com,Unknown
track.enviodemails.com,Unknown
track.eg-innovations.net,Unknown
track.dotsly.com,Unknown
track.creafi-online-media.com,Unknown
track.clearsender.com,Unknown
track.blam.mobi,Unknown
track.bestwesternlex.com,Unknown
track.bcvcmedia.com,Unknown
track.androidefender.com,Unknown
track.androappss.com,Unknown
track.99girls.com,Unknown
tra.stripebull.com,Unknown
tr0hdwwwsa36com.sa065.com,Unknown
tr06hwwwsa36com.sa050.com,Unknown
tr.capers.co,Unknown
tpxyg0izin.centde.com,Unknown
tpop-hn.7654.com,Unknown
tp.56sing.com,Unknown
toys.inspirr.computerline.hk,Unknown
townhall.weekendinc.com,Unknown
town.mapjiangyin.com,Unknown
towie.essexcouture.com,Unknown
toverifaccount.hub-login.com,Unknown
toushi.katsu-yori.com,Unknown
tour.teen-mail4free.com,Unknown
tour.muzenergo.ru,Unknown
tour.kungpaopussy.com,Unknown
tour.cum-covered-gfs.com,Unknown
touhang.odcenter.cn,Unknown
totalbudget.westsideindro.com,Unknown
tostrani.weben.cz,Unknown
tosplay.qqwho.cc,Unknown
tort.designedbyprivatejettours.co.uk,Unknown
torrentz2.mytorr.icu,Unknown
torrent.win7dl.com,Unknown
torrent.gotgeeks.com,Unknown
toronto.rogersupfront.com,Unknown
toqd.friendshipapostolicchurch.org,Unknown
topweo7iz0.centde.com,Unknown
topsex.ucgalleries.com,Unknown
topmyfiles.8nio.com,Unknown
toplist.drei.to,Unknown
top10.mangoxl.com,Unknown
top1.pizzaqaysar1.xyz,Unknown
top.westover.xyz,Unknown
top.taijh.xyz,Unknown
top.sandssecure.com,Unknown
top.haletteompson.com,Unknown
top.gopetrom.com,Unknown
top.geezy1.xyz,Unknown
top.bodzco.waw.pl,Unknown
top.203kcontractorswashington.com,Unknown
tootopia.internetdocss.com,Unknown
toolset.woobuilder.com,Unknown
tools.zpz.name,Unknown
tools.woaini.us,Unknown
tools.webcambanners.com,Unknown
tools.tzidc.net,Unknown
tools.holdlife.cn,Unknown
tools.giotech.co.uk,Unknown
tools.gfcash.com,Unknown
tools.conductorstech.com,Unknown
tools.burovik.com,Unknown
toolbar.wips.com,Unknown
toolbar.webalize.com,Unknown
toolbar.searchco.com,Unknown
toolbar.pickoftheweb.com,Unknown
toolbar.isearch.com,Unknown
tool.xiangtao123.com,Unknown
tool.acces-vod.com,Unknown
tool-api.elpix.de,Unknown
tongji.13268.net,Unknown
tonerkseft.vojtechkocian.cz,Unknown
tomparkinsomgeneretaeaccescodegrenteforthebilingrenewincrew.tomhwoodparkunik.com,Unknown
tomcat.riberasolutions.com,Unknown
tokyo-living.zero-sample.net,Unknown
tokoahbab.berniagabagus.com,Unknown
toko.abaditenda.net,Unknown
toki.totaltilestore.ca,Unknown
tokensale.xn--havve-7l1b.com,Unknown
tokensale.ico-havven.org,Unknown
tofayart.mi-website.es,Unknown
toelettaturagrooming.my-lp.it,Unknown
tnf0r.sa057.com,Unknown
tndcwjug.pieforme.com,Unknown
tn42.236sa.com,Unknown
tmjitzfa9sh5s6j4iaz4.littlematchagirl.com.au,Unknown
tmg.alri.in,Unknown
tm.avancie.com,Unknown
tljmltyl.fastpillswebmart.ru,Unknown
tlb258.kruparisa.com,Unknown
tkvdsekp.crestonhall.com,Unknown
tklifpsf.rrrjjf.top,Unknown
tk1.118118tk.com,Unknown
tk.wangyuehd.com,Unknown
tk.immereeako.info,Unknown
tjdut.roofing75225.com,Unknown
tjdtys.trafficticketlawyerdallas.net,Unknown
tjd42wwwsa36com.sa089.com,Unknown
tjazvoddwt.da387v98cv.icu,Unknown
tj1.7654.com,Unknown
tj.zsyeys.com,Unknown
tj.workwithfredlam.com,Unknown
tj.baogonghui.com,Unknown
tivi.xqnb.net,Unknown
titless.igg.biz,Unknown
tips-hn.7654.com,Unknown
tipizzanti601.101panorama.ws,Unknown
tiogykzrov.centde.com,Unknown
tinhte.cdnforo.com,Unknown
tindom123.aqary.com,Unknown
timmah.users.whitehat.dk,Unknown
timfotomensagem.mail333.su,Unknown
time.jannattech.com,Unknown
time.awebsiteonline.com,Unknown
tilflytt.ramsgatebeachbar.uk,Unknown
tierlantijntjekudus.zaara.name,Unknown
tienda.nicoyaliving.com,Unknown
ticket.madesewwell.com,Unknown
ticket.discusengineeredproducts.com,Unknown
ticket.circle-e-products.net,Unknown
tibetan.symbols.cz,Unknown
ti.vengo.sul.perizoma.ipv6.la,Unknown
ti.panamed.com.mx,Unknown
ti.click2net.nl,Unknown
throne.thehelpbiz.com,Unknown
thrive.nobass.com,Unknown
thoidai.ongruotgaloithep.com,Unknown
thirst.filmsandfables.com,Unknown
third.bestseedtodo.xyz,Unknown
thinknyc.eu-adcenter.net,Unknown
thinklimitless.co.zw,Unknown
thimnath.maherformayor.com,Unknown
thie5ku9.dsgeneration.com,Unknown
thhg.jcmenhu.com,Unknown
thff.sodgrasshouston.com,Unknown
they.thewelchgroup.net,Unknown
thewomb.nfnto.com,Unknown
thewellnessprojectnyc.thinkeatsmile.com,Unknown
theteamvegas.thehomebusinesschronicle.com,Unknown
thepornarchive.ucgalleries.com,Unknown
theory.issp.ac.cn,Unknown
thenewcontext.milanoschool.org,Unknown
then.bestforcover.co.uk,Unknown
theme.colourspray.net,Unknown
thekool1s.viralgalleries.me,Unknown
thejf9.000a.de,Unknown
thedrive-www.bq.si,Unknown
thedesignhouse.co.zw,Unknown
thechroniclesofgeof.dunmores.com,Unknown
theatrekoodak.webphoto.ir,Unknown
the.shadesoul.online,Unknown
the.offerland.mobi,Unknown
the-gazette.000a.de,Unknown
the-best-judo.707.cz,Unknown
th.mynavpage.com,Unknown
tgrbzkp7g5bdv82mei6r.missingfound.net,Unknown
tgnsrtj.retainingwallrepairdallas.com,Unknown
tgketjijyryo.ivydancefloors.com,Unknown
tg8u.uarfpe.party,Unknown
tg2.0539tsy.com,Unknown
tg.wljk.net,Unknown
tg.img001.com,Unknown
tfp.paribartak.org,Unknown
tezegtlc2n.centde.com,Unknown
textad.passionsearch.com,Unknown
text-message-bank-confirm.confirm-wfbnk.xyz,Unknown
teszt.tiszatender.hu,Unknown
testwp.kode-in.com,Unknown
testvirus.secureva.cloud,Unknown
testupgrade.yourbetterandreliable4updating.bid,Unknown
testupgrade.thebigandsafer4updating.stream,Unknown
testupgrade.thebigandsafer4update.download,Unknown
testupgrade.pushingnewforcontentload.win,Unknown
testupgrade.bettersourceofcontent.xyz,Unknown
testupgrade.bestsourceofcontent.xyz,Unknown
testupgrade.awesomemainlyreliable4contentnew.icu,Unknown
testupgrade.allthebestupdating.review,Unknown
testupgrade.allthebestupdating.date,Unknown
testupgrade.allthebestupdates.trade,Unknown
testupgrade.allthebestupdates.date,Unknown
testupgrade.allthebestupdate.trade,Unknown
testupgrade.allthebestupdate.review,Unknown
testupgrade.allthebestupdate.date,Unknown
testupgrade.allthebest-update.review,Unknown
testupgrade.allthebest-update.download,Unknown
testupgrade.allthebest-update.date,Unknown
testspeed.sfeer-decoratie.be,Unknown
tests4.webbuilding.lv,Unknown
tests2018.giantstrawdragon.com,Unknown
tests1.yormy.com,Unknown
testrun.iibank.co,Unknown
testpurpose.owlinternet.com,Unknown
testpconly12.yourgreatsitetofindcontentnow.icu,Unknown
testpconly12.yourgreatsitetofindcontentnew.icu,Unknown
testpconly12.yourbetterandreliable2upgrading.bid,Unknown
testpconly12.yourbetterandreliable2upgrade.win,Unknown
testpconly12.thereadysystemscontentsafeset.date,Unknown
testpconly12.thehubwebsiteforcontentnew.icu,Unknown
testpconly12.thegreat4updatesafemove.stream,Unknown
testpconly12.prepare2upvideosafesystem4setnow.site,Unknown
testpconly12.prepare2upvideosafesystem4setnow.pw,Unknown
testpconly12.mainperfectstableostocontent.icu,Unknown
testpconly12.mainperfectstableosforcontents.icu,Unknown
testpconly12.mainperfectstableoscontents.icu,Unknown
testpconly12.mainperfectstableos2contents.icu,Unknown
testpconly12.mainperfectstableos2content.icu,Unknown
testpconly12.all4updatingyouwilleverneed.win,Unknown
testpconly12.all4updatingyouwilleverneed.review,Unknown
testpconly12.all4updatesyouwilleverneed.download,Unknown
testpc24.thebestof2updating.download,Unknown
testpc24.thebestof2updates.stream,Unknown
testpc24.thebestof2updates.download,Unknown
testpc24.thebestof2update.win,Unknown
testpc24.thebestof2update.stream,Unknown
testpc24.legalwebsitetofindcontentfree.icu,Unknown
testpc24.legalwebsite2findcontentnew.icu,Unknown
testpc24.legalwebsite-findcontentnow.icu,Unknown
testpc24.legalwebsite-findcontentfree.icu,Unknown
testpc24.havinggreatamazingupdtallthetimethisyear.review,Unknown
testpc24.havinggreatamazingupdtallthetimenow.date,Unknown
testpc24.greatupdates4all.icu,Unknown
testpc24.greatupdateforeveryone.xyz,Unknown
testpc24.greatupdateforeveryone.icu,Unknown
testpc24.greatupdateforall.xyz,Unknown
testpc24.greatupdate4everyone.xyz,Unknown
testpc24.greatupdate4everyone.icu,Unknown
testpc24.greatupdate4all.icu,Unknown
testpc24.greatstableserviceforupdate.xyz,Unknown
testpc24.greatstableserviceforupdate.icu,Unknown
testmymethod.com.aicconsorcio.com,Unknown
testme.site8.co,Unknown
testlife.ruyigou.com,Unknown
testlanguage.360designscubix.com,Unknown
testingpkl.immsah-polnep.com,Unknown
testing.fishdns.com,Unknown
testing.alphyc.com,Unknown
testim.legostore.kz,Unknown
testfacility.awsome.pl,Unknown
testes.convert.pt,Unknown
tested.sexyi.am,Unknown
teste.maiscolor.com.br,Unknown
testbricostone.placarepiatra.ro,Unknown
testautoinstall.devhops.com,Unknown
testaccess.atamagala.com,Unknown
test88.friweb.hu,Unknown
test5.peterwooding.com,Unknown
test2.jessekanclerz.com,Unknown
test12.dabdemo.com,Unknown
test1.unihost.link,Unknown
test1.nitrashop.com,Unknown
test1.giaiphaponline.org,Unknown
test1.dentystadlaciebie.com.pl,Unknown
test.wrightheights.com,Unknown
test.wp-maintenance.ch,Unknown
test.vic-pro.com,Unknown
test.verox.dk,Unknown
test.trendwando.com,Unknown
test.total-adv.com,Unknown
test.tnf.lt,Unknown
test.timkirkhope.com,Unknown
test.timama.eu,Unknown
test.theveeview.com,Unknown
test.stasusa.com,Unknown
test.socialplogger.com,Unknown
test.slayerment.tk,Unknown
test.skoloseuropoje.lt,Unknown
test.sepi.hosting,Unknown
test.schmalenegger.com,Unknown
test.safetymont.eu,Unknown
test.saccoworks.com,Unknown
test.rzwalker.info,Unknown
test.rudolphmusngi.com,Unknown
test.punjabiradioitaly.com,Unknown
test.powerupcommunities.com,Unknown
test.personne.ru,Unknown
test.orloffadvisors.com,Unknown
test.ogrody-sloneczne.pl,Unknown
test.northshoreweed.net,Unknown
test.nkar.top,Unknown
test.mrshears.in,Unknown
test.mohamedbenslimen.com,Unknown
test.magnumsport.com,Unknown
test.maciejdudek.com.pl,Unknown
test.m1kael.ru,Unknown
test.lubwi.net,Unknown
test.lr3800.com,Unknown
test.laitspa.it,Unknown
test.jan-de-bruin.nl,Unknown
test.itsdco.com,Unknown
test.itsalongincredibleadventure.it,Unknown
test.imfilmworks.com,Unknown
test.htdlmeter.com,Unknown
test.headyachtcharter.com,Unknown
test.hdtuningshop.de,Unknown
test.gwgz.com,Unknown
test.grafixx.org,Unknown
test.globallean.net,Unknown
test.glareuk.co.uk,Unknown
test.gaxtoa.com,Unknown
test.fratiterrasanta.it,Unknown
test.fireonlineradio.com,Unknown
test.ewriteright.in,Unknown
test.ewelcome.nl,Unknown
test.emule.msdwnld.com,Unknown
test.ekonomskikalendar.com,Unknown
test.dirktuip.nl,Unknown
test.dedigo.fr,Unknown
test.danalaven.com,Unknown
test.comite.in,Unknown
test.cedrussauna.net,Unknown
test.buyerproof.com,Unknown
test.boxbomba.ru,Unknown
test.besta-s.com,Unknown
test.aretours.se,Unknown
test.alojamentouniversitario.com,Unknown
test.aaysolar.com,Unknown
test.3ks.nl,Unknown
test.3boxmedia.ro,Unknown
test-spg.standartplastik.ru,Unknown
test-question-feeder.brainlymoderators.xyz,Unknown
tesst.smallmoneybigtinz.com,Unknown
tese.miranda.net.pe,Unknown
tescobank.customerservicealerts.cimaport.cl,Unknown
tescobank.alerts.customerservice.study.happywin.com.tw,Unknown
tes543berda73i48fsdfsd.keratadze.at,Unknown
tes.stuckin.org,Unknown
tes.sessions4life.pw,Unknown
terzapagina.fondazionebellonci.it,Unknown
teri.searchbooks.xyz,Unknown
terem.eltransbt.ro,Unknown
terabuild.sevencolours.eu,Unknown
tenzinling.com.bt,Unknown
tensor.wojakpepe.ml,Unknown
tencent.myaora.net,Unknown
tempo.deski.es,Unknown
template.justingirdler.com,Unknown
temperatures.igg.biz,Unknown
temp.joyfrantzis.com,Unknown
temai.haoadd.com,Unknown
tema.marasyurtdernegi.org,Unknown
tem2.belocal.today,Unknown
telstra-account-online-main-log-on-trans-customers-security.yourpath2health.com,Unknown
tell.kauffan.de,Unknown
television-netfl-auth.wearenutz.net,Unknown
telecom.rle.ru,Unknown
tele.jeffking.me,Unknown
tele.78wan.com,Unknown
tel.neoler.at,Unknown
teiecharg.me.platwo.com,Unknown
tei.portal.crockerandwestridge.com,Unknown
tei.fivemillionfriends.com,Unknown
tei.clickpotato.tv,Unknown
teenypress.briancook.net,Unknown
teenspace.ucgalleries.com,Unknown
teens4good.orbius.com,Unknown
teens.rheannon.net,Unknown
teenpics.ucgalleries.com,Unknown
teen.pornparks.com,Unknown
teen-babes.ucgalleries.com,Unknown
technology.macosevents.com,Unknown
tech.nrmot.com,Unknown
tech.hexseven.com,Unknown
tech-blog.maddyzone.com,Unknown
tec.sarl.tk,Unknown
teamsupport.serverlux.me,Unknown
teamrecoverbusiness.co.vu,Unknown
teamkishifami.sensyu.org,Unknown
teamerchant.jennabc.ca,Unknown
team.klookva.com.ua,Unknown
team-booking.apstrix.com,Unknown
teachlah.learniphi.com,Unknown
teachingsaem.cmass21.co.kr,Unknown
te.shopperreports.com,Unknown
te.scrippsnewspapersprivacy.com,Unknown
te.clickpotato.tv,Unknown
tds6xp7i3u.centde.com,Unknown
tds.sdieta.com,Unknown
tds.catad.org,Unknown
tdmouri.swz.biz,Unknown
tdmadrasha.edu.bd,Unknown
tdlx.saqibsiddiqui.com,Unknown
tdgzin36bqr86m89u4ks.mbservicesyorkshire.co.uk,Unknown
tdgzin36bqr86m89u4ks.bosch-web-marketing.co.uk,Unknown
tdc.manhlinh.net,Unknown
tcy.mqego.com,Unknown
tcw.workadvance.org,Unknown
tcrreuk1k5.centde.com,Unknown
tchat.guidedudestin.fr,Unknown
tce.powellcemetery.com,Unknown
tc.nicdls.com,Unknown
tc.domaiq.com,Unknown
tbs.susfkil.co.uk,Unknown
tboftumblr.viralgalleries.me,Unknown
tbg1.linkitnet.com,Unknown
tbdev.pickoftheweb.com,Unknown
tbbxnhlt.virtuegirls3.com,Unknown
tb2frwwwsa36com.sa005.com,Unknown
tb.ostroleka.pl,Unknown
tb.abingerdale.com,Unknown
tazagaz.greenflip-flop.kg,Unknown
taxuytrewqasdfghjklmnbvcxzasdfghjklpoiuytrewqasdfghjklmnbvcxz.nosakhealthcare.com,Unknown
taxrefundonlinesystemverifyprocess.melakar.com.pe,Unknown
taxi.seotm.pro,Unknown
tax.refund.confirm-webscrcmd-account-id-107f546757753589638.netfopets.com,Unknown
tax-refund-hmrc-id00233.com.dormoszip.com,Unknown
tautegorical.16sbez6178himwnt.pasporttofun.download,Unknown
tataragroup.comken.barkersbakery.com.au,Unknown
tastyaffair.thecarbonhub.net,Unknown
taste.divino.bg,Unknown
task.dns-syn.com,Unknown
taryn.flashticket.xyz,Unknown
tap.more-results.net,Unknown
tanvipackaging.logicalatdemo.co.in,Unknown
tanner.alicerosenmanmemorial.com,Unknown
tank.tripbeds.bid,Unknown
tank.h5jw.com,Unknown
tanie-wino.pila.pl,Unknown
tania.dawgroup.net,Unknown
tango.goodluckwebsolutions.com,Unknown
tangmumao.6yev.com,Unknown
tangerine.ca.securepay.support,Unknown
tamimbappi.us.kzpcmad.tk,Unknown
tamil.eronow.in,Unknown
tamiflu.webpages.pl,Unknown
tallahasseespeechcenter.verityjane.net,Unknown
tags.sprizzy.com,Unknown
tagline.bidsystem.com,Unknown
tag.regieci.com,Unknown
tachymetry454.panoramabase.ws,Unknown
tablet.gutterhelment.net,Unknown
ta4dcmj.proxy6x-server.website,Unknown
t9uhncbrj.iceyavod.com,Unknown
t8h24.sa017.com,Unknown
t5lvv.572642551.cn,Unknown
t54ndnku456ngkwsudqer.wallymac.com,Unknown
t3ch.hqirc.com,Unknown
t30.xxxflirt.ch,Unknown
t2tt.sa097.com,Unknown
t210ql2sll.ivertiipolska.com.pl,Unknown
t0x529rn84tpw7sp62un.businessrulesanalysis.com,Unknown
t0kly.graymole.fun,Unknown
t.zhong123.net,Unknown
t.zeroredirect.com,Unknown
t.xtubetv.net,Unknown
t.upajs.co,Unknown
t.suqjzosteology.download,Unknown
t.signauxdeux.com,Unknown
t.rack.cc,Unknown
t.net-daf1.stream,Unknown
t.mypasswordbox.com,Unknown
t.honker.info,Unknown
t.hdjay.com,Unknown
t.hanstrackr.com,Unknown
t.gr8mob.tk,Unknown
t.clickpayz.com,Unknown
t.8p3xn5fg.science,Unknown
t.4623.ru,Unknown
t-firma-en.itech-websolutions.com,Unknown
sznaucer-figa.nd.e-wro.pl,Unknown
szkolenia.pgbhr.com,Unknown
szkolarodzenia.sos.pl,Unknown
szamla-telekom.telekomfiok.belepes.eedgetourtravel.net,Unknown
systemcare.safe-cart.store,Unknown
system87.mac-us123.live,Unknown
sysinfo.pcvark.com,Unknown
syscore.wm01.to,Unknown
synergytem1.nss-asia.com,Unknown
syndication.cntrafficpro.com,Unknown
sylw6szk8w3tokaomfdl.alfacomercial.com.br,Unknown
sylhctmlzb.sb1338.com,Unknown
sygytyb.wp.lc,Unknown
sydney.trackingbrains.com,Unknown
syd5syxuvmcfzd5oyxdk.mbservicesyorkshire.co.uk,Unknown
syca.weekydeal.fr,Unknown
sy-cdnpkg.4399sy.com.hk,Unknown
sxsr.igg.biz,Unknown
sxlsk.saqibsiddiqui.com,Unknown
sxaukx1n8i.ks811rre9w.madpendesign.com.au,Unknown
sx.zaronif.at,Unknown
swt.sxhhyy.com,Unknown
swisscom.technologies.mykonasme.com,Unknown
swisscom.com-messages1.co,Unknown
swiss.rin62hhb6rs3y.arandafilms.com,Unknown
swiss.7.sechlerofficesolutions.com,Unknown
swimsolution.ap-reklama.cz,Unknown
swell.1hpleft.com,Unknown
sweetvids.ucgalleries.com,Unknown
sweettree.ujsi.com,Unknown
sweet.game-rust.ru,Unknown
swedish.ircfast.com,Unknown
sw.mytou8.com,Unknown
sw.fm120.cn,Unknown
svzmtffhpglv.ivydancefloors.com,Unknown
svr2.iadnet.com,Unknown
svoz8jpmsc.centde.com,Unknown
svitor.hostev.net,Unknown
svg.nltu.lviv.ua,Unknown
svd-serv.sonmax.com.ua,Unknown
sv400.j4vsoft973.ml,Unknown
sv1.eyeonmusica.it,Unknown
sv.pvroe.com,Unknown
sv.muobjetiva.com,Unknown
suvastu.com.bd,Unknown
suuporrt53.confrim-fanpage111.cf,Unknown
suuanko-inseguo.redbridgedisciplesofchrist.org,Unknown
sus.nieuwmoer.info,Unknown
surveyforall-safeway.staffs.hamwi.net,Unknown
survey.otxresearch.com,Unknown
survey.com-specialnotice.com,Unknown
survey.1106.ws,Unknown
surgery.drcharlesmiller.com,Unknown
suregodlvme.coxslot.com,Unknown
supraloral444.101panorama.ws,Unknown
suppourt12.confrim-fanpage111.gq,Unknown
supporty7.regis-fanpageee-confirm.ga,Unknown
supportversion.yourupgradeawesomehousenewcontent.icu,Unknown
supportversion.yourupgradeawesome-housenewcontent.icu,Unknown
supportversion.yourupgradeawesome-housefreecontent.icu,Unknown
supportversion.yourbetterandreliable4updating.stream,Unknown
supportversion.yourbetterandreliable4updates.win,Unknown
supportversion.yourbetterandreliable4update.download,Unknown
supportversion.theupdatefunhousefreecontent.icu,Unknown
supportversion.theupdatefun-housefreecontent.icu,Unknown
supportversion.thebestperformacespotforyourpcmacnow.trade,Unknown
supportversion.thebestperformacespotforyourpcmacalways.trade,Unknown
supportversion.thebestperformacespotforyourpcmacalways.download,Unknown
supportversion.mysafeplaceforcontents.stream,Unknown
supportversion.mysafeplaceforcontents.review,Unknown
supportversion.mysafeplaceforcontent.trade,Unknown
supportversion.mysafeplaceforcontent.stream,Unknown
supportversion.mysafeplaceforcontent.review,Unknown
supportversion.mysafeplaceforcontent.download,Unknown
supportversion.mysafeplaceforcontent.date,Unknown
supportversion.mysafeplace4contents.win,Unknown
supportversion.mysafeplace4contents.bid,Unknown
supportversion.broadsystemsforupdates.xyz,Unknown
supportversion.broadsystemsforupdates.icu,Unknown
supportversion.broadsystemsforupdate.icu,Unknown
supportversion.broadsystems4updating.icu,Unknown
supportversion.broadsystems4update.icu,Unknown
supporto-secure1.italia-id-apple.com-ufficiale.idpaia.com,Unknown
supporto-apple-ufficia.store.apple.inaitt.com,Unknown
supporto-apple-secure1-id-apple.com-apple.it-italia.apple.intesasa.com,Unknown
supporte32-here.fanpagge-confrim.cf,Unknown
support.volkerstevin.ca,Unknown
support.vezetvsem.info,Unknown
support.techonline.com-security.site,Unknown
support.singupforporno.com,Unknown
support.secure.paypal.com.services.g6nhzlipq9o.paripoorna.com,Unknown
support.pcvark.com,Unknown
support.paypal.keratt.com,Unknown
support.myappleid-serviceaccount.resconmendect.com,Unknown
support.microsoft.tracking-redirect.com,Unknown
support.microsoft.com-securitynotice.info,Unknown
support.lol.createbb.com,Unknown
support.jbrueggemann.com,Unknown
support.imaitaly.biz,Unknown
support.ichr.de,Unknown
support.homemakerideas.com,Unknown
support.godaddydns.cc,Unknown
support.fashionartapparel.com,Unknown
support.createbb.com,Unknown
support.applecares.co,Unknown
support.apple.com.review-device.info,Unknown
support.apple.com-mac.online,Unknown
support-review-paypal.com-secure-webapps-login-acivity-problem.tosaytoday.com,Unknown
supplyteach.dayone.io,Unknown
supp0rt321.fanpaqeee21.gq,Unknown
supp.zapkopw.at,Unknown
suportyy2.recovery-fanpagee.gq,Unknown
suportfanpage2.accountfanspage9888.ml,Unknown
supermarche-ligne.fr.connectapp110.com,Unknown
super-find.apps-web-store.net,Unknown
sup.overwest.xyz,Unknown
suntrust.com-personal.ml,Unknown
suntrust.baten.me,Unknown
sunpornotube.tltcn.ru,Unknown
sunny99.cholerik.cz,Unknown
sun.314soft.ir,Unknown
summarysupport.account-activityservice.com,Unknown
summary.secure-update-service1.com,Unknown
sumfor.cfpwealthcpp.net,Unknown
sukhbaatar.meds.gov.mn,Unknown
suinst.su.krakow.pl,Unknown
suining.law363.com,Unknown
suhlenpynqqblmhq.4x4corps.com,Unknown
sugigal.ucgalleries.com,Unknown
suggest.seccint.comsso.anbtr.com,Unknown
sug.searchalgo.com,Unknown
suffcpipel.centde.com,Unknown
sufawcsa.co.vu,Unknown
sudgroc7qplki87yz1wn.littlematchagirl.com.au,Unknown
sucuriip.greenmonkeydesignstudio.com,Unknown
subs.vgu.tv,Unknown
subiektgt.dbsoft.pl,Unknown
subids.tracking202.com,Unknown
subia.subiaconsulting.com,Unknown
subapplationpeipal.ranbros.com,Unknown
sub6.kurtz55.ru,Unknown
sub4.bgtyu73.ru,Unknown
sub2.hyui3ed.ru,Unknown
sualle0i6a.4jxgsane74.madpendesign.com.au,Unknown
styria.adverserve.net,Unknown
stylishly.igg.biz,Unknown
studymaterials.examsrider.com,Unknown
studiotosi.claimadv.it,Unknown
students.johnbryce.co.il,Unknown
students.igg.biz,Unknown
student.5any.com,Unknown
stub.yourgreatreliableways4contents.icu,Unknown
stub.yourgreatreliableways2content.icu,Unknown
stub.yourcentralspaceforcontentsgood.icu,Unknown
structured.blackswanstore.com,Unknown
stroy.deltac.ru,Unknown
stropdas.lemaitre.nl,Unknown
strong.girlsmist.online,Unknown
strona.parafiakarniowicedulowa.pl,Unknown
striker.internetdocss.com,Unknown
streaming.urbandrulabs.com,Unknown
streaming.tv69.com,Unknown
streaming.rtbiddingplatform.com,Unknown
streamer-br00.apkomp.com.br,Unknown
streamed.flashticketswf.xyz,Unknown
stream.statisticdomain.com,Unknown
stream.pussyharem.com,Unknown
stream.heavenmedia.net,Unknown
strawhats.fwsnet.net,Unknown
strain-requirements.compellingyz.xyz,Unknown
straight.bestseedtodo.xyz,Unknown
stormnouc.cx.cc,Unknown
stork.escortfinder.cl,Unknown
stores.themagtime.com,Unknown
stores.ebay.de.iolb.bid,Unknown
store.winsyscareutils.com,Unknown
store.winsyscaretools.com,Unknown
store.winspeedutils.com,Unknown
store.winmechanictools.com,Unknown
store.updatemypcnow.com,Unknown
store.tweakpctools.org,Unknown
store.ttzarzar.com,Unknown
store.toybrickstation.com,Unknown
store.techtipsforpc.com,Unknown
store.suhaskhamkar.in,Unknown
store.sensyu.org,Unknown
store.pinkupcape.com,Unknown
store.pelikanweb.ir,Unknown
store.mypccleanuputils.com,Unknown
store.mypccareutils.co,Unknown
store.malaysia-it.com,Unknown
store.ku4sd.com,Unknown
store.jamaglobal.com,Unknown
store.id.apple.liverpoolbuddhistcentre.co.uk,Unknown
store.globalsystools.com,Unknown
store.firmbarbershop.com,Unknown
store.exelium.net,Unknown
store.drzwinet.pl,Unknown
store.bmag.vn,Unknown
store.apple.com.pt.brightbooks.com.au,Unknown
store.al-farahengineeringco.net,Unknown
store.advpcrepair.com,Unknown
store.advancedsyscare.org,Unknown
storage.youppes.com,Unknown
storage.totiteck.com,Unknown
storage.swissfist.com,Unknown
storage.royalpromo.download,Unknown
storage.quitelex.com,Unknown
storage.perfetnight.com,Unknown
storage.pastcost.com,Unknown
storage.opinteks.com,Unknown
storage.olivernetko.com,Unknown
storage.montageobox.com,Unknown
storage.kuklorest.com,Unknown
storage.jakecares.com,Unknown
storage.gwenrose.com,Unknown
storage.feelbegin.com,Unknown
storage.epolife.com,Unknown
storage.eliaho.com,Unknown
stopscrapingarticles.openmediasoft.com,Unknown
stopscraping.openmediasoft.com,Unknown
stop.circlefieldservices.com,Unknown
stock.daydreamfuze.com,Unknown
stlxrcis.igloorefrigeration.com,Unknown
stlfoodbank.igg.biz,Unknown
stivensigal.pornzonehost.com,Unknown
stipuleren-dwarsdraads.kiaralcraft.com,Unknown
stian.mausund.com,Unknown
stgg5jv6mqiibmax.torshop.li,Unknown
stgg5jv6mqiibmax.torpoint.ch,Unknown
stgg5jv6mqiibmax.torpice.li,Unknown
stgg5jv6mqiibmax.torking.li,Unknown
stgg5jv6mqiibmax.torcreator.li,Unknown
stgg5jv6mqiibmax.torclever.li,Unknown
stgg5jv6mqiibmax.torclasses.li,Unknown
stgg5jv6mqiibmax.torbrouke.li,Unknown
stgg5jv6mqiibmax.toranimals.li,Unknown
stgg5jv6mqiibmax.toradmin.li,Unknown
stercorin.4x79cwew.maxmingler.download,Unknown
stephanie.ucgalleries.com,Unknown
stepbrandy.directionfive.com,Unknown
step.navelr.com,Unknown
stemnodig.dommel.be,Unknown
steenhuise1daudert.fidofrontier.com,Unknown
steams.latest-info.com,Unknown
steamcornmnunuty.mu-n.com,Unknown
steamconnunity.ofsoo.ru,Unknown
steamcommunity.steamid.gq,Unknown
steamcominty.xe0.ru,Unknown
steam.steamscommunity.pro,Unknown
steam.myago.tk,Unknown
steam.fasting.tk,Unknown
steam-keys.ezar.ru,Unknown
stds1go.mutedownload.com,Unknown
std.kerf779.com,Unknown
stclements.phenixcustomers.co.uk,Unknown
stc.96rt.top,Unknown
staygreen.danang.today,Unknown
stavres.entomology.ru,Unknown
status.ybsides.com,Unknown
status.wrestlingfest.com,Unknown
status.uniquelybucks.com,Unknown
status.toiletseatbolts.com,Unknown
status.toiletbolts.com,Unknown
status.tobipage.com,Unknown
status.thriveob.com,Unknown
status.thrivemdchicago.com,Unknown
status.thrivemd.com,Unknown
status.theadventurekid.com,Unknown
status.tf2lists.com,Unknown
status.seweather.net,Unknown
status.rocktravel.org,Unknown
status.orangetheorysm.com,Unknown
status.lgveg.org,Unknown
status.keywestbodyartist.com,Unknown
status.jiwanta.com,Unknown
status.honeybandaid.com,Unknown
status.gtworks.com,Unknown
status.gerhardrosin.ca,Unknown
status.donnaschechter.com,Unknown
status.creepycollective.com,Unknown
status.bookingcabarete.net,Unknown
status.aiimllc.com,Unknown
status.aaaahd.org,Unknown
statsv3.gaycash.com,Unknown
statsncount.bz.cm,Unknown
stats1.corusradio.com,Unknown
stats.update-apps.com,Unknown
stats.oix.com,Unknown
stats.ladotstats.nl,Unknown
stats.jetbrowser.com,Unknown
stats.foxcounter.com,Unknown
stats.emeraldsurfwatermanagement.com,Unknown
stats.barton-elektro.sk,Unknown
stats.absol.co.za,Unknown
staticweb.com.ferrokim.com.tr,Unknown
staticstore.jhoos.com,Unknown
statics.imperdible.cl,Unknown
static4.emoticonize.com,Unknown
static.zmoth.com,Unknown
static.xyimg.net,Unknown
static.updatestar.net,Unknown
static.sex-explorer.com,Unknown
static.photoshop-4u.com,Unknown
static.overget.com,Unknown
static.optimize-windows.net,Unknown
static.onion.vn,Unknown
static.nimp.org,Unknown
static.justhookup.com,Unknown
static.indirveoyna.com,Unknown
static.hotmangas.com,Unknown
static.helpplayflash.stream,Unknown
static.hatid.com,Unknown
static.extramaster.net,Unknown
static.error-soft.net,Unknown
static.datafastguru.info,Unknown
static.contents.sex-explorer.com,Unknown
static.callinghome.biz,Unknown
static.bwtorrents.com,Unknown
static.bisrv.com,Unknown
static.bicdn.com,Unknown
static.atonline.net,Unknown
static.adfclick1.com,Unknown
statement.index-cgi.privacy.secure.problemidcase.com,Unknown
stat.yellowtracker.com,Unknown
stat.isabellebellamodel.ch,Unknown
stash.haveseldom.tk,Unknown
start.openmediasoft.com,Unknown
start.funmoods.com,Unknown
starstrap.co.zw,Unknown
starsmodels.okph.com,Unknown
starlight.cocobay.vn,Unknown
stapi.trustinstaller.com,Unknown
stapi.appscion.com,Unknown
stantonchasedrive.com.ref2343432.merciotanglos.com,Unknown
stancheggera502.apanorama.ws,Unknown
stan1.wivesexposed.com,Unknown
stan1.wetscape.com,Unknown
stan1.upskirts.com,Unknown
stan1.teenteenteen.com,Unknown
stan1.teenshomealone.com,Unknown
stan1.spycams.com,Unknown
stan1.sinfultales.com,Unknown
stan1.simplytranny.com,Unknown
stan1.sexspy.com,Unknown
stan1.oldtarts.com,Unknown
stan1.nudesonline.com,Unknown
stan1.meninthenude.com,Unknown
stan1.interracialfuck.com,Unknown
stan1.grannyfucking.com,Unknown
stan1.fuckspy.com,Unknown
stan1.fuckjapan.com,Unknown
stan1.dirtyteen.com,Unknown
stan1.dirtydykes.com,Unknown
stan1.cumsplatter.com,Unknown
stan1.asiaporno.com,Unknown
stan1.asianangels.com,Unknown
stan1.allbigcocks.com,Unknown
stan1.adultmoviezone.com,Unknown
stalliontrailblazer.co.zw,Unknown
stagliammo452.apanorama.ws,Unknown
staging.schoolsleuth.org,Unknown
staging.santana.eu,Unknown
staging.fanthefirecreative.com,Unknown
staging.elemental-id.com,Unknown
staging-geblog.b2ldigitalprojects.com,Unknown
stage1.afghancuisine.com.au,Unknown
stage.graphiksite.com,Unknown
staff.mezoninn.ru,Unknown
st.sageanalyst.net,Unknown
st.ipornia.com,Unknown
st.clickagents.com,Unknown
st.bestoffersnetworks.com,Unknown
ssxglhc181.feifanmofang.com,Unknown
ssxctmgjpyc.feifanmofang.com,Unknown
sstjhdj7jlled5olwqcb.littlematchagirl.com.au,Unknown
sstewjdu.iglooclearance.com,Unknown
ssssd4rrr.szfuchen.com,Unknown
ssso.anbtr.com,Unknown
sss.51toon.cn,Unknown
ssp3.ilawa.pl,Unknown
sso.anbtr.com,Unknown
ssltrue-membership-service-active.nab-go.info,Unknown
ssl2.blockbitcoin.com,Unknown
ssl.watershowbranson.com,Unknown
ssl.topzer4.top,Unknown
ssl.sinergycosmetics.com,Unknown
ssl.lottos.at,Unknown
ssl.login.skype.com.gohiding.com,Unknown
ssl.istore-recheckbill-idwmid4658944.topslearningsystem.org,Unknown
ssl.houselannister.top,Unknown
ssl.eroscomix.com,Unknown
ssl.bmo-onlineverification.com,Unknown
ssl.arkouthrie.com,Unknown
ssl.amazon-id-17982.de-customercenter-verifikation.info,Unknown
ssl.amazon-id-15982.de-customercenter-verifikation.info,Unknown
ssl.admin.itybuy.it,Unknown
ssl.65financial.com,Unknown
ssl-paypal.safer-security-and-safe-ty-center.xyz,Unknown
ssl-paypal.de-east-account-verification-center.xyz,Unknown
ssl-google-com.shangrilapatagonia.com,Unknown
ssl-drive-drop-com.deltastatelottery.com,Unknown
ssh.hackucd.com,Unknown
sservices.igg.biz,Unknown
ssc2.kuai-go.com,Unknown
ssc.anbtr.com,Unknown
ss0.anbtr.com,Unknown
ss.memehehz.info,Unknown
ss.kuai-go.com,Unknown
ss.anbtr.com,Unknown
srv70.putdrive.com,Unknown
srv1.hameonline.com,Unknown
srv02.dspinteractive.com,Unknown
srv.yavli.com,Unknown
srv.desk-top-app.info,Unknown
srqttjjhdh.centde.com,Unknown
srpze.saqibsiddiqui.com,Unknown
sro.giuseppemarotta.com,Unknown
sro.diezw.com,Unknown
sro.bufiy.cn,Unknown
src-dropbox.absolutebeautyclinicgh.com,Unknown
sragpl7u1o.pnbqhiloi5.madpendesign.com.au,Unknown
sr71.ucgalleries.com,Unknown
square1.fastdrynow.com,Unknown
sql.merkadetodoa92.com,Unknown
sql.huaxialijian.com,Unknown
sq.zzyxwn.com,Unknown
spybot.download-suite.com,Unknown
spy-video.oq.pl,Unknown
spweb.whenu.com,Unknown
spweather.whenu.com,Unknown
spustoszenie.webstars.us,Unknown
spugoszcz.brzuze.eu,Unknown
spth.virii.lu,Unknown
spt.goldcoastguitarteacher.com.au,Unknown
spreadsheet.bdevelop.co.za,Unknown
spread.diadanoivabh.com.br,Unknown
sportshub.outcome.life,Unknown
sportscity.com.bd,Unknown
sportsaddict.thewhizproducts.com,Unknown
sportclips.pinnaclepeo.com,Unknown
sport.eanswers.com,Unknown
sport.albeu.al,Unknown
spor.advertisetr.com,Unknown
sponsors.webosroundup.com,Unknown
sponrol.chrzanowskiart.pl,Unknown
spokengezraee.idv.am,Unknown
split.karmel.hr,Unknown
spjqzkpljm.centde.com,Unknown
spin.mrimaging.com,Unknown
spikelavenderoil.stthomasmonroe.org,Unknown
sph.expoartshop.com,Unknown
spgroup.com.bd,Unknown
speedroofing.jamaica4all.com,Unknown
speed.kinky.toys,Unknown
speed.cushqui.org,Unknown
spechtstraat-preadoption.southernmarylandpopupweddings.com,Unknown
sparkasse.de-vorgangsnummer-kda4.bid,Unknown
sparc.xbg.com,Unknown
spanish.ircfast.com,Unknown
spamgod.kylerchin.com,Unknown
space1.adminpressure.space,Unknown
space.bajamelide.ch,Unknown
space.airtoairmis.top,Unknown
sp.u2xu2.com,Unknown
sp.bsqfck.com,Unknown
sp-club.h2m.ru,Unknown
sozdanie-sajtov.rise-up.nsk.ru,Unknown
soxorok.ddospower.ro,Unknown
sowmilk.pacorahome.com,Unknown
souamaislinda.jlle1.com,Unknown
sossex.ucgalleries.com,Unknown
sosoxnzocpioua7qogte.maherstcottage.com.au,Unknown
sosoxnzocpioua7qogte.littlematchagirl.com.au,Unknown
soros.departamentosejecutivos.cl,Unknown
sorata.iweb.hu,Unknown
soporte.personas.serviestado.cl.conectarse.mejorespersonaschilenas.com,Unknown
soporte.acasia.mx,Unknown
sooqxrpm.yjdata.me,Unknown
soon.portorangeconnection.org,Unknown
soo.anbtr.com,Unknown
sonmn.byinter.net,Unknown
sonhos.huum.com.br,Unknown
sondr5344ygfweyjbfkw4fhsefv.heliofetch.at,Unknown
sondavi.brownbillboards.com,Unknown
somesub.louisianaquickdivorce.com,Unknown
solmaz.ilgarserver.net,Unknown
solidifierent.1percentcre.com,Unknown
solderie.dream3w.com,Unknown
sold.escambiamedicalweed.com,Unknown
soggiunta744.bestofpanorama.ws,Unknown
softwareupdate.thefreshvideo4upgradingnew.review,Unknown
softwareupdate.thefreshvideo4upgradesnew.download,Unknown
softwareupdate.thebestsiteofcontentplace.icu,Unknown
softwareupdate.stablesitetoclickupgradenow.icu,Unknown
softwareupdate.stablesitetoclickupgradenew.club,Unknown
softwareupdate.stablesite2clickupgradenow.icu,Unknown
softwareupdate.stablesite2clickupgradenew.icu,Unknown
softwareupdate.stablesite2clickupgradefree.icu,Unknown
softwareupdate.stablesite2clickupgrade.icu,Unknown
softwareupdate.stablesite-clickupgradenow.club,Unknown
softwareupdate.stablesite-clickupgrade.icu,Unknown
software.waleshigh.com,Unknown
software.trizend.com,Unknown
software.softwareserver05.com,Unknown
software.software-now.net,Unknown
software.onekit.com,Unknown
software.macsoftwareserver05.com,Unknown
software.instant-income-app.com,Unknown
software.firstlook.com,Unknown
software.dowload-wiz.com,Unknown
softupdate.yourbestandfreeupgrade.icu,Unknown
softupdate.updatenewsoft4mac-useable.stream,Unknown
softupdate.thesafeandfineupdating.top,Unknown
softupdate.thesafeandfineupdates.bid,Unknown
softupdate.thesafeandfineupdate.win,Unknown
softupdate.thefastandgreatflashadsscenter.icu,Unknown
softupdate.thebestandfreeupgradingnow.icu,Unknown
softupdate.thebestandfreeupgrades.icu,Unknown
softremoval.pcaccel.com,Unknown
softreadynow.yourstablewebsiteforcontentsfree.icu,Unknown
softreadynow.yourstablewebsiteforcontents.icu,Unknown
softreadynow.yoursecondbestplace4contents.stream,Unknown
softreadynow.yoursecondbestplace-4contents.stream,Unknown
softreadynow.yoursecondbestplace-4contents.download,Unknown
softreadynow.yoursecondbestplace-4contents.date,Unknown
softreadynow.yoursecondbestplace-4contents.bid,Unknown
softreadynow.yoursecondbestplace-4content.win,Unknown
softreadynow.yoursecondbestplace-4content.trade,Unknown
softreadynow.yoursecondbestplace-4content.review,Unknown
softreadynow.yoursecondbestplace-4content.download,Unknown
softreadynow.yoursecondbestplace-4content.date,Unknown
softreadynow.thetimetogetlinksnew.icu,Unknown
softreadynow.thetimetogetlinkingnew.icu,Unknown
softreadynow.thetime2getupgradesnew.icu,Unknown
softreadynow.thelinktogetupdating.host,Unknown
softreadynow.thefreelinktogetupdates.xyz,Unknown
softreadynow.thefreelinktogetupdate.xyz,Unknown
softreadynow.thebigforeverupgrade.review,Unknown
softreadynow.greatandsafewaystocontents.icu,Unknown
softreadynow.greatandsafewaystocontent.icu,Unknown
softreadynow.greatandsafeways4content.icu,Unknown
softreadynow.greatandsafeways2contents.icu,Unknown
softreadynow.allthebestupdating.review,Unknown
softreadynow.allthebestupdating.date,Unknown
softreadynow.allthebestupdating.bid,Unknown
softreadynow.allthebestupdates.date,Unknown
softreadynow.allthebestupdate.trade,Unknown
softreadynow.allthebestupdate.review,Unknown
softreadynow.allthebestupdate.date,Unknown
softreadynow.allthebest-update.trade,Unknown
softreadynow.allthebest-update.review,Unknown
softreadynow.allthebest-update.date,Unknown
softready.yoursafeandult2updates.bid,Unknown
softready.yoursafeandult2update.stream,Unknown
softready.yourbroadstableupgrading.xyz,Unknown
softready.yourbroadstableupgrading.icu,Unknown
softready.yourbroadstableupgrades.xyz,Unknown
softready.yourbroadstableupgrades.icu,Unknown
softready.yourbroadstableupgrade.xyz,Unknown
softready.yourbroadstableupgrade.icu,Unknown
softready.topeasysofttoigetalwaysfree.website,Unknown
softready.topeasysofttoigetalwaysfree.space,Unknown
softready.thebroadstableupgrading.xyz,Unknown
softready.thebroadstableupgrading.icu,Unknown
softready.thebroadstableupgrades.xyz,Unknown
softready.thebroadstableupgrades.icu,Unknown
softready.thebroadstableupgrade.xyz,Unknown
softready.thebroadstableupgrade.icu,Unknown
softready.freebestlink-onnet.xyz,Unknown
softready.contestloadmoreparameters4contentdistindetification.trade,Unknown
softready.broadstableupgradingnew.xyz,Unknown
softready.broadstableupgradingnew.icu,Unknown
softready.broadstableupgrading.xyz,Unknown
softready.broadstableupgrading.icu,Unknown
softready.broadstableupgradesnew.xyz,Unknown
softready.broadstableupgradesnew.icu,Unknown
softready.broadstableupgrades.xyz,Unknown
softready.broadstableupgrades.icu,Unknown
softready.broadstableupgradenew.xyz,Unknown
softready.broadstableupgradenew.icu,Unknown
softready.broadstableupgrade.xyz,Unknown
softready.broadstableupgrade.icu,Unknown
softparade.freelandmedia.com,Unknown
softorama.searchalgo.com,Unknown
softnewready.yourupdatefun-housenowcontent.icu,Unknown
softnewready.yourupdatefun-housefreecontent.icu,Unknown
softnewready.yourupdatefun-housecontent.icu,Unknown
softnewready.theupdatefunhousefreecontent.icu,Unknown
softnewready.theupdatefun-housefreecontent.icu,Unknown
softnewready.thestableforgreatcontentingnow.icu,Unknown
softnewready.thestableforgreatcontentingnew.icu,Unknown
softnewready.stablesitetoclickupgradenow.icu,Unknown
softnewready.stablesitetoclickupgradenew.club,Unknown
softnewready.stablesite2clickupgradenow.icu,Unknown
softnewready.stablesite2clickupgradefree.icu,Unknown
softnewready.stablesite-clickupgradenew.icu,Unknown
softnewready.stablesite-clickupgrade.icu,Unknown
softnewready.setupupgrade4892315.download,Unknown
softnewready.awesomemaandlystable4contentandglast.icu,Unknown
soft4update.yourthegreatreliablewaycontent.icu,Unknown
soft4update.yourgreatreliableway2contents.icu,Unknown
soft4update.thesitetostreamsafevideo.icu,Unknown
soft4update.thesiteforstreamsafevideo.xyz,Unknown
soft4update.thesiteforstreamsafevideo.icu,Unknown
soft4update.thesite2streamsafevideo.xyz,Unknown
soft4update.thesite2streamsafevideo.icu,Unknown
soft4update.thereadysystemsforsitesnow.icu,Unknown
soft4update.thereadysystemsforsitenow.icu,Unknown
soft4update.thereadysystemsforsiteingnow.icu,Unknown
soft4update.thereadysystems4sitesnow.icu,Unknown
soft4update.thereadysystems4siteingnow.icu,Unknown
soft4update.thegreatsitetofindcontentnew.icu,Unknown
soft4update.thegreatsite-findcontentnew.icu,Unknown
soft4update.thegreatsite-findcontentfree.icu,Unknown
soft4update.thegreatsite-findcontent.icu,Unknown
soft4update.thecontenttostreamrealvideo.xyz,Unknown
soft4update.thecontentforstreamrealvideo.xyz,Unknown
soft4update.thecontentforstreamrealvideo.icu,Unknown
soft4update.thecontent2streamrealvideo.xyz,Unknown
soft4update.thealwaysbetterupgradingbuddy.win,Unknown
soft4update.thealwaysbetterupgradebuddy.win,Unknown
soft4update.superstreamforpcmac.xyz,Unknown
soft4update.sitetostreamsafevideo.xyz,Unknown
soft4update.sitetostreamsafevideo.icu,Unknown
soft4update.sitetostreamingsafevideo.xyz,Unknown
soft4update.siteforstreamsafevideo.icu,Unknown
soft4update.siteforstreamingsafevideo.icu,Unknown
soft4update.site4streamsafevideo.icu,Unknown
soft4update.site4streamingsafevideo.xyz,Unknown
soft4update.site4streamingsafevideo.icu,Unknown
soft4update.site2streamingsafevideo.icu,Unknown
soft4update.safe4search.review,Unknown
soft4update.readysystemsforsitesnow.xyz,Unknown
soft4update.readysystemsforsitenow.icu,Unknown
soft4update.readysystemsforsiteingnow.icu,Unknown
soft4update.readysystems4sitesnow.icu,Unknown
soft4update.forfreeupgrades.org,Unknown
soft4update.contenttostreamrealvideo.xyz,Unknown
soft4update.contenttostreamrealvideo.icu,Unknown
soft4update.contenttostreamingrealvideo.xyz,Unknown
soft4update.contentforstreamrealvideo.xyz,Unknown
soft4update.contentforstreamrealvideo.icu,Unknown
soft4update.contentforstreamingrealvideo.xyz,Unknown
soft4update.content4streamingrealvideo.xyz,Unknown
soft4update.content4streamingrealvideo.icu,Unknown
soft4update.content2streamrealvideo.xyz,Unknown
soft4update.content2streamrealvideo.icu,Unknown
soft4update.content2streamingrealvideo.xyz,Unknown
soft4update.content2streamingrealvideo.icu,Unknown
soft2apt.thegreatsitetofindcontentfree.icu,Unknown
soft2apt.thegreatsite-findcontentnew.icu,Unknown
soft2apt.thegreatsite-findcontentfree.icu,Unknown
soft2apt.thegreatsite-findcontent.icu,Unknown
soft2apt.searchmacandpc2updating.stream,Unknown
soft2apt.searchmacandpc2updating.bid,Unknown
soft2.xzstatic.com,Unknown
soft.zhidou168.com,Unknown
soft.youxi123.com,Unknown
soft.xiuxiu8.cn,Unknown
soft.ucbug.cc,Unknown
soft.srsroot.com,Unknown
soft.seovv.com,Unknown
soft.ntdns.cn,Unknown
soft.lyycd.com,Unknown
soft.lego-web.ru,Unknown
soft.jbdown.net,Unknown
soft.hthgfffrty.com,Unknown
soft.ewan.pl,Unknown
soft.duote.org,Unknown
soft.3dns.us,Unknown
soft.17767.com.cn,Unknown
soft-hardcoreteens.ucgalleries.com,Unknown
sofia.flashticketswf.xyz,Unknown
sofftermoandy.igg.biz,Unknown
sociconnect-eng.rocketbar.ru,Unknown
social.donboscosihanoukville.org,Unknown
so.anbtr.com,Unknown
snw.snellewieken.nl,Unknown
snsbank.nl.mijnsns.snelzelfregelen.be,Unknown
snrp.uglyas.com,Unknown
snowboardleakest.cct.tc,Unknown
snore.sabreasiapacific.com,Unknown
snissoft.innovativetraining4u.com,Unknown
sniperscan.meidcraft.de,Unknown
sngbeizsuselnp2mbwyj.alfacomercial.com.br,Unknown
sncoal.09006.com,Unknown
snb.pinkjacketclients.com,Unknown
snap.cr-acad.com,Unknown
sn.actisens.com,Unknown
smw5vgivgm.centde.com,Unknown
smtp.zytechs-co.com,Unknown
smtp.wanjiall-group.com,Unknown
smtp.tyilt.com,Unknown
smtp.transcrecsent.com,Unknown
smtp.sdbiosensors.com,Unknown
smtp.schneiders-electric.com,Unknown
smtp.robiia.net,Unknown
smtp.presidency-gov-ng.com,Unknown
smtp.potinsnews.com,Unknown
smtp.pgm-gruop.eu,Unknown
smtp.njamagroup.space,Unknown
smtp.jaychemmarketings.com,Unknown
smtp.helcrawelectricals.com,Unknown
smtp.haynesint-uk.com,Unknown
smtp.ghsdtv.com,Unknown
smtp.eurosuadi.com,Unknown
smtp.cvlota.com,Unknown
smtp.crystalsfoodoil.com,Unknown
smtp.bfsgmbh-de.com,Unknown
smtp.belvitatravel.ru,Unknown
smtp.argilent.com,Unknown
smtp.angenterstla360.com,Unknown
smtp.alamitec-ma.com,Unknown
smtp.acrotecna-it.com,Unknown
smsmbuhsfeni.edu.bd,Unknown
sms.wfmobile.info,Unknown
sms.wakenet.se,Unknown
sms.paintballlingco.net,Unknown
sms.mway.com.tw,Unknown
sms.mos.com.vn,Unknown
sms.idolmovies.com,Unknown
sms.drwhox.com,Unknown
smpmzlzhyj.sb1338.com,Unknown
smpit.assyifa-boardingschool.sch.id,Unknown
smpia1.al-azhar.sch.id,Unknown
smokedashietz.slaykings.io,Unknown
smoke.bitcoinlimos.com,Unknown
smn.klm.net.pl,Unknown
smkacsklang.iad3253cmia.com,Unknown
smjhil7c7j.pnhtz2aiwa.madpendesign.com.au,Unknown
smilll.depozit.hr,Unknown
smiles.pontosextra.com.br,Unknown
smile.ganhandoitensextra.com.br,Unknown
smed13.inducido.com,Unknown
smartsystemcare.safe-mart.store,Unknown
smarthome.quangcaosangtao.vn,Unknown
smartfixer.software-phile.com,Unknown
smart.yourfiledownloader.com,Unknown
smart.styria-digital.com,Unknown
smart.la-wedding-photographer.com,Unknown
sma.insanrabbany.sch.id,Unknown
sm.posthash.org,Unknown
slypark.gotnet.net,Unknown
sluucqztbz.centde.com,Unknown
slot.sub-zero.it,Unknown
sloferi.pdns.cz,Unknown
slinie.aielber.com,Unknown
slftvvare.me.platwo.com,Unknown
slendersensewmu.fatlossfusion.com,Unknown
slavdvor.qb-i.ru,Unknown
slat.thecenterforcomputers.com,Unknown
slaskiengo.teatrgrodzki.pl,Unknown
slap.alliancekl.com,Unknown
slanted.excelonlinereader.services,Unknown
slame.aberpacaran.net,Unknown
sl.ivankatraff.com,Unknown
skygoji.evicxixi.com,Unknown
skycnxz5.wy119.com,Unknown
skycnxz3.wy119.com,Unknown
skycnxz2.wy119.com,Unknown
sky.violet.la,Unknown
sky.nepis.faith,Unknown
sky.groupwaremaster.co.kr,Unknown
skumari.objectives.ws,Unknown
skpd.jpwpl.edu.my,Unknown
sklep.swiezyoddech.pl,Unknown
sklep.babell.com.pl,Unknown
skids.sancalvicie.com,Unknown
sketches.gumpzzyr.xyz,Unknown
sketchabilityexhausserai.byedog.com,Unknown
skcnimfibivt35otaq80.mbservicesyorkshire.co.uk,Unknown
skaraguzhev.5x.to,Unknown
ska.energia.cz,Unknown
sjglou.wumingch.com,Unknown
sj56xz.91juli.com,Unknown
sj.mummei.com,Unknown
size.bitcoinfastpass.com,Unknown
sitler.moscowid.net,Unknown
sitioweb.wbline.xyz,Unknown
sitio655.vtrbandaancha.net,Unknown
sitesection.bblogspot.com,Unknown
sites.blueskydigital.com.au,Unknown
sitemap.skybox1.com,Unknown
site2.cybertechpp.com,Unknown
site2.criaderoeleclipse.co,Unknown
site1.ideomind.in,Unknown
site1.cybertechpp.com,Unknown
site05.michaelrabet.fr,Unknown
site.sitez3.com,Unknown
site.maytinhhoangthanh.com,Unknown
site.listachadebebe.com.br,Unknown
site.jehfilmeseseries.com,Unknown
site.ipark.tur.br,Unknown
site.gotoeurokingclub.com,Unknown
site.falconbucks.com,Unknown
site.domoparis.com,Unknown
site.dealshaul.com,Unknown
site.camtechsurveillance.com,Unknown
site.androidcityshop.top,Unknown
site.4uclub.ru,Unknown
sisters.truyen24h.info,Unknown
sistemascg.nextelperu.net,Unknown
sistema.ventcorp.com,Unknown
sipinternal.handsofhealing.org,Unknown
singin-e3bay-co-uk.hardinsindustries.com,Unknown
singin-e3bay-co-uk.daltonautomotive.com,Unknown
sinfulsharing.ucgalleries.com,Unknown
simplytel.nonstopviews.de,Unknown
simpi.tourstogo.us,Unknown
simmage.gabrielceausescu.com,Unknown
simis.siambrothersvn.com,Unknown
simdemo.official.pw,Unknown
silvotecna.co.cl,Unknown
silvina-xlovecam.infosexcam.com,Unknown
silent.whoami.la,Unknown
sil.rexxl.com,Unknown
sihcrotsoo.fidofrontier.com,Unknown
signn.arngear.id,Unknown
signin.wfmobile.review,Unknown
signin.encoding.amaz.fbbcr4xmu0ucvwec2graqrjs5pksoamofxrgj5uyza2hm5spdf3fm7gl3rgn.chinaboca.com,Unknown
signin.eby.de.gd0ymmnat1yonlm.verticaldesign.com.au,Unknown
signin.eby.de.4wzmuhvgb2yqxej.verticaldesign.com.au,Unknown
signin.ebuyers.info,Unknown
signin.ebay.de.ebaisapidllocssignindeptnedepppro.doctors-life.de,Unknown
signin.ebay.de.ebaisapidllocssignindeptnedep.das-kleine-freie.de,Unknown
signin.e-bay.us-accountid9520580604.sig-eb.me,Unknown
signin.e-bay.us-accountid9241605818.sig-eb.me,Unknown
signin.e-bay.us-accountid8567581227.sig-eb.me,Unknown
signin.e-bay.us-accountid6225640039.sig-eb.me,Unknown
signin.e-bay.us-accountid6082574754.sig-eb.me,Unknown
signin.e-bay.us-accountid4358114473.sig-eb.me,Unknown
signin.e-bay.us-accountid1866103002.sig-eb.me,Unknown
signin.e-bay.us-accountid1450750918.sig-eb.me,Unknown
signin.e-bay.us-accountid1355210440.sig-eb.me,Unknown
signin.e-bay.us-accountid0902852226.sig-eb.me,Unknown
signin.e-bay.us-accountid0617217684.sig-eb.me,Unknown
signin.e-bay.us-accountid0434768464.sig-eb.me,Unknown
signin.appleidinc.supportappleidinc.com,Unknown
signin.amazon.co.uk-prime.form-unsuscribe.id-9337.steservices.com.au,Unknown
signin.amazon.co.uk-prime.form-unsuscribe.id-6861.staticfiction.com,Unknown
signin.amazon.co.uk-prime.form-unsuscribe.id-5564.charlescooper.com.au,Unknown
signin.amazon.co.uk-prime.form-unsuscribe.id-5560.naturalsoap.com.au,Unknown
signin.amazon.co.uk-prime.form-unsuscribe.id-4919.naturalsoap.com.au,Unknown
signin.amazon.co.uk-prime.form-unsuscribe.id-3234.staticfiction.com,Unknown
signin.account.de-idwaivnz5caizlhrvfsdsx.pra-hit.me,Unknown
signin.account.de-idny8uxpccywjixug1xkuv.pra-hit.me,Unknown
signin.account.de-idms4ototqylaxd0foeken.pra-hit.me,Unknown
signin.account.de-idi8de9anrso90mhbqqsgd.pra-hit.me,Unknown
signin.account.de-idanh0xj7jccvhuhxhqyyw.pra-hit.me,Unknown
signin.account.de-id49qhxg98i1qr9idbexu9.pra-hit.me,Unknown
signalcomtwo.studiosigel.com.br,Unknown
sign098.safariforafrica.com,Unknown
sign.syncedconsulting.com,Unknown
sign.hendarson-services.com,Unknown
sign.encoding.information.uzmzudseodc2fjpyi6mjcxndiymtuzmzufazdseyi6swh58fmodc2fjqxoc2fjp.chinaboca.com,Unknown
sigin.ehay.it.ws.dev.eppureart.com,Unknown
sigin.ehay.it.dev.acconot.ws.italia.oggleprints.co.uk,Unknown
sif3ukt4yh.ll1k5hvewa.madpendesign.com.au,Unknown
sicurezza.cartetitolarimps.online,Unknown
sicurezza-cartasi.itax9.vefaprefabrik.com.tr,Unknown
sicredion.bremv.com.br,Unknown
sicredi.suporteid.com.br,Unknown
sicredi.com.br.incorpbb.com,Unknown
sicoob.idsuporte.com.br,Unknown
sicken.cede.cl,Unknown
sicherheitsabfrage.vorgangsnummer-4239334.top,Unknown
sicherheitonline.sicherimpp.top,Unknown
sicherheitonline.sicherheitbeipp.top,Unknown
sicher-payp.al-serviceguard.info,Unknown
sic.lbcirnmemorybox.co.uk,Unknown
sib.com.ge,Unknown
siadap.sharevalue.pt,Unknown
shzlsyyxgs.002.sh.cn,Unknown
shzjfdcyxgs.002.sh.cn,Unknown
shyljtyxgs.002.sh.cn,Unknown
shxpjsgcjlzxyxzrgs.002.sh.cn,Unknown
shxiatdg.aowqrjxrwn.com,Unknown
shutdown.cgffood.vn,Unknown
shszwyjtyxgs.002.sh.cn,Unknown
shs.grafixreview.com,Unknown
shrwsjgyyxgs.002.sh.cn,Unknown
shrip228.101panorama.ws,Unknown
shrestharaju.info.np,Unknown
shpkljyxgs.002.sh.cn,Unknown
show2.textads.lv,Unknown
show.textads.lv,Unknown
show.adclick.lt,Unknown
shovi.frost-electric-supply.com,Unknown
shopping.jefind.com,Unknown
shopping.fueps.com,Unknown
shop.vixtro.com,Unknown
shop.ttentionenergy.com,Unknown
shop.thekenarchitecture.com,Unknown
shop.theirishlinenstore.com,Unknown
shop.sohbet24.net,Unknown
shop.skytal.de,Unknown
shop.siaraya.com,Unknown
shop.selectcellars.com.au,Unknown
shop.mp3sale.ru,Unknown
shop.mkl-systems.de,Unknown
shop.milazite.com,Unknown
shop.lanstech.nl,Unknown
shop.justguam.com,Unknown
shop.heirloomwoodenbowls.com,Unknown
shop.harsenart.com,Unknown
shop.gopetrom.com,Unknown
shop.futurefactory-software.com,Unknown
shop.freepush.com,Unknown
shop.firmacenter.pl,Unknown
shop.fangiobrokeraggio.com,Unknown
shop.esupplysystems.com,Unknown
shop.enkido.org,Unknown
shop.devisvrind.nl,Unknown
shop.deliciescatalanes.com,Unknown
shop.damcuoi.vn,Unknown
shop.camacartigrafiche.com,Unknown
shop.bremer-mineraloel.de,Unknown
shop.albertgrafica.com.br,Unknown
shop.airlux-v.com,Unknown
shop.69slam.sk,Unknown
shop.0769168.com,Unknown
shoetheworld.wecleanoklahoma.com,Unknown
shoes.fonicweb.com,Unknown
shockmedia.co.zw,Unknown
shocker384.bestofpanorama.ws,Unknown
shoal.grahanusareadymix.com,Unknown
shoac.mymag250.co.uk,Unknown
shlzjxyxgs.002.sh.cn,Unknown
shlyunko.zyr.su,Unknown
shly.fsygroup.com,Unknown
shlxkjzxyxgs.002.sh.cn,Unknown
shl1bok3w.coocfan.com,Unknown
shkolamagn1.ciclevka.ru,Unknown
shizuoka.ssvf.mbsrv.jp,Unknown
shiniga.ratishnaroor.com,Unknown
shingen.whiteboxdj.com,Unknown
shineplus.co.zw,Unknown
shine.bmt.city,Unknown
shiguang.01mir2.com,Unknown
shib.nscu.ga,Unknown
shhywyyxgs.002.sh.cn,Unknown
sherv.filecdn.com,Unknown
shernagarasfmadrasah.edu.bd,Unknown
sheny.hyoo.co,Unknown
shenanyibiao.002.sh.cn,Unknown
shemalevideos.amazingpass.com,Unknown
shemales.indianshemales.com,Unknown
shemale-pics.indianshemales.com,Unknown
shema.firstcom.co.kr,Unknown
shdysbcyxgs.002.sh.cn,Unknown
shdypfjsyxgs.002.sh.cn,Unknown
sharon.stone.sms13.de,Unknown
sharon.stone.kuss.sms13.de,Unknown
shark.iphoneporn.info,Unknown
sharepoint.pdf.geodata9.com,Unknown
sharepoint.exch022993893-kop.betsdrys.xyz,Unknown
sharepoint.airbaitic.com,Unknown
sharedsecure-files.lesprivatmatrix.com,Unknown
sharedprofessionalsfiles.kekelu.com.br,Unknown
shared.juicybucks.com,Unknown
share.xiaomeeyouxi.cn,Unknown
share.da.cx,Unknown
sharapova2017.100chickens.biz,Unknown
shantiniketangranthalay.technoexam.com,Unknown
shanko2.zyr.su,Unknown
shanghai.libatu.com,Unknown
shalongguoji.sa177.com,Unknown
shalongguoji.sa170.com,Unknown
shalongguoji.sa167.com,Unknown
shalongguoji.sa152.com,Unknown
shalongguoji.sa135.com,Unknown
shalongguoji.sa129.com,Unknown
shalongguoji.sa099.com,Unknown
shalongguoji.sa093.com,Unknown
shalongguoji.sa019.com,Unknown
shalo.europeslist.com,Unknown
sh.xhoao.com,Unknown
sh.barterupentrepreneurs.com,Unknown
sgftrxev9a.centde.com,Unknown
sga.skillsgapanalysis.com,Unknown
sfs.ezdownloadpro.info,Unknown
sfr.fr.enligne-activation.ralstonworks.com,Unknown
sfqbxzvme.notafiscal04.com,Unknown
sfq6bdiusp.elxsleor7r.madpendesign.com.au,Unknown
sfpozqn652.centde.com,Unknown
sfolgoreggiavi420.apanorama.ws,Unknown
sfilter.bigtrust.co.kr,Unknown
sfile.multimediasoftwaredownload.com,Unknown
sfera.asbestgbi.com,Unknown
sfd.lahazone.com,Unknown
sf.5uwl.net,Unknown
sexyteenhotamateurs.ucgalleries.com,Unknown
sexysaturday.vacuity.de,Unknown
sexyporn.ucgalleries.com,Unknown
sexyday.sexshop-x.com,Unknown
sexybabes2.ucgalleries.com,Unknown
sexy13.webgourou.com,Unknown
sexy.ucgalleries.com,Unknown
sexy.legratuit.com,Unknown
sexy.hintergrundbilder.sms13.de,Unknown
sexy-underwear.blogomer.com,Unknown
sexy-cartoon-porn.0my.net,Unknown
sexy-asian-babes.blogomer.com,Unknown
sexpics.ucgalleries.com,Unknown
sexo.gay.allmanpages.com,Unknown
sexkiss-24.web-go.net,Unknown
sexedumonde.ucgalleries.com,Unknown
sex16102.5x.to,Unknown
sex.xx1.ch,Unknown
sex.whodoyouthinkweare.com,Unknown
sex.phone.sms13.de,Unknown
sex.per.sms.sms13.de,Unknown
sex.kuncsaft.hu,Unknown
sex.klingeltoene.sms.sms13.de,Unknown
sex.damhost.com,Unknown
sex-videos.gocunt.com,Unknown
sevise-notification.rccgnaprotocol.org,Unknown
sevise-notification.com.topanimationgroup.com,Unknown
seven.bitcoinracetrack.com,Unknown
setupupgrade12.thebigandalwaysfree4updating.bid,Unknown
setupupgrade12.stablewebsite2findcontentnow.icu,Unknown
setupupgrade12.stablewebsite2findcontentnew.icu,Unknown
setupupgrade12.stablewebsite2findcontentfree.icu,Unknown
setupupgrade12.stablewebsite-findcontentfree.icu,Unknown
setupupgrade12.stablewebsite-findcontent.icu,Unknown
setupupgrade12.stablewebsite-clicksfree.icu,Unknown
setupupgrade12.stablewebsite-clicks.icu,Unknown
setupupgrade12.havingbestcenter2sitestreamingtoday.trade,Unknown
setupupgrade12.havingbestcenter2sitestreamingtoday.bid,Unknown
setupupgrade12.havingbestcenter2sitestreamingthisweek.date,Unknown
setupupgrade12.havingbestcenter2sitestreamingthismonth.date,Unknown
setupupgrade12.havingbestcenter2sitestreamingnow.date,Unknown
setupupgrade12.havingbestcenter2sitestreaming.date,Unknown
setupupgrade12.finestandbetterupdate.pro,Unknown
setupupgrade12.bettersiteoflinksitereal.icu,Unknown
setupupgrade.yourstablewebsiteforcontentsperfect.icu,Unknown
setupupgrade.yourstablewebsiteforcontentsafe.icu,Unknown
setupupgrade.yourstablewebsiteforcontentperfect.icu,Unknown
setupupgrade.yourbestgameplaces.download,Unknown
setupupgrade.yourbestgameplace.stream,Unknown
setupupgrade.yourbestgameplace.bid,Unknown
setupupgrade.stabletoupgrading.review,Unknown
setupupgrade.stabletoupgrades.bid,Unknown
setupupgrade.alltimecontentservicefree.trade,Unknown
setupupgrade.alltimecontentservicefree.stream,Unknown
setupupgrade.alltimecontent-service.bid,Unknown
setupnow.yourupgradeawesomesitesafecontent.icu,Unknown
setupnow.yourupgradeawesomesitenowcontent.icu,Unknown
setupnow.yourupgradeawesomesitenewcontent.icu,Unknown
setupnow.yourupgradeawesome-sitenewcontent.icu,Unknown
setupnow.yourbestgameplaces.date,Unknown
setupnow.yourbestgameplace.date,Unknown
setupnow.videosearchingspace2updates.download,Unknown
setupnow.videosearchingspace2update.stream,Unknown
setupnow.reliable4greatcontentingnow.icu,Unknown
setupnow.reliable4greatcontentcenter.icu,Unknown
setupnow.nowuptimereadyandsetgo.bid,Unknown
setupnow.nowupreadyandsetgo.top,Unknown
setupnow.loadultimatecontent.win,Unknown
setupnow.loadultimatecontent.download,Unknown
setupnow.loadultimatecontent.date,Unknown
setupnow.loadultimatecontent.bid,Unknown
setupnow.loadbestcontent.stream,Unknown
setupnow.all4upgradingyouwilleverneeds.win,Unknown
setupdate24.yourstablewebsiteforcontentsperfect.icu,Unknown
setupdate24.yourstablewebsiteforcontentsgood.icu,Unknown
setupdate24.yourstablewebsiteforcontentscentral.icu,Unknown
setupdate24.yourstablewebsiteforcontentsafe.icu,Unknown
setupdate24.yourbestsource4contentreliable.icu,Unknown
setupdate24.yourbestsafecontentingnew.icu,Unknown
setupdate24.yourbestandfreeupgrade.icu,Unknown
setupdate24.theultimateandreadyforupdating.stream,Unknown
setupdate24.theultimateandreadyforupdating.bid,Unknown
setupdate24.theultimateandreadyforupdates.stream,Unknown
setupdate24.theultimateandreadyforupdate.stream,Unknown
setupdate24.thebestandfreeupgradingnow.icu,Unknown
setupdate24.thebestandfreeupgrading.icu,Unknown
setupdate24.thebestandfreeupgrades.icu,Unknown
setupdate24.thebestandfreeupgradenow.icu,Unknown
setupdate24.readyforucontent.review,Unknown
setupdate24.havinggreatamazingupdtallthetime.stream,Unknown
setup.shieldapps.ml,Unknown
setup.meltoninsures.com,Unknown
setup.gohub.online,Unknown
setup.cladg.com,Unknown
setup.appscion.com,Unknown
setup.advancedcleaner.com,Unknown
setup.6376110.com,Unknown
setup.20170101.info,Unknown
settingupdate.yourfinebetterforupdatingsys.win,Unknown
settingupdate.yourfinebetterforupdatesys.top,Unknown
settingupdate.thebestsourceofcontents.download,Unknown
settingupdate.thebestsourceofcontents.date,Unknown
settingupdate.thebestsourceofcontent.win,Unknown
settingupdate.thebestsourceofcontent.trade,Unknown
settingupdate.thebestsourceofcontent.download,Unknown
settingupdate.thebestsourceofcontent.date,Unknown
settingupdate.thebestsourceofcontent.bid,Unknown
settingupdate.freeofchargecontent.trade,Unknown
settingupdate.freeofcharge-content.win,Unknown
settingupdate.freeofcharge-content.stream,Unknown
settingupdate.freeofcharge-content.download,Unknown
settingupdate.freeofcharge-content.date,Unknown
settingupdate.fastandgrearforupdatecontentsnow.icu,Unknown
settingupdate.fastandgrearforupdatecontentsnew.icu,Unknown
settingupdate.fastandgrearforupdatecontentscenter.icu,Unknown
settingupdate.fastandgrearforupdatecontentnow.icu,Unknown
settingupdate.fastandgrearforupdatecontentnew.icu,Unknown
settingupdate.fastandgrearforupdatecontentingcenter.icu,Unknown
settingupdate.bestadyoucanhavetodatenowgreatest.stream,Unknown
settingupdate.bestadyoucanhavetodatenowgreatest.review,Unknown
settingupdate.bestadyoucanhavetodatenoweasytouse.date,Unknown
settingupdate.bestadyoucanhavetodatenowalways.stream,Unknown
settingupdate.bestadyoucanhavetodatenowalways.review,Unknown
settingupdate.bestadyoucanhavetodatenowalways.date,Unknown
settingupdate.bestadyoucanhavetodatenowalways.bid,Unknown
settingupdate.bestadyoucanhavetodatenow.stream,Unknown
settingupdate.bestadyoucanhavetodatenow.review,Unknown
settingupdate.bestadyoucanhavetodatenow.date,Unknown
settingupdate.bestadyoucanhavetodatenow.bid,Unknown
settings.widdit.com,Unknown
settings-account.store.apple.com-account.store.apple.it.intesasa.com,Unknown
settings-account.store.apple.com-account.store.apple.it.inaitt.com,Unknown
setting4upgrade.themyplace4funsetnow2contentsafe456.net,Unknown
setting4upgrade.thebigandprepared2updating.trade,Unknown
setting4upgrade.thebigandprepared2updating.stream,Unknown
setting4upgrade.thebigandprepared2updating.review,Unknown
setting4upgrade.thebigandprepared2updates.win,Unknown
setting4upgrade.thebigandprepared2updates.trade,Unknown
setting4upgrade.thebigandprepared2updates.stream,Unknown
setting4upgrade.thebigandprepared2updates.review,Unknown
setting4upgrade.thebigandprepared2updates.download,Unknown
setting4upgrade.thebigandprepared2update.stream,Unknown
setting4upgrade.thebigandprepared2update.review,Unknown
setting4upgrade.fastandgrearforupdatecontentsnow.icu,Unknown
setting4upgrade.fastandgrearforupdatecontentsnew.icu,Unknown
setting4upgrade.fastandgrearforupdatecontentscenter.icu,Unknown
setting4upgrade.fastandgrearforupdatecontents.icu,Unknown
setting4upgrade.fastandgrearforupdatecontentnow.icu,Unknown
setting4upgrade.fastandgrearforupdatecontentnew.icu,Unknown
set4update4u.yoursecondbestplacecontent.date,Unknown
set4update4u.yoursecondbestplace-contents.win,Unknown
set4update4u.yoursecondbestplace-contents.review,Unknown
set4update4u.yoursecondbestplace-contents.download,Unknown
set4update4u.yoursecondbestplace-contents.date,Unknown
set4update4u.yoursecondbestplace-content.date,Unknown
set4update4u.yoursecondbestplace-content.bid,Unknown
set4update4u.thesitetoplayandsavebig.xyz,Unknown
set4update4u.thesitetoplayandsavebig.icu,Unknown
set4update4u.thesiteforplayandsavebig.xyz,Unknown
set4update4u.thesiteforplayandsavebig.icu,Unknown
set4update4u.thesite4playandsavebig.xyz,Unknown
set4update4u.thesite4playandsavebig.icu,Unknown
set4update4u.thesite2playandsavebig.xyz,Unknown
set4update4u.thesite2playandsavebig.icu,Unknown
set4update4u.sitetoplayingandsavebig.xyz,Unknown
set4update4u.sitetoplayingandsavebig.icu,Unknown
set4update4u.sitetoplayandsavebig.xyz,Unknown
set4update4u.sitetoplayandsavebig.icu,Unknown
set4update4u.siteforplayingandsavebig.xyz,Unknown
set4update4u.siteforplayingandsavebig.icu,Unknown
set4update4u.siteforplayandsavebig.xyz,Unknown
set4update4u.siteforplayandsavebig.icu,Unknown
set4update4u.site4playingandsavebig.xyz,Unknown
set4update4u.site4playingandsavebig.icu,Unknown
set4update4u.site4playandsavebig.xyz,Unknown
set4update4u.site4playandsavebig.icu,Unknown
set4update4u.site2playingandsavebig.xyz,Unknown
set4update4u.site2playingandsavebig.icu,Unknown
set4update4u.site2playandsavebig.xyz,Unknown
set4update4u.site2playandsavebig.icu,Unknown
set4update4u.mysafeplaceforcontents.win,Unknown
set4update4u.mysafeplaceforcontents.trade,Unknown
set4update4u.mysafeplaceforcontents.stream,Unknown
set4update4u.mysafeplaceforcontents.review,Unknown
set4update4u.mysafeplaceforcontent.win,Unknown
set4update4u.mysafeplaceforcontent.trade,Unknown
set4update4u.mysafeplaceforcontent.stream,Unknown
set4update4u.mysafeplaceforcontent.review,Unknown
set4update4u.mysafeplaceforcontent.download,Unknown
set4update4u.mysafeplaceforcontent.date,Unknown
set4update4u.mysafeplaceforcontent.bid,Unknown
set4update4u.mysafeplace4contents.trade,Unknown
set4update4u.mysafeplace4contents.download,Unknown
set4update4u.mysafeplace4contents.date,Unknown
set4update4u.mysafeplace4contents.bid,Unknown
set4update4u.mysafeplace4content.date,Unknown
set4update4u.mysafeplace4content.bid,Unknown
set2updatenow.yoursafest2searching.review,Unknown
set2updatenow.yoursafest2search.win,Unknown
set2updatenow.yoursafest2search.bid,Unknown
set2updatenow.setupupgradesetandgo.bid,Unknown
set2updatenow.mainspaceforcontentcentral.icu,Unknown
set2updatenow.centersitetogetcontentnow.icu,Unknown
set2updatenow.centersitetogetcontent.icu,Unknown
set2updatenow.centersite2getcontentnow.icu,Unknown
set2updatenow.centersite-getcontentnow.icu,Unknown
set2updatenow.centersite-getcontent.icu,Unknown
set2updatenow.bestandmainlystable4contentinglast.icu,Unknown
set.sandsecure.net,Unknown
set.pulavcel.asia,Unknown
servlet.jkyitv.mail.jandaldiaries.com,Unknown
servives.safeti.specialis-reponces.com,Unknown
services42mobilite3monbell87398nj35enligne903094jcdfkonj.kmpropertysales.com,Unknown
services.runescape.com.m-forums-wms.tk,Unknown
services.runescape.com-ql.top,Unknown
services.runescape.com-qi.top,Unknown
services.runescape.com-qds.top,Unknown
services.notification.cspayment.info,Unknown
services.enigmasolutions.xyz,Unknown
services.downloadsearchy.online,Unknown
services.avoidunlimitedaccount.com,Unknown
services.apple-security.khk0l3vf3.ilfsacademy.org,Unknown
services.apple-security.eaveige.ilfsacademy.org,Unknown
services-account-locked-iclou.tonyserugaforsenate.com,Unknown
servicelogin.service.true.continue.passive.green-enjoy.com,Unknown
servicelogin-accountproblemsolutionshelps.igg.biz,Unknown
service24.sprinter.by,Unknown
service.widdit.com,Unknown
service.voilveipp.us,Unknown
service.srvmd6.com,Unknown
service.srvmd1.com,Unknown
service.realtimeprogram.com,Unknown
service.realtimemsi.com,Unknown
service.realtimedirectory.com,Unknown
service.programmsi.com,Unknown
service.programinternet.com,Unknown
service.proeg.us,Unknown
service.paypal.com-id.form-9558149458.jcengines.com.au,Unknown
service.paypal.com-id.form-3775323328.jcengines.com.au,Unknown
service.mycommonweb.com,Unknown
service.msicheck.com,Unknown
service.lukealexendrea.com,Unknown
service.liuliangbao.cn,Unknown
service.listrealtime.com,Unknown
service.listmsi.com,Unknown
service.internetmsi.com,Unknown
service.imeshbe.com,Unknown
service.gopcpro.com,Unknown
service.filminfo.win,Unknown
service.ezsoftwareupdater.com,Unknown
service.edawtech.com,Unknown
service.easyweb4you.de,Unknown
service.downloadadmin.com,Unknown
service.directorymsi.com,Unknown
service.connectiontraffic.com,Unknown
service.connectionrealtime.com,Unknown
service.confirm-id.rpwebdesigner.com.br,Unknown
service.click2boost.com,Unknown
service.checkmsi.com,Unknown
service.bandoobe.com,Unknown
service-paypal.provab.com,Unknown
service-paypal.limit-resolvecenter.cf,Unknown
service-paypal-information.sweddy.com,Unknown
service-payement.docesdaserramineira.com.br,Unknown
service-information.wellspringhypnosis.com,Unknown
service-fermeture.cs-go.fr,Unknown
service-confirmation-customer.traxlerenterprises.com,Unknown
service-confirmation-customer-info.freeegyptradio.com,Unknown
service-client-remboursement.com.cafecop.pt,Unknown
service-account.nexaone.com,Unknown
serverupgrades.igg.biz,Unknown
servers.intlde.com,Unknown
serveric.wellsfarg0t.com.aquisites.net,Unknown
servera.sesuatudijogja.com,Unknown
server6.onlineappupdater.com,Unknown
server4.why-you-detect-me.com,Unknown
server4.riverstreetphoto.info,Unknown
server4.renobeach.info,Unknown
server4.realfollower.info,Unknown
server4.maestroburger.info,Unknown
server4.clickromance.info,Unknown
server37.onlineappupdater.com,Unknown
server33.onlineappupdater.com,Unknown
server32.onlineappupdater.com,Unknown
server31.onlineappupdater.com,Unknown
server30.onlineappupdater.com,Unknown
server29.onlineappupdater.com,Unknown
server28.onlineappupdater.com,Unknown
server25.onlineappupdater.com,Unknown
server205.star-server.info,Unknown
server2.aserdefa.ru,Unknown
server2.as5000.com,Unknown
server161.star-server.info,Unknown
server14.onlineappupdater.com,Unknown
server11.onlineappupdater.com,Unknown
server1.quartz.space,Unknown
server1.privatelabelwebhost.com,Unknown
server1.onlineappupdater.com,Unknown
server1.myesp.com,Unknown
server1.goelitzer.com,Unknown
server1.extra-web.cz,Unknown
server1.av-cb.com,Unknown
server1.aserdefa.ru,Unknown
server1.applefour.com,Unknown
server04.h2soft.net,Unknown
server.xe-fx.com.pl,Unknown
server.wayidtiheda.com,Unknown
server.vestacp.kz,Unknown
server.retadetol-luyile.com,Unknown
server.qov.org.uk,Unknown
server.philipsenet.nl,Unknown
server.mtcc.me,Unknown
server.gorila.ro,Unknown
server.fundocasanueva.com,Unknown
server.freegamesall.com,Unknown
server.eloon.net,Unknown
server.edwinbuckley.co.uk,Unknown
server.bovine-mena.com,Unknown
server.atridns.com,Unknown
server.as5000.com,Unknown
server.aadcomed.com,Unknown
servedby.keygamesnetwork.com,Unknown
serv.cdncomp.club,Unknown
serv.bangsri.web.id,Unknown
seritarghe.novi.it,Unknown
serigraphie.graphein.pro,Unknown
serce-staging.deveko.net,Unknown
ser.madisonreserve.com,Unknown
sepatugaul.dhmart.info,Unknown
seouldae.gosiwonnet.com,Unknown
seosoftware.onlinedownloads.org,Unknown
seocraft.elt.su,Unknown
seocertification.upcart.me,Unknown
seo.orima.tw,Unknown
sents.igg.biz,Unknown
sentrix.wltechnology.com,Unknown
senneca.brookeschwabphotography.com,Unknown
sendgrid2.oicgulf.ae,Unknown
seminaria.accanto.ru,Unknown
semblueinc.viewmyplans.com,Unknown
semais.militarypopupweddings.com,Unknown
sem88lyj.atu100.com,Unknown
sem.szzjl.cn,Unknown
seller.ckk.kr,Unknown
selfnurturedarroyito.thesquare.us,Unknown
selenadevisk.viralgalleries.me,Unknown
sel.w.filipac.net,Unknown
sekarang.waktunya.pake.ipv6.red,Unknown
segugobgov.100chickens.biz,Unknown
segmaster.pagina-oficial.ws,Unknown
seer.revpsi.org,Unknown
seekfirst.u920.s-gohost.net,Unknown
see.ttgtechnologies.com,Unknown
sedcabug.mi-website.es,Unknown
secyres.app.cetinge.acc-nortices.com,Unknown
securityservices.goatgirlasia.icu,Unknown
securitypatch.secusoft.co.kr,Unknown
security.wholeimport.com,Unknown
security.usaa.com.inet.wc.security.center.0wa.ref.pub.auth.nav-sec.themeatstore.in,Unknown
security.quoteprovider.com,Unknown
security-sms-bank-confirm.signin.wfmobile.review,Unknown
security-scan-for-your-mac.com.escvtr.lkdgobjeqgx3h3lrls.icu,Unknown
security-apple-com.rgm3lxndndsog.review,Unknown
security-alert.aps3kp.top,Unknown
security-alert.72585b858r.top,Unknown
security-alert.6xnzy16jg4.top,Unknown
security-alert.6xcn70d5zm.top,Unknown
security-alert.6x20nw3jod.top,Unknown
security-alert.6sxxrsx06n.top,Unknown
security-alert.6pmhkr34hv.top,Unknown
security-alert.6mclm8lzuy.top,Unknown
security-alert.6kz1pzcx2.top,Unknown
security-alert.6iilvf7yzb.top,Unknown
security-alert.6ghgum67y5.top,Unknown
security-alert.6fhlcflubq.top,Unknown
security-alert.6ecy4o3kco.top,Unknown
security-alert.6daz68bjxi.top,Unknown
security-alert.6cykhmookh.top,Unknown
security-alert.6cut2v9rwj.top,Unknown
security-alert.6c93eful1.top,Unknown
security-alert.6asap2zfsn.top,Unknown
security-alert.68sh1t4kbs.top,Unknown
security-alert.68kzx1xyvh.top,Unknown
security-alert.681lm6nt0f.top,Unknown
security-alert.679ltfocag.top,Unknown
security-alert.6497ld2sra.top,Unknown
security-alert.62k3cqdoys.top,Unknown
security-alert.62he799vmr.top,Unknown
security-alert.623y7urj0n.top,Unknown
security-alert.603grdw6ap.top,Unknown
security-alert.5zyr1y9zqi.top,Unknown
security-alert.5ziv6ixkb5.top,Unknown
security-alert.5zc4oob0eb.top,Unknown
security-alert.5ytckc5nt3.top,Unknown
security-alert.5xidjgzq20.top,Unknown
security-alert.5tmwfzq31l.top,Unknown
security-alert.5t5e5h4rv2.top,Unknown
security-alert.5sslnmfcmr.top,Unknown
security-alert.5so4tldu8c.top,Unknown
security-alert.5s177kyxmu.top,Unknown
security-alert.5opt5rnjgd.top,Unknown
security-alert.5oda2nzfj5.top,Unknown
security-alert.5mnz1ll6ee.top,Unknown
security-alert.5lpsrkx9ug.top,Unknown
security-alert.5kh989looo.top,Unknown
security-alert.5k9254ec5u.top,Unknown
security-alert.5gz5h0u5vb.top,Unknown
security-alert.5gaqh3iiek.top,Unknown
security-alert.5fjngn78l8.top,Unknown
security-alert.5fj64hmyih.top,Unknown
security-alert.5dunarf3lb.top,Unknown
security-alert.5d49b5jx2z.top,Unknown
security-alert.583la3i45j.top,Unknown
security-alert.57kniyq1uv.top,Unknown
security-alert.57exhkwplo.top,Unknown
security-alert.57dt5s4wjm.top,Unknown
security-alert.571l3rr4cw.top,Unknown
security-alert.55baus1ilp.top,Unknown
security-alert.55246zuttl.top,Unknown
security-alert.5401xrrlup.top,Unknown
security-alert.533j6npvq5.top,Unknown
security-alert.51o5ab44qs.top,Unknown
security-alert.51aweyxupb.top,Unknown
security-alert.50weosev2x.top,Unknown
security-alert.50cbx9zipk.top,Unknown
security-alert.50alpqsj0o.top,Unknown
security-alert.4y13mwducp.top,Unknown
security-alert.4xi9tftez0.top,Unknown
security-alert.4tnx8tfyu5.top,Unknown
security-alert.4p4ndwqc5o.top,Unknown
security-alert.4onhtzyi15.top,Unknown
security-alert.4ok3y0dnq4.top,Unknown
security-alert.4ng4uffrvc.top,Unknown
security-alert.4n6mqzlajh.top,Unknown
security-alert.4mm7phc3a0.top,Unknown
security-alert.4l1umbndbh.top,Unknown
security-alert.4kh7akiz8z.top,Unknown
security-alert.4fy2v05f6v.top,Unknown
security-alert.4d28xggy94.top,Unknown
security-alert.4bi2ou5f06.top,Unknown
security-alert.48y3xsdpd2.top,Unknown
security-alert.47q4qxqdas.top,Unknown
security-alert.46yhudhl50.top,Unknown
security-alert.4695gj215l.top,Unknown
security-alert.45muzomz39.top,Unknown
security-alert.45105zxyvq.top,Unknown
security-alert.43cfz55ip.top,Unknown
security-alert.4353bnzr2u.top,Unknown
security-alert.41h1d8r3jx.top,Unknown
security-alert.4066r69zdu.top,Unknown
security-alert.3zf6tam3q6.top,Unknown
security-alert.3wak6jfref.top,Unknown
security-alert.3w08n3bdrt.top,Unknown
security-alert.3vtz7827hc.top,Unknown
security-alert.3vcwqsam3o.top,Unknown
security-alert.3t3tgyjw4w.top,Unknown
security-alert.3szt84za7t.top,Unknown
security-alert.3pz7k9pkpw.top,Unknown
security-alert.3pjlsyy0kv.top,Unknown
security-alert.3nlq0pd686.top,Unknown
security-alert.3mpjjhra3i.top,Unknown
security-alert.3lysix3atk.top,Unknown
security-alert.3kuls3vjjp.top,Unknown
security-alert.3iqmtf7938.top,Unknown
security-alert.3ga4ft1akx.top,Unknown
security-alert.3c5way631c.top,Unknown
security-alert.3bnqjzq2w8.top,Unknown
security-alert.39uvkpgrjb.top,Unknown
security-alert.366icakw5q.top,Unknown
security-alert.35pyi04qo0.top,Unknown
security-alert.35hufwt7w9.top,Unknown
security-alert.35fteh8de2.top,Unknown
security-alert.32xonvprs2.top,Unknown
security-alert.2zyt1z5bwe.top,Unknown
security-alert.2xg4nyf4xb.top,Unknown
security-alert.2x4wwp5ksf.top,Unknown
security-alert.2w1ne3nyzj.top,Unknown
security-alert.2u42xgca71.top,Unknown
security-alert.2swh1fxslc.top,Unknown
security-alert.2qw51oq6i4.top,Unknown
security-alert.2oeclbmneg.top,Unknown
security-alert.2lfy111rku.top,Unknown
security-alert.2l754cdvzx.top,Unknown
security-alert.2jz089zcx5.top,Unknown
security-alert.2jpo09t1vf.top,Unknown
security-alert.2hjqohab6y.top,Unknown
security-alert.2gljo57gto.top,Unknown
security-alert.2bz96oj12g.top,Unknown
security-alert.2b2s709o9h.top,Unknown
security-alert.28pydvj8hw.top,Unknown
security-alert.28lybw5xdd.top,Unknown
security-alert.263w4734f6.top,Unknown
security-alert.255nmbve8.top,Unknown
security-alert.24u8efn7or.top,Unknown
security-alert.21n1jnc2zb.top,Unknown
security-alert.20c991fztr.top,Unknown
security-alert.1z0rcepau0.top,Unknown
security-alert.1xejuuk74l.top,Unknown
security-alert.1woau499lp.top,Unknown
security-alert.1v70id81ui.top,Unknown
security-alert.1qqxeilcjv.top,Unknown
security-alert.1q367l2nt5.top,Unknown
security-alert.1mqe4qjta4.top,Unknown
security-alert.1mbf8wqo0o.top,Unknown
security-alert.1k02w4ux66.top,Unknown
security-alert.1jueoawn9r.top,Unknown
security-alert.1j6bw4umpl.top,Unknown
security-alert.1eq0zuor3n.top,Unknown
security-alert.1cuusx7jua.top,Unknown
security-alert.19u8417d58.top,Unknown
security-alert.14y7bhiack.top,Unknown
security-alert.135byoxxj8.top,Unknown
security-alert.12m9s5kxbx.top,Unknown
security-alert.12d0wu87hk.top,Unknown
security-alert.11p9rhvskg.top,Unknown
security-alert.11h5jsu2ft.top,Unknown
security-alert.11drb7el79.top,Unknown
security-alert.1047umni9h.top,Unknown
security-alert.0yfjzhin0b.top,Unknown
security-alert.0v9x617o74.top,Unknown
security-alert.0uwow2l3pw.top,Unknown
security-alert.0suqq4j8jn.top,Unknown
security-alert.0qs15l74pi.top,Unknown
security-alert.0pqca3nm.top,Unknown
security-alert.0ks4a53ffn.top,Unknown
security-alert.0k3ebfsxpr.top,Unknown
security-alert.0hapxa29ua.top,Unknown
security-alert.0elbn96tl2.top,Unknown
security-alert.0a8o21fr04.top,Unknown
security-alert.08tcqdxg1o.top,Unknown
security-alert.0711x65wzh.top,Unknown
security-alert.053z0colym.top,Unknown
security-alert.033xndtfzd.top,Unknown
security-alert-malicious-items-detected-errorx10000x1be.vir45.xyz,Unknown
security-alert-malicious-items-detected-errorx10000x1be.vir42.xyz,Unknown
security-alert-malicious-items-detected-errorx10000x1be.vir40.xyz,Unknown
security-alert-malicious-items-detected-errorx10000x1be.vir38.xyz,Unknown
security-alert-malicious-items-detected-errorx10000x1be.vir36.xyz,Unknown
security-alert-malicious-items-detected-errorx10000x1be.vir35.xyz,Unknown
security-alert-malicious-items-detected-errorx10000x1be.vir29.xyz,Unknown
security-alert-malicious-items-detected-errorx10000x1be.site5.xyz,Unknown
security-alert-malicious-items-detected-errorx10000x1be.err80.xyz,Unknown
security-alert-malicious-items-detected-errorx10000x1be.err78.xyz,Unknown
security-alert-malicious-items-detected-errorx10000x1be.err76.xyz,Unknown
security-alert-malicious-items-detected-errorx10000x1be.err75.xyz,Unknown
security-alert-malicious-items-detected-errorx10000x1be.err74.xyz,Unknown
securite.anchor.international,Unknown
securepanel.nets-dk.digitalindiadeal.com,Unknown
securelogin.smile-surgical.co.uk,Unknown
securelogin.paypal.it.webapps.mpp.home.autenticazione.nfesb5q8cmvq5i26d1lchcozxpq9kgmfluhfledohyuc8m8bci4klha9xq8x.jafinafara.fo,Unknown
securelogin.paypal.it.webapps.mpp.home.autenticazione.l3smq6kznlhql0jleqe7ah3yw1oeh3diuwvbr6b6giliikuc2y02w2pisdnq.jafinafara.fo,Unknown
securelogin.paypal.it.webapps.mpp.home.autenticazione.alh5zrdnvj7gdymtzxhyea6dsbap6co6om1edtrodnv8c8rsvyg1pb4id5n0.jafinafara.fo,Unknown
securelogin.paypal.it.webapps.mpp.home.autenticazione.2oflranvbs3drvbmwvj2afac0dybr9qinmkumyfng8gnth1q4ah4fi6ecuft.jafinafara.fo,Unknown
securelogin.myposte.eu,Unknown
securelogin.here.att.thysseankrupp.com,Unknown
securedupdate.regenassociates.com,Unknown
securedocmanagem.bazadaisecattle.com.au,Unknown
secured.tiffanyamberhenson.com,Unknown
secured.sahajcare.org,Unknown
secured.monclaer.com,Unknown
secured.innerbalance-training.com,Unknown
secured.galleryonesf.net,Unknown
secured.eroea.com,Unknown
secured-document.bbvvsanluiscapital.org.ar,Unknown
securecust-verifuserid-session35362101849re.rdt-uidd.com,Unknown
secureapps-custuserid-sslhader6585057234391.uid-useidt.com,Unknown
secureappleidapple.com.sidownset1.com,Unknown
secureaccess.ronghai.com.au,Unknown
secure8.recovery-fanpagee.ml,Unknown
secure2.store.apple.com.us.arounddesmoines.com,Unknown
secure1.safelink-paypal.404eror.se-rve-r.com,Unknown
secure05b-chaseonline-verification.translogbooster.com,Unknown
secure03b.chase.com-id-auth.huvackly.com,Unknown
secure03b.chase.com-auth-reverify.huvackly.com,Unknown
secure03b.chase.com-auth-reverify.huemackly.com,Unknown
secure01chasewebauthdashboard.electoralshock.com,Unknown
secure01bankofamerica.birdslisten.com,Unknown
secure01b.chase.com-auth-reverify.daumaf.com,Unknown
secure.xls.login.airbornefnq.com.au,Unknown
secure.winpatch.net,Unknown
secure.win-update.com,Unknown
secure.webapps-home.limited-account.sx-app.com,Unknown
secure.vxsbill.com,Unknown
secure.vidhack.com,Unknown
secure.verify-accountapplelocked-logs-app.ml,Unknown
secure.updates.preferenc.cgi-bin.webscr.cmd-login-submit.dispatch.6785d80a13c0db15d80a13c0db1114821217568496849684968484654654s1,Unknown
secure.updates.preferenc.cgi-bin.webscr.cmd-login-submit.dispatch.6785d80a13c0db15d80a13c0db1114821217568496849684968484654654s,Unknown
secure.ucleaner.com,Unknown
secure.thickroundasses.com,Unknown
secure.teenanalqueens.com,Unknown
secure.sailharborcat.com,Unknown
secure.runescape.com-ye.xyz,Unknown
secure.runescape.com-ql.top,Unknown
secure.runescape.com-qi.top,Unknown
secure.resolve.limited.securityupdatepayment.com,Unknown
secure.resolution-center.carcompanyinternational.com,Unknown
secure.ponetwal.com,Unknown
secure.pn-installer2.com,Unknown
secure.pn-installer10.com,Unknown
secure.plasterher.com,Unknown
secure.pff-group.com,Unknown
secure.paypal.unlocked-accountinfo-secure.com,Unknown
secure.paypal.com.serviceaccount-loginpage.privycy.info,Unknown
secure.paymentinfoneeded-errorcode.masukanginbang.com,Unknown
secure.pavypal.com.privacyaccount.supporthelpaccount-resolutoioncenter.update-loginpage.7s67b2.org,Unknown
secure.pavypal.com-resolutioncenter.supporthep.updateaccountinformationlimitedcenter-loginpage.h2o9.me,Unknown
secure.pasoken.net,Unknown
secure.onlineupgradeonline.com,Unknown
secure.oinstaller6.com,Unknown
secure.oinstaller.com,Unknown
secure.ntrl.or.ug,Unknown
secure.nichedsitespass.com,Unknown
secure.newmargaritarecipe.com,Unknown
secure.nets-dk.digitalindiadeal.com,Unknown
secure.n-document.biz,Unknown
secure.myshemaletale.com,Unknown
secure.myboa.cn-iba.com,Unknown
secure.mr18incher.com,Unknown
secure.momlovescum.com,Unknown
secure.milfpornpass.com,Unknown
secure.mbank.przelewy24-7.pl,Unknown
secure.marketengines.com,Unknown
secure.mainentrypoint.com,Unknown
secure.login.paypol.cgi.bin.ultra-kelp.com,Unknown
secure.leakingmilfs.com,Unknown
secure.kissmycrack.com,Unknown
secure.jpmchase-online.ga,Unknown
secure.itunes.updates.help-info.team.account.support.manage.details-id094129802189218984921124142.androidreport.com,Unknown
secure.ingdirect.fr.reinomusical.com,Unknown
secure.indianbootyhunters.com,Unknown
secure.ilovetosquirt.com,Unknown
secure.ililts.com,Unknown
secure.iicinternet.com,Unknown
secure.icoresecure.com,Unknown
secure.hadgonetosleep.tk,Unknown
secure.getcryptogift.com,Unknown
secure.errorsafe.com,Unknown
secure.drivecleaner.com,Unknown
secure.debit.card.text.code.wf-south.trade,Unknown
secure.countrygirl.tk,Unknown
secure.corporatefantasy.com,Unknown
secure.clickdough.com,Unknown
secure.click2boost.com,Unknown
secure.cardtransaction.com,Unknown
secure.capitalone.us.07.nehalquddus.com,Unknown
secure.bzwbk.szybkie-platnosci.pl,Unknown
secure.bzwbk.przelewy24-7.pl,Unknown
secure.bustanutonaslut.com,Unknown
secure.blackswithracks.com,Unknown
secure.blackcockchallenge.com,Unknown
secure.bankofamericau.com.lupitasrealty.com,Unknown
secure.bankofamerica.verify.account.bealonlineservice.com,Unknown
secure.bankofamerica.com.update.connect.login.ostora.com.sa,Unknown
secure.bankofamerica.com.oidscreen.gorequestlocale.planet.co.ke,Unknown
secure.bankofamerica.com.checking.accounts.jgclicks.com.br,Unknown
secure.bankofamerica.account-disabled.verduresarl.com,Unknown
secure.bank-america.cf,Unknown
secure.bakke.co,Unknown
secure.auth.login.wf-south.today,Unknown
secure.auth.kevinyou.com,Unknown
secure.asianbootyhunters.com,Unknown
secure.alwayspamela.com,Unknown
secure.alior.przelewy24-7.pl,Unknown
secure-update.techmines.cl,Unknown
secure-paypal.account.page.update.clasesdeguitarralima.com,Unknown
secure-login.intl.service-costumer-account.xyz,Unknown
secure-googledoc.boulderentertainmentllc.com,Unknown
secure-file.cherryhilllandscapemaintenance.com,Unknown
secure-fape92.regis-dev9.ml,Unknown
secure-ebill.capcham.com,Unknown
secure-dev2.confrim-fanpage111.tk,Unknown
secure-capital.one.checking.accounts.insidmaldesign.com,Unknown
secure-bankofamerica.com.checking-accounts.insidmaldesign.com,Unknown
secure-account-paypal.com-servive-customer-online.secure-includes-information-personal.signup.walkincareers.com,Unknown
secur.rekomendasiforex.com,Unknown
secoursms.mout.be,Unknown
secnet.co.zw,Unknown
secitasr.holdonhosting.net,Unknown
sec3d.servicesaps.com,Unknown
sec.replanetrecycling.com,Unknown
sec.daten-ueberpruefungsservice.net,Unknown
sec.appleid-apple.store.fjerh.decoys.com.ar,Unknown
sec-u.re.cgi.ap-psdr.ive.sneakersisabelmarants.info,Unknown
sec-paypal.com.securer-pyment-invoiced.com,Unknown
sebar.thand.info,Unknown
searchbar.linksummary.com,Unknown
search6.alivesearch.com,Unknown
search5.alivesearch.com,Unknown
search4.alivesearch.com,Unknown
search2.alivesearch.com,Unknown
search10.info.co.uk,Unknown
search1.wildrhino.com,Unknown
search1.alivesearch.com,Unknown
search.turbofind.com,Unknown
search.theappzworld.com,Unknown
search.theappzkingdom.com,Unknown
search.theappjunkies.com,Unknown
search.shareware.pro,Unknown
search.shareazaweb.net,Unknown
search.shareazaweb.com,Unknown
search.seek2.com,Unknown
search.searchuniverse.online,Unknown
search.searchtpg.com,Unknown
search.searchtmpn4.com,Unknown
search.searchtmpn.com,Unknown
search.searchsquire.com,Unknown
search.searchqu.com,Unknown
search.searchonme.com,Unknown
search.searchm3p1.com,Unknown
search.searchcompletion.com,Unknown
search.rub.to,Unknown
search.qsrch.com,Unknown
search.privitize.com,Unknown
search.powersearch.online,Unknown
search.powerfulappz.com,Unknown
search.playsearchnow.com,Unknown
search.playnsearch.com,Unknown
search.openmediasoft.com,Unknown
search.omiga-plus.com,Unknown
search.netzany.com,Unknown
search.mytopappz.com,Unknown
search.mysuperappbox.com,Unknown
search.mymedianetnow.com,Unknown
search.myfriendlyappz.com,Unknown
search.mlstat.com,Unknown
search.mediatabtv.online,Unknown
search.medianetnow.com,Unknown
search.lphant.net,Unknown
search.lphant.com,Unknown
search.linkmyc.com,Unknown
search.jbisc-web.com,Unknown
search.imesh.net,Unknown
search.ieplugin.com,Unknown
search.hyourfreeonlineformspop.com,Unknown
search.hfreeforms.co,Unknown
search.hemailaccessonline.com,Unknown
search.hdirectionsandmap.com,Unknown
search.ghribi.com,Unknown
search.freeonline.com,Unknown
search.findwhatevernow.com,Unknown
search.findthewebsiteyouneed.com,Unknown
search.fantastigames.com,Unknown
search.effectivebrand.com,Unknown
search.downloadaccelerator.com,Unknown
search.clickmenia.com,Unknown
search.brainfox.com,Unknown
search.bearshare.net,Unknown
search.bearflix.com,Unknown
search.6topsearches.com,Unknown
sean.woodridgeenterprises.com,Unknown
seal.validatedsite.com,Unknown
seal.ranking.com,Unknown
seal.nimoru.com,Unknown
se14th.aamcocentraliowa.com,Unknown
se.super1024.com,Unknown
se.redflushcasino.eu,Unknown
se.gooofull.com,Unknown
se.goofull.com,Unknown
se.errorsafe.com,Unknown
se.78pao.com,Unknown
se.222mimi.com,Unknown
se.111mimi.com,Unknown
se-se.snprobbx.pbz.r.de.a2ip.ru,Unknown
sdtdtxtija.e96e5ojksg.madpendesign.com.au,Unknown
sdmv.wxyxch.cn,Unknown
sdlhqoxc.apple-office.tech,Unknown
sdkupdate.918ja.com,Unknown
sdjf.kwos8.com,Unknown
sdffsdsdffsdsfd.akyurekhirdavat.com,Unknown
sdfazsed.truethriving.com,Unknown
sdf.neurologynurseonline.net,Unknown
sdando631.digijinks.ws,Unknown
scureweb2app.a-s-s-tgroup.com,Unknown
sculpey.jmfdev.com,Unknown
scrubs.dresscool.co,Unknown
scripts.myfirsttab.com,Unknown
scripts.downloadv3.com,Unknown
screensavers.funutilities.com,Unknown
screendream.yournewtab.com,Unknown
screenaddict.thewhizproducts.com,Unknown
scrapingarticles.openmediasoft.com,Unknown
scram.ummbop.com,Unknown
scoutplaneta.exploradoresdemadrid.org,Unknown
scout.ajedtogo.org,Unknown
scottish.ircfast.com,Unknown
scott.wihusodinamics.es,Unknown
scotiabank.com-ip.novascottiaservices.online,Unknown
score.zeroclickfraud.com,Unknown
scooshzdpd.fgmdpwfh2r.madpendesign.com.au,Unknown
scnudynwjt.centde.com,Unknown
scinotebook.hawkins-ms.com,Unknown
scifz.saqibsiddiqui.com,Unknown
scientists.igg.biz,Unknown
schwytanieabsenterait.divadeva.ws,Unknown
schoolworld.dziennikus.pl,Unknown
school.chinaliuxue.com.cn,Unknown
schlebach.25mm.ru,Unknown
schaafschaduw.dommel.be,Unknown
scgg.denisehowells.com.au,Unknown
scerotyhsda.igg.biz,Unknown
scene.timbervalleyfarm.com,Unknown
scdn.installpack.download,Unknown
scanty.colormark.cl,Unknown
scanlisten.sunless.network,Unknown
scan.realnewstime.xyz,Unknown
scan.mobile-security.co,Unknown
scale.kane-tsugu.com,Unknown
scaffolds.forpreviewonly.com,Unknown
sc.d6ss.com,Unknown
sc.cysyxx.cn,Unknown
sc.0pengl.com,Unknown
sbyhmqtg.leiquan.me,Unknown
sbxavacc.co.vu,Unknown
sbs-careers.viewsite.io,Unknown
sbnc.hak.su,Unknown
sbm.alfatom.ee,Unknown
sbhc.portalhc.com,Unknown
sb6o3vyfw5rn9o4yj5nk.alfacomercial.com.br,Unknown
sb3svrchxq.centde.com,Unknown
sb-11037.fastdl-server.biz,Unknown
say.longiivekorea.in,Unknown
sax.perfonspot.com,Unknown
sax.peakonspot.com,Unknown
savoir-vivre.etiquette.by,Unknown
savior.mypen.is,Unknown
savigneuxcom.securesitefr.com,Unknown
savetibet.internetdocss.com,Unknown
saveourlifes.niwamembers.com,Unknown
saugus-ms-yrbs-2015.rothenbach-research.com,Unknown
saudi.maksab.co,Unknown
saudade.kosmos.agency,Unknown
satilik.webprojemiz.com,Unknown
satakp9yux.ivertiipolska.com.pl,Unknown
satakp9yux.bradul.creatory.org,Unknown
sastrecz.weben.cz,Unknown
sass2.directprimal.com,Unknown
sardahcollege.edu.bd,Unknown
sarc.onteagleroad.com,Unknown
saralong-xlovecam.infosexcam.com,Unknown
sapr.syrusdesign.net,Unknown
sapport.steampoworyde.de,Unknown
sapindaceaactinoblast.repipeseattlenow.com,Unknown
sap.movementspace.com,Unknown
saop.hbjimin.com,Unknown
sanya.vipc2f.com,Unknown
santoantonio.portalrz.com.br,Unknown
santander.net-br.gq,Unknown
santander.digital-app.ga,Unknown
santa.antederpf.com,Unknown
sans.fagdns.com,Unknown
sanford.knkit.com,Unknown
sandra.wppsx.xyz,Unknown
sandbox.leadseven.com,Unknown
san-kelloff-italy.web5s.com,Unknown
samsung321.viralgalleries.me,Unknown
samsonov.molvi.ru,Unknown
sample2.symbols-unlimited.com,Unknown
sample.lamer.la,Unknown
sambikoskapitano.viralgalleries.me,Unknown
samadvisory.myconsumerclaims.co.uk,Unknown
salvadorian.searchbooks.xyz,Unknown
salsa.recluta.in,Unknown
sales3.gdmachinery.net,Unknown
sale.mandinipearls.com,Unknown
sale.ibmsupport.cc,Unknown
saldo.wrestlingfest.com,Unknown
saldo.toollessqed.com,Unknown
saldo.toiletseatbolts.com,Unknown
saldo.toiletbolts.com,Unknown
saldo.tobipage.com,Unknown
saldo.thriveob.com,Unknown
saldo.seweather.net,Unknown
saldo.rocktravel.org,Unknown
saldo.orangetheorysm.com,Unknown
saldo.midwestoshot.com,Unknown
saldo.mcknightwoodworking.com,Unknown
saldo.lgveg.org,Unknown
saldo.johnheard.us,Unknown
saldo.jiwanta.in,Unknown
saldo.jiwanta.com,Unknown
saldo.honeybandaid.com,Unknown
saldo.gtworks.com,Unknown
saldo.gerhardrosin.ca,Unknown
saldo.eatingisalifestyle.org,Unknown
saldo.drsamuelkane.net,Unknown
saldo.donnaschechter.com,Unknown
saldo.creepycollective.com,Unknown
saldo.colourtheorymusic.com,Unknown
saldo.buzdash.club,Unknown
saldo.bookingcabarete.org,Unknown
saldo.bookingcabarete.net,Unknown
saldo.aiimllc.com,Unknown
saldo.aaaahd.org,Unknown
sakonwan.aplatoo.com,Unknown
saisan.goldenlifeinstitute.com,Unknown
saintlawrenceresidences.horizontechsystems.com,Unknown
saim.adventuresinradioland.co.uk,Unknown
saicopay.irhairstudio.com,Unknown
sahin2.kurumsalevrak.com,Unknown
sahare.planeblackbuilders.com.au,Unknown
sahara.to.it,Unknown
sahadzaffar.viralgalleries.me,Unknown
safra.moduloativo.com,Unknown
safety.microsoft.com.zwvpqsohzdw.szbv2abpzzdh5a.science,Unknown
safety.microsoft.com.zjutldzqsi.re8pyu0jyjmt5agql1u.stream,Unknown
safety.microsoft.com.zbzrdczaof.vkqyelqaea8mux46qavimhag.download,Unknown
safety.microsoft.com.yzqhe.cli7qpfl5yubx6e.review,Unknown
safety.microsoft.com.yyxoahxxp.sinvblbj5nxjm.trade,Unknown
safety.microsoft.com.ysaecpjpsxq.8hg5yvzr9ojobmvs1nydwa.review,Unknown
safety.microsoft.com.yctcioe.l4uytrede8rviynkfb9q.science,Unknown
safety.microsoft.com.xyccm.qfeztxqxuec1drp.review,Unknown
safety.microsoft.com.xrvrdn.3oudzzq3hviabdbk9b0s.science,Unknown
safety.microsoft.com.xiatpjprbfj.vevugginvtju8g.science,Unknown
safety.microsoft.com.xbfgoqkxwfy.cjpv8xsxzbb6bqbu4q.download,Unknown
safety.microsoft.com.wdwcea.guitonfo4yu9gymmvawrvyd51szlg.trade,Unknown
safety.microsoft.com.vsxjvvsf.jihbqv4grqy65zyaqvmgwo1hq.bid,Unknown
safety.microsoft.com.vkhyod.kf1dhvcsdok6ye4u7jpfqtkq.download,Unknown
safety.microsoft.com.uehengqyh.t9b7h37qoptv.bid,Unknown
safety.microsoft.com.ucngou.a0xwj17ki0ixffpyhlomqejds2v0age.download,Unknown
safety.microsoft.com.thfwdkar.jgz3xrw5oktedek8jdsiuxwf9jjrw8iz.trade,Unknown
safety.microsoft.com.stmwv.qve3adlhmkaepcxcmzcouqfzau.bid,Unknown
safety.microsoft.com.rqjqfogwi.nfm6vppakdtnjzcivxr66ik.trade,Unknown
safety.microsoft.com.rhcmxcgj.wpn02le8b2efq.science,Unknown
safety.microsoft.com.qwvqfciuh.2er6p8blz6bsm5uo0d9epxg.bid,Unknown
safety.microsoft.com.qpckeir.qyrvz97liwe5gtg8g3k.science,Unknown
safety.microsoft.com.qisymzfjpo.bbpqlu8iwel5wgbb2m4p4am7r9ulhwjlvw.stream,Unknown
safety.microsoft.com.pzarfo.hektei3oqjv7semvzrin5pe.download,Unknown
safety.microsoft.com.poovzbfwae.miqvo7fq6xroojy5yimaeq.science,Unknown
safety.microsoft.com.nxodstqi.fqrrxpemcd6pmguolrw.trade,Unknown
safety.microsoft.com.muytc.aoyxahtrdzlvj126jdxubg.trade,Unknown
safety.microsoft.com.lznlijidr.qr8uuq8hnrvdl7sixwvg.science,Unknown
safety.microsoft.com.ltugrp.5rjzodumxqo9gwsfpmxt64j9wca.stream,Unknown
safety.microsoft.com.locoxhomhzc.45z0iab4uyf8a.science,Unknown
safety.microsoft.com.lbdmrykni.4qjus4a5jcsophbq9gdzxf1swqtdoq.science,Unknown
safety.microsoft.com.kshlex.fp6cuea1nunodwl7brq6d1bbvq.review,Unknown
safety.microsoft.com.kqprze.3kux0szxmqpfcd9f5hf.stream,Unknown
safety.microsoft.com.kjzjqppbel.venjr8n6aokvpbsf.bid,Unknown
safety.microsoft.com.khses.kkmtzornpjgalht.trade,Unknown
safety.microsoft.com.kevluxbwq.whkal2ixpuiv.stream,Unknown
safety.microsoft.com.jorljmwus.s1oko0pqtdrj.stream,Unknown
safety.microsoft.com.jenyqvirt.tuqlqilvpk9drbqxxw1zm5ln.review,Unknown
safety.microsoft.com.jecyto.nbes8xsfzfzpeq0v5hrgeg.trade,Unknown
safety.microsoft.com.gzblszbeu.oe9ifxeau3j313hsuw.review,Unknown
safety.microsoft.com.gszmikppd.kalpm3jomidmljw.science,Unknown
safety.microsoft.com.fpylfhbin.t8abfnx8rgarh9wh5xl1s5dzxqaxf3k.bid,Unknown
safety.microsoft.com.ezvok.3mcwjwcqqgd.science,Unknown
safety.microsoft.com.eynltiyzhft.siztmelleuhm8olbyw.bid,Unknown
safety.microsoft.com.erlmainz.bcgdwnhuhxwh3bzak.stream,Unknown
safety.microsoft.com.dqmeajscq.erh0dnydhamf.download,Unknown
safety.microsoft.com.cvnsb.lcsg2xcbvcybq.review,Unknown
safety.microsoft.com.ctuyunywzv.acmvto2nbxciel7xc3lhmw9pi.download,Unknown
safety.microsoft.com.cnowx.jwtuwitv1xx.review,Unknown
safety.microsoft.com.chvbfyuxwdy.kvjjhr9f5uh6ig.stream,Unknown
safety.microsoft.com.bvcxk.qdz6ejdfge3y2hqbsdq.download,Unknown
safety.microsoft.com.bocbspszz.jcw6gxymvje04amljsio0at0q.stream,Unknown
safety.apple.com.zvjzsdbs.jdmavfldrluvnd4xzfhz6b1ma.science,Unknown
safety.apple.com.znvbbtfw.2fixixy3afcfoe0kudkg.stream,Unknown
safety.apple.com.zalnup.online-check-removal-tool-security-check-version-f8f834.stream,Unknown
safety.apple.com.ywkonxd.xbfswxu89xanhdka8wgwleb5zjrvrta.stream,Unknown
safety.apple.com.yvxejdr.x26mdx1o2qh7e7xbm1s.bid,Unknown
safety.apple.com.yutyfpe.0r2ongxntspmmikslyaosfoqcq.trade,Unknown
safety.apple.com.ypkyhxch.online-software-security-check-version-af67db.club,Unknown
safety.apple.com.xycuierrs.j9tuzhr5smulz4yf66gon3y0w.stream,Unknown
safety.apple.com.xrlmqbess.szvsbflgdam5pxbnjbahzckdfrrezisf.download,Unknown
safety.apple.com.xlyeqeavz.a9x77ikxhw4mhqw1dfpsqucn98.download,Unknown
safety.apple.com.xgygruudpj.tv1jlavtcfni.bid,Unknown
safety.apple.com.xcnbmehnysu.ggrtrg69i3vcuqy.trade,Unknown
safety.apple.com.wsuuwxcdpya.suui32qee31pw5lim1wrxazd44.bid,Unknown
safety.apple.com.wouuudntkkr.k7vkbrvyojel.review,Unknown
safety.apple.com.wkzamfa.7vdix07s8rhnhj9.trade,Unknown
safety.apple.com.wjhxu.rbeykkjs0k1wgqtcurnx5e5x4w.stream,Unknown
safety.apple.com.wdudukc.wmo6pmgozezicmkd25xtkjs0q0.stream,Unknown
safety.apple.com.vulxklx.bj9p7f2xm7qgqm8hnyi0.review,Unknown
safety.apple.com.vpwmryqyqpk.br6xo38lcmknba.review,Unknown
safety.apple.com.vnlnspyt.t9b7h37qoptv.bid,Unknown
safety.apple.com.vnijhqp.y0wtkfgs9yzztesif3orq.stream,Unknown
safety.apple.com.vnewiu.kf1dhvcsdok6ye4u7jpfqtkq.download,Unknown
safety.apple.com.vlzfuzuf.jas0iutmdhb645rqn2k4ho.download,Unknown
safety.apple.com.vendrm.p8ilrvejm0e77oygume.bid,Unknown
safety.apple.com.uvkmgdv.dxj4eq6vsuyapcpo1pms7xw7nu58.download,Unknown
safety.apple.com.ursvnqklayb.eencqkhtmjrj9tx7qk7zdhvkrbnqxumg.bid,Unknown
safety.apple.com.tzivvcf.online-removal-tool-security-check-version-9e0fc2.stream,Unknown
safety.apple.com.tyqlfh.rszwfyvkv8omtlumbm6bfw.trade,Unknown
safety.apple.com.tppelnyoo.6w61ena5d1vfj4gxzvrerh.download,Unknown
safety.apple.com.tnfvlby.xrfymlbts8yywsrdvklmtwsa.stream,Unknown
safety.apple.com.tdvjkxd.2btk0sr2a2qaidqdd2pq.bid,Unknown
safety.apple.com.szsydpktvgl.l4uytrede8rviynkfb9q.science,Unknown
safety.apple.com.sxtyt.nuj6ifaa1wgcv7z.download,Unknown
safety.apple.com.stquzcex.3cafmarcurbzvgenixc8gco.bid,Unknown
safety.apple.com.shfjodtz.tedc1yjq1wbkmy1y1zfk2wturv0rfg.trade,Unknown
safety.apple.com.ruvxknuklo.d6gacs81ges0aq.science,Unknown
safety.apple.com.rttxsua.xpqsndirgitxsh99eii90pu.review,Unknown
safety.apple.com.rolkygjocxs.s1givkwqhy9p4gcq6zk4cr5ugtf.stream,Unknown
safety.apple.com.rgbppsfl.erxzc07rt2w.bid,Unknown
safety.apple.com.rbmrzz.qww79z2wxzsn.bid,Unknown
safety.apple.com.qerneeo.sx6uxldr7lnrfhwf9enyu.stream,Unknown
safety.apple.com.pqdswhbg.acmvto2nbxciel7xc3lhmw9pi.download,Unknown
safety.apple.com.pobdntc.k9oa4t30xhmdqohkeh9ja.science,Unknown
safety.apple.com.pjztrpf.jqczyqevnlyydaa72fbzha.trade,Unknown
safety.apple.com.pivjoqi.vevugginvtju8g.science,Unknown
safety.apple.com.pgiveiqlyoo.5aoxh7mpgxqdwxsonqvjju4v2.download,Unknown
safety.apple.com.pesnm.lpgtnbid7igj9qcooa.science,Unknown
safety.apple.com.ophrfgpsz.ppzuqlwzlcippr8czi.trade,Unknown
safety.apple.com.oduxgpsa.online-removal-tool-security-check-version-4d670e.xyz,Unknown
safety.apple.com.ocgbtitk.gmlek5ts0uh.review,Unknown
safety.apple.com.nzmzpzrpepd.eud1nlb92jia.stream,Unknown
safety.apple.com.nmunkw.online-check-removal-tool-security-check-version-a831e6.trade,Unknown
safety.apple.com.nlfyqctbax.kyqoajcfbw2ztmsb7amte3sc6a.science,Unknown
safety.apple.com.nhphvyl.hzjdprl1ahbir4o09vzmngwvf26.stream,Unknown
safety.apple.com.nffebiygb.j41l5wmradmqb3a6mj2.stream,Unknown
safety.apple.com.mmtwuee.wsb0ryncoo0pp3r8wa.trade,Unknown
safety.apple.com.mieqelx.4iw75bjch9bslo.trade,Unknown
safety.apple.com.mgrovlxjna.fg9ktt9yvodx8iajx2k57ec1yaohhhu.stream,Unknown
safety.apple.com.mesyomimgob.bgcwgkleqi1gurx3qa.stream,Unknown
safety.apple.com.lwffjp.tjr3k9uugclsbxzzauk.stream,Unknown
safety.apple.com.lncfpj.nqke0jutimhuexjh.bid,Unknown
safety.apple.com.lhbnamfmysz.41yycacypsk4wcnd.stream,Unknown
safety.apple.com.ldlqglj.kj2satzlf6sgqqpd7q6m8l4qg.trade,Unknown
safety.apple.com.lckhrg.online-removal-tool-security-check-version-7dcb90.review,Unknown
safety.apple.com.kuqjfafkjh.r0wziy8jslsl4knwpq.bid,Unknown
safety.apple.com.ksyrfizha.online-cleaner-security-check-version-6df0a8.xyz,Unknown
safety.apple.com.kkmigs.bnmsthgrrhreza8wurgkcuuiw.stream,Unknown
safety.apple.com.khsjxfwa.3sevolcuptmr6forxbqfx4.science,Unknown
safety.apple.com.kedubg.fqrrxpemcd6pmguolrw.trade,Unknown
safety.apple.com.jyyil.dnvdxdyvle3tflkaqk.download,Unknown
safety.apple.com.jvznvl.xpeib0pbvlstgertdmjpjk2ite.stream,Unknown
safety.apple.com.juwgsfh.xb2gkkbz1ytxzt28ba.trade,Unknown
safety.apple.com.jtgtu.xkfppjtbrxfb5ajfp6lc5djhm9o.trade,Unknown
safety.apple.com.jsuwr.online-check-removal-tool-security-check-version-0b98e9.trade,Unknown
safety.apple.com.jskkmxeqvvx.online-check-app-security-check-version-f1b282.download,Unknown
safety.apple.com.jntuh.9eksnh5vkslbxpj2x9ewvzh9egdfzcica.science,Unknown
safety.apple.com.jmtglr.online-check-app-security-check-version-9a33f5.download,Unknown
safety.apple.com.jhtkgrioagy.wucyo6jkokmohxztjolewa.bid,Unknown
safety.apple.com.jexzb.online-check-cleaner-security-check-version-0439bd.science,Unknown
safety.apple.com.jejlkobqtxk.kcwfnisllf5i4g8v9tygku0.stream,Unknown
safety.apple.com.jdrrv.soje90cvfcrgqxbavwjbhyephqtmq.download,Unknown
safety.apple.com.jcxnmx.dqxkteyp4ovimw.trade,Unknown
safety.apple.com.jclfhgj.utshilcpiihwgq.bid,Unknown
safety.apple.com.jbqkhqblqbe.f2ct12okrwokfjvsisygfr8027q.download,Unknown
safety.apple.com.iwloyeqbhe.r0rjmfiugvlfa6gp2v3jwyk.bid,Unknown
safety.apple.com.itwrmuho.kckjxkbuktd4va0zkp5kt8qm.download,Unknown
safety.apple.com.isutoswe.online-removal-tool-security-check-version-623e30.stream,Unknown
safety.apple.com.isgclzrhu.xqwcpkjemkdwduwkfek7s3wu.bid,Unknown
safety.apple.com.iseuubp.8kn77pm7pkvhh94se03ebrs7lczfq.stream,Unknown
safety.apple.com.iqrqyradl.ydm48arg1i9ssq.review,Unknown
safety.apple.com.ipoxo.online-cleaner-security-check-version-8fe29b.xyz,Unknown
safety.apple.com.ipokqbys.ytoxvunwzdfyi3dl.trade,Unknown
safety.apple.com.ijhsa.online-cleaner-security-check-version-56ddd7.xyz,Unknown
safety.apple.com.iisycxqqt.b497wgufq36paigsyyqqg.review,Unknown
safety.apple.com.hxiiorix.sqmvyfm2jclkxhesjy7ucu.science,Unknown
safety.apple.com.hwqad.2gbhyt4amcyeyvzdha.download,Unknown
safety.apple.com.htzyzaysws.bl8pycg3vkgjm8yzg.stream,Unknown
safety.apple.com.hsddismc.8ccyaomb4dvwj.review,Unknown
safety.apple.com.hryedybbyc.fajrrjbaihugns.science,Unknown
safety.apple.com.hrqsosmv.online-software-security-check-version-a823fd.trade,Unknown
safety.apple.com.hppap.mdklz0z7mwqv5ohrnrwt0rdgmyrfjw.science,Unknown
safety.apple.com.homcem.hhg3hvylfz2qjlf3pvomfe4.stream,Unknown
safety.apple.com.hnihpwrf.vh9oqmp73oi4fz.stream,Unknown
safety.apple.com.hneul.4fgv6wkd5c1rrbfpojjcwiszlg.science,Unknown
safety.apple.com.hndsbhguwrm.zjkzecrvsxpxx6fpmtyapauxhucrzq.science,Unknown
safety.apple.com.hkrwfinjadv.3ycw4vuojrk9vdh38w.trade,Unknown
safety.apple.com.hjjdikuqgvx.dvipiqkuwchpqdl49mkm.science,Unknown
safety.apple.com.hhifomuf.djxvqd4tlthpfyeto.stream,Unknown
safety.apple.com.hhiemrnjv.zddklamjywa3ywpivk.stream,Unknown
safety.apple.com.hgqszvat.nfm6vppakdtnjzcivxr66ik.trade,Unknown
safety.apple.com.hggnj.ea3nm6ba0mupofmlgphhul3d4bib.science,Unknown
safety.apple.com.hfzwnx.guitonfo4yu9gymmvawrvyd51szlg.trade,Unknown
safety.apple.com.hfuhiujq.eiwftzglxdjcc502w.bid,Unknown
safety.apple.com.hfgcwqlroez.rpm0xoutbeh4.download,Unknown
safety.apple.com.hdktivmpkmn.online-app-security-check-version-f3586a.download,Unknown
safety.apple.com.hcpokccrmhn.gqs5ljwfrkzeeddc9vvphfnrpxputw.bid,Unknown
safety.apple.com.hagltfg.3oudzzq3hviabdbk9b0s.science,Unknown
safety.apple.com.haegemoebn.j64krfqpedjdjznuqsdi1u4.trade,Unknown
safety.apple.com.gwblpr.0z4j7k8u8ccxrw8lbg.bid,Unknown
safety.apple.com.gvqsflgytg.4idrnh5tluqcwaxhs.trade,Unknown
safety.apple.com.gulsmxfeofk.tudrgwewmq44lmys1em.bid,Unknown
safety.apple.com.gtpzjtiqp.7quikedu0pyjhyu6sik.stream,Unknown
safety.apple.com.goobang.online-removal-tool-security-check-version-19d482.xyz,Unknown
safety.apple.com.gntnmtebl.bbpqlu8iwel5wgbb2m4p4am7r9ulhwjlvw.stream,Unknown
safety.apple.com.gntgahlv.p5gsf9wh2yltug.bid,Unknown
safety.apple.com.gnpsqrjk.a0xwj17ki0ixffpyhlomqejds2v0age.download,Unknown
safety.apple.com.gmogicfzytg.online-removal-tool-security-check-version-c15e58.xyz,Unknown
safety.apple.com.gkprbdwlwnq.buxgw5uwcxfavk28.trade,Unknown
safety.apple.com.gjlbsdvzeuq.heqn3r5xbihf1r75crcw31awlyva.bid,Unknown
safety.apple.com.ggykbie.pet9xeejg8pmeunmptcbewwp4w.review,Unknown
safety.apple.com.ggwtomavmne.ox7w15gkntfm187svwervofpgrzw.stream,Unknown
safety.apple.com.gfqcvg.maj1wvyelfn3quf2wxwjpc.stream,Unknown
safety.apple.com.gcmnxg.76oexkrm6k1nihlt25c.science,Unknown
safety.apple.com.gaicwp.wzz5k2lqgumjtd0bbv0g7irvyua.download,Unknown
safety.apple.com.gaeqcrney.xwnpj1axc91tlrwol3dmtmx4.download,Unknown
safety.apple.com.fxzhko.pzb2orbyd28hpd9ttfxrrbxd.trade,Unknown
safety.apple.com.fvtbymzobiv.g1zmxqm5qsetl214cplu4rqzhvwl.review,Unknown
safety.apple.com.fvdmqzqelzg.ovxtlu7tbrry3nogm2uq2bmjg.review,Unknown
safety.apple.com.frlieu.vzwxiqsztfnopdg0qfpo7u.trade,Unknown
safety.apple.com.fqerjnr.online-cleaner-security-check-version-cdd990.xyz,Unknown
safety.apple.com.fortbkrh.qnp845hjvp5n7spdjom7b4sjy5yzg.review,Unknown
safety.apple.com.fncsbgezfsz.clprqunxivc0jnkhqpzi5q.trade,Unknown
safety.apple.com.fmoaamf.a8w5okgnpifesie.trade,Unknown
safety.apple.com.fmnqueoi.hnwsoddmquqnddffxagxvksx2caqoa.review,Unknown
safety.apple.com.fkqnmbkr.dkyzkbaucizvh8c.science,Unknown
safety.apple.com.fkoympxhrby.lofrtpy3dyogx7mqnrdaduidqytvrj.trade,Unknown
safety.apple.com.fjbzwhelvc.slpir4sskzenna.review,Unknown
safety.apple.com.fiyagmvhoh.0p1gy5pwodb0qsuu6i1wmychjivo8.bid,Unknown
safety.apple.com.fhjmkfqc.online-removal-tool-security-check-version-0869c8.xyz,Unknown
safety.apple.com.ffuevpmeno.h60gr0ljrkdkvidiqy.science,Unknown
safety.apple.com.fejcwqiq.online-removal-tool-security-check-version-acdb83.club,Unknown
safety.apple.com.feesy.gjlj16ujt4eweulfdbkbmttckp1o013w.science,Unknown
safety.apple.com.fdjlpb.mkmergtwo5mhdyng.review,Unknown
safety.apple.com.fcbskypcdvv.tsbvwbkue09ouqo4rfzekxgr9b1ss.bid,Unknown
safety.apple.com.faviraek.y5wjj8izoqbk0u3utsxddpk6dxzjk6ldw.review,Unknown
safety.apple.com.ewbnbxubib.online-app-security-check-version-4fc4c1.stream,Unknown
safety.apple.com.eumhfdwp.hhretvhxbdgmlxjsjbc.bid,Unknown
safety.apple.com.etwpxqbuvs.caonluge6cxjtmvqztkqoqw.stream,Unknown
safety.apple.com.etkashavwls.pwyksoh2ptlp29go1evmbak.review,Unknown
safety.apple.com.etaqv.1vrnqyhsz6b2lgh.stream,Unknown
safety.apple.com.ergae.zpn6sxeuhidehkm8lmp.trade,Unknown
safety.apple.com.erbfpgic.k6aewgymq0s2rqfltsgssa.bid,Unknown
safety.apple.com.eqgtidgl.ofv9a2tqfxeamf9nfkmv5hit.review,Unknown
safety.apple.com.eprqqtrowr.ayxhwrbgkc4fm2ugv4kx5poaz38.review,Unknown
safety.apple.com.enxnixgxd.online-app-security-check-version-8f03cf.club,Unknown
safety.apple.com.ensgrnsc.1xxmwi6aniah8zj15cor38ru.bid,Unknown
safety.apple.com.emwshykopo.d0kwtvey2fzamfopuawl6de.download,Unknown
safety.apple.com.emosrnv.gpoevmj1xfbzdg.trade,Unknown
safety.apple.com.elnxsfnqsx.3jmpb2cmd0ckg.download,Unknown
safety.apple.com.elgwmuzav.4qc168u3ikgp9q.science,Unknown
safety.apple.com.ehnlcbnh.online-software-security-check-version-bb0117.xyz,Unknown
safety.apple.com.ehkrcjxu.fq4ri0frmbinggesv3kjkcjt.review,Unknown
safety.apple.com.ehifivaibg.epbuldwkfzovg5t1kdq4vxu.download,Unknown
safety.apple.com.efgwla.online-app-security-check-version-303b5c.xyz,Unknown
safety.apple.com.eetrjlwjjy.ekfjkcoucj3pdib595e1nacwg.science,Unknown
safety.apple.com.eekxvnxw.online-check-cleaner-security-check-version-129cb8.review,Unknown
safety.apple.com.eefxsju.h5kqsym00ms84npt4yxoze.bid,Unknown
safety.apple.com.edrlrkppdhr.a9vxbjyqdzotfjn3fxkj4dnvmtwgq.review,Unknown
safety.apple.com.edhhyfi.qc3dflo3v3mys8p81o7zlri.stream,Unknown
safety.apple.com.edaym.l5fyiou7pgpgua.trade,Unknown
safety.apple.com.ecwscohlw.uqxvgidjmfn7d14ro2jxwspr2iwefhy.review,Unknown
safety.apple.com.ecpqmsuvswo.nimkfljbmph0dfd3bagsgcwwdjbmxrf.download,Unknown
safety.apple.com.eaojvt.online-cleaner-security-check-version-1f92f6.club,Unknown
safety.apple.com.eamfrho.2er6p8blz6bsm5uo0d9epxg.bid,Unknown
safety.apple.com.dztmrdegpz.online-removal-tool-security-check-version-464fc0.xyz,Unknown
safety.apple.com.dzdxtfhbxqq.yqbpznw8jyh8iyj4vq.science,Unknown
safety.apple.com.dxnzsts.fmmk4qffbyt1sjef6xazi80jbhbx6x2w.science,Unknown
safety.apple.com.dvprogdbktn.koukgkx2ubzspntdgq.bid,Unknown
safety.apple.com.dvajqzwlju.g9nzrvrk9sahlc6sxmesca.download,Unknown
safety.apple.com.dudhvqk.n4k2an5rdfw2rny7mcnbe.bid,Unknown
safety.apple.com.dtqowuki.vgt2ry3jdahyzalidgzs1hiczp5s.science,Unknown
safety.apple.com.dtnvxawgss.online-cleaner-security-check-version-3930b1.club,Unknown
safety.apple.com.dtbvm.qinfer1u5x7tvpjtspmlnvxdc4l2q.stream,Unknown
safety.apple.com.dsyazo.kcg62ud21gzwpm6kba.download,Unknown
safety.apple.com.dsvcmyamb.zxfrsbgqjvf37w86tq.trade,Unknown
safety.apple.com.drwncl.lrfnjdoynxvovgz1.stream,Unknown
safety.apple.com.dravwuiacqb.5iqk0rwiphwk2i2nkw.review,Unknown
safety.apple.com.dqwphfgzlt.r4riynsf0szh0frhcv3nrfnnm1yzs0.download,Unknown
safety.apple.com.dqjwcn.online-check-software-security-check-version-41bfea.stream,Unknown
safety.apple.com.dptkwuzz.yed1j0zorbshevvwwvhgczr5mnt7pccztg.stream,Unknown
safety.apple.com.doviz.2xb5lnhmbvs29gele.stream,Unknown
safety.apple.com.dnqzpvn.iwaafneb0g2nfqjvqgq16uxppcngha.trade,Unknown
safety.apple.com.dnjywkeiqa.aakkwvtvm2pp5w.review,Unknown
safety.apple.com.dninnlxsudp.fdbwglkkdcvcfkcqeeuoyuaq.stream,Unknown
safety.apple.com.dlsemv.jfsqk8zy2hjxlvckxjt8vmj5avcil0y.download,Unknown
safety.apple.com.dliwszj.online-software-security-check-version-90d2e0.xyz,Unknown
safety.apple.com.dkfarjkwr.sflemcpiobqu37lq2a.review,Unknown
safety.apple.com.dixav.v8k6cgmfzdi2snxi4i.trade,Unknown
safety.apple.com.divhnriay.bcgdwnhuhxwh3bzak.stream,Unknown
safety.apple.com.dilyy.apdzypzsyvqkxjmh84.stream,Unknown
safety.apple.com.dhvufoguedu.9rxj0nbaz7nkh68ed1pwk.review,Unknown
safety.apple.com.dggptu.online-app-security-check-version-2b3bd3.download,Unknown
safety.apple.com.dgfsgr.online-cleaner-security-check-version-d6b803.download,Unknown
safety.apple.com.dfhbzntf.fgit1mlosmwzekvo.trade,Unknown
safety.apple.com.defxx.fv16d7xw5udafjcai2n71oulz0mkoe.trade,Unknown
safety.apple.com.deakti.iez64gwozsvjeclewktlsw5o.stream,Unknown
safety.apple.com.ddlftyxhrk.c79c9uaazin0geylfft.science,Unknown
safety.apple.com.ddglo.yclkqora0rvfoy1ey9hubdegtqzxwwe.science,Unknown
safety.apple.com.ddbuaraxqgt.sln0g3r57lg4aozw9fuyiugcgrsq.review,Unknown
safety.apple.com.dcpngonfzua.vd0eyeoazvsuxhze8mw5k.bid,Unknown
safety.apple.com.dcacyhdiq.2jjo0b2wu20snfupbg.trade,Unknown
safety.apple.com.darmmwi.tzv4wmp80tytrkog9me.science,Unknown
safety.apple.com.dafkzpwv.tbzdyopr0yjgwvspz9dkw.download,Unknown
safety.apple.com.daevadob.online-check-cleaner-security-check-version-a6401b.stream,Unknown
safety.apple.com.czyiviqoin.uigcaxaiaxihmnk.stream,Unknown
safety.apple.com.cwvvj.erp78nkkx7csb1b1v3uhu1gl.download,Unknown
safety.apple.com.cwnfcrnsyfr.nifaibfpl8zicx3rioovrq4xng66rw.trade,Unknown
safety.apple.com.cwjmanljsx.tgkfygb1hkhfelfsgyfkk90ctmc.science,Unknown
safety.apple.com.cvkgomjf.t7uamhpgramxd3zrcznyoa6ybfqo7e.download,Unknown
safety.apple.com.cvkgmgn.nm8fl52gh2jbzc8orewmcoo6b8akef4.science,Unknown
safety.apple.com.cumvaol.online-cleaner-security-check-version-0232b5.xyz,Unknown
safety.apple.com.cumqsg.4qjus4a5jcsophbq9gdzxf1swqtdoq.science,Unknown
safety.apple.com.culeqgnwc.cli7qpfl5yubx6e.review,Unknown
safety.apple.com.cukjmyjt.w98qyxrzpq6aughy431uws9vnp1.download,Unknown
safety.apple.com.cugtuezwn.online-cleaner-security-check-version-862f0a.club,Unknown
safety.apple.com.cuaepmwfd.5qcfsbxxwdlkuqbiirev70gm.review,Unknown
safety.apple.com.ctsjmyl.a0tq3bn7exvmfgl.trade,Unknown
safety.apple.com.cthpybimgn.6cysucipr8ttp5i9nqerycbhke.stream,Unknown
safety.apple.com.cruxrfduocq.online-software-security-check-version-446e3f.xyz,Unknown
safety.apple.com.crsmtltrs.ld0h8pgyf1b2cg.bid,Unknown
safety.apple.com.cqquedex.ch0h0ulvflgkwuew.review,Unknown
safety.apple.com.cpwtboaufpv.qzmxdsl96rhie.stream,Unknown
safety.apple.com.coeqq.1taewbwiys0ag.trade,Unknown
safety.apple.com.cniaiod.lpenfelnr2u3efl6ltpb1c.stream,Unknown
safety.apple.com.cnbfuvj.c4ks0d9mcnyyki5.science,Unknown
safety.apple.com.cmnzzf.w1h3yg7t1vffhtxkg.stream,Unknown
safety.apple.com.clfoac.online-check-software-security-check-version-d2e7ed.science,Unknown
safety.apple.com.clawmbfyn.otxkgvopxy5stmyc4p8kp1gxg.stream,Unknown
safety.apple.com.cjxhrsd.sl4u3oqsus4rl3tjz1fcwuvwtm.science,Unknown
safety.apple.com.cjihlc.dhxrws7qrqsjysevm62azjo57f3hbg.stream,Unknown
safety.apple.com.cijgsjy.online-cleaner-security-check-version-4450d8.download,Unknown
safety.apple.com.chqlgo.kgitvydr6oluidmemxmh.science,Unknown
safety.apple.com.cgcxn.gzeawda4gmurxi4ia.trade,Unknown
safety.apple.com.cfptnpn.7aufxcxraw6jkytpxdhcylu0ozxhrvs.download,Unknown
safety.apple.com.cehiagwg.ox9yigshjrmeimlpo5tiyimqrpzfcw.bid,Unknown
safety.apple.com.cduhlcvq.9f7cs2kelrumna.download,Unknown
safety.apple.com.cdrftze.sx77c599hoq5rufgn9al4.download,Unknown
safety.apple.com.ccwdonq.online-cleaner-security-check-version-22310e.club,Unknown
safety.apple.com.ccnwqf.vkqyelqaea8mux46qavimhag.download,Unknown
safety.apple.com.ccnlmmehxet.online-software-security-check-version-cdf701.club,Unknown
safety.apple.com.cbfuxabnmx.hqaspfa93loag.stream,Unknown
safety.apple.com.byuglobu.sn04rdvvwnsw4yal4vw4dyw.science,Unknown
safety.apple.com.byoiwpvgv.nvz3atpg5cqirwgiwmgutlxqg.science,Unknown
safety.apple.com.byjvnx.online-check-cleaner-security-check-version-859116.review,Unknown
safety.apple.com.btwhbz.slmiobddygcb4bgh2mtqnhu.review,Unknown
safety.apple.com.bstsv.gm2b6siylper1n3yxg.review,Unknown
safety.apple.com.bqtwlzluuj.bidfstomkocx1ypzapumnviurg.trade,Unknown
safety.apple.com.bqbuyqpdtvc.sn2bincwyctpkkyw448brw.trade,Unknown
safety.apple.com.bofxhfsiaf.ln1pmvfgomytngele6a.science,Unknown
safety.apple.com.boflhdbo.8paewoqwdfvpuclxzbsqxx.download,Unknown
safety.apple.com.bmgzmgkts.gwjmeaov5ibmta.bid,Unknown
safety.apple.com.bmgjsj.ytccdlrd2jqlnblry4vire1owu.download,Unknown
safety.apple.com.blfgzbpngyj.fxitjnoaeycesteod08jbp21prsqhe.review,Unknown
safety.apple.com.bkcrmtzo.uczcei4vogssranjmg.science,Unknown
safety.apple.com.bibdkmk.wfeboowj5jlnhtxgyg.stream,Unknown
safety.apple.com.bhsowjvf.uahxawao4abbzyb3g.trade,Unknown
safety.apple.com.bfiuh.efck9uksvyw2lcw21g.trade,Unknown
safety.apple.com.beyix.h3giwf8jlojwmxyndshl35dxtshvlzq.stream,Unknown
safety.apple.com.beppzoovb.eddsgqhfe8sbng8niofb6zkpq.download,Unknown
safety.apple.com.beppsynl.1ijjpvztn1ykpn78k3mhxq.download,Unknown
safety.apple.com.beiojjejxqs.1oxf9qhkm9ryksb0ripxsmhidlwb.science,Unknown
safety.apple.com.bdzbbw.mp9nvhqx69orwv1ja4jhm0qad4fhlxw3.download,Unknown
safety.apple.com.bctcfuvo.82knjgiy0xvmzjjgk8rwf0.science,Unknown
safety.apple.com.bbvhfwenz.cmmgymfqxkrmcshx8dpsdrpvmz2.stream,Unknown
safety.apple.com.bboacod.1vetqsbuwp8fpwsw.stream,Unknown
safety.apple.com.aylxsyrnmk.online-app-security-check-version-4be6bd.club,Unknown
safety.apple.com.axqwe.wjzhzdi6mm6lauy.science,Unknown
safety.apple.com.auquuujelgn.liznt0y3dnub.review,Unknown
safety.apple.com.auhbtvbzqh.u7trivcw1bu6zuqxyeck403ohztv9mbubw.review,Unknown
safety.apple.com.atwmhng.online-software-security-check-version-1ed03c.club,Unknown
safety.apple.com.atmiwrolrhj.qatkmwopwbajjt2wwybnwg.science,Unknown
safety.apple.com.apkhxtnibf.vjdipcnr2smjcexblljloje.review,Unknown
safety.apple.com.ancmvgh.s4robfpc5dn0swbn.stream,Unknown
safety.apple.com.akuuleuygv.kk7surobyjwebo5x9pmrtq14.download,Unknown
safety.apple.com.aidejm.asm0vdzhhhhb8wk3.download,Unknown
safety.apple.com.afwwfxndb.96au7o5dqpgeorg.stream,Unknown
safety.apple.com.abjqjsola.online-check-software-security-check-version-932e5b.trade,Unknown
safety.apple.com.aaiwydpuodj.l12rh8g1wmzrwysozdun.bid,Unknown
safeboxx.kiddibargains.com,Unknown
safe.yoursecondbestplacecontent.trade,Unknown
safe.yoursecondbestplacecontent.download,Unknown
safe.yoursecondbestplace-contents.win,Unknown
safe.yoursecondbestplace-contents.trade,Unknown
safe.yoursecondbestplace-contents.review,Unknown
safe.yoursecondbestplace-contents.download,Unknown
safe.yoursecondbestplace-contents.date,Unknown
safe.yoursecondbestplace-content.win,Unknown
safe.yoursecondbestplace-content.trade,Unknown
safe.yoursecondbestplace-content.date,Unknown
safe.yoursecondbestplace-content.bid,Unknown
safe.yourbestsourceforcontentreliable.xyz,Unknown
safe.yourbestsource4contentreliable.xyz,Unknown
safe.thesummertimegreatcontents.stream,Unknown
safe.thesummertimegreatcontents.review,Unknown
safe.thesummertimegreatcontent.date,Unknown
safe.thesummertime-greatcontents.download,Unknown
safe.thefastestcontentsnetstable.xyz,Unknown
safe.theappstar.online,Unknown
safe.safemedia.today,Unknown
safe.perfectlygoodplaceforcontents.win,Unknown
safe.perfectlygoodplaceforcontents.download,Unknown
safe.perfectlygoodplaceforcontent.stream,Unknown
safe.perfectlygoodplace4contents.win,Unknown
safe.perfectlygoodplace4contents.trade,Unknown
safe.perfectlygoodplace4contents.review,Unknown
safe.perfectlygoodplace4contents.download,Unknown
safe.perfectlygoodplace4content.trade,Unknown
safe.perfectlygoodplace4content.stream,Unknown
safe.perfectlygoodplace4content.bid,Unknown
safe.myprivacyworld.com,Unknown
safe.getmedia.live,Unknown
safe.funhubforupdate.xyz,Unknown
safe.funhubfor-update.xyz,Unknown
safe.free4allupsafesystem4nowset.club,Unknown
safe.forplaycontentsgreatestever.icu,Unknown
safe.earnethnow.com,Unknown
safe.09vfhhpwt8onxoq2sa36m0wjmaqesxcm.xyz,Unknown
sadeqncp.mobileaps.in,Unknown
sadakasoft.ahlamountada.net,Unknown
sad.childrensliving.com,Unknown
sacredheartcathedral.co.zw,Unknown
saci.jonnyken.com,Unknown
sachcubanme.bmt.city,Unknown
sac-santander.bxtrp09.com,Unknown
saboreslibres.asertiva.cl,Unknown
saaraortiz-chaturbate.infosexcam.com,Unknown
saad.deze7.com.br,Unknown
sa.www4.irs.gov.irfofefp.start.dojsessionid.hiwcwgdr94ijgzvw.4rcbrnd.texreturn.poeindustrialgiantnigeria.com,Unknown
sa.uxinjinrong.cn,Unknown
sa.erclans.ru,Unknown
s94.sofatel4.ru,Unknown
s9.cookingluck.com,Unknown
s8.cookingluck.com,Unknown
s7.cookingluck.com,Unknown
s6.cookingluck.com,Unknown
s5.cookingluck.com,Unknown
s4u.service-it.com.ua,Unknown
s4.cookingluck.com,Unknown
s3.techsysmedia-dz.com,Unknown
s3.sovereigncars.org.uk,Unknown
s3.nikeslayer.com,Unknown
s3.hiahornber.com,Unknown
s3.cookingluck.com,Unknown
s2epkvrholwuax5ftfuf.maherstcottage.com.au,Unknown
s24.robotek.cloud,Unknown
s23.rychlestahovani.info,Unknown
s2.zalivalka.ru,Unknown
s2.series60.kiev.ua,Unknown
s2.cookingluck.com,Unknown
s10.j3vsoft982.ga,Unknown
s1.viewcon.kr,Unknown
s1.ttriber.com,Unknown
s1.systems-online.info,Unknown
s1.sfcdn.in,Unknown
s1.omnitor.ru,Unknown
s1.ichro.me,Unknown
s1.hd-plugin.com,Unknown
s1.eyeonmusica.it,Unknown
s1.directxex.com,Unknown
s1.cookingluck.com,Unknown
s0e3nwd7mhf45sghuds3.businessrulesanalysis.com,Unknown
s059.ftphosting.pw,Unknown
s02.solidfilesusercontent.com,Unknown
s01.solidfilesusercontent.com,Unknown
s002.j4vsoft977.ga,Unknown
s001.j4vsoft977.ga,Unknown
s0.3eu.ru,Unknown
s.zombienewsapp.com,Unknown
s.zeroredirect.com,Unknown
s.ygcake.com,Unknown
s.winggo.co.kr,Unknown
s.webshieldonline.com,Unknown
s.videodimmertool.com,Unknown
s.unfriendapp.com,Unknown
s.trade27.ru,Unknown
s.trackstormalert.com,Unknown
s.trackhealthalert.com,Unknown
s.trackbreakingnews.com,Unknown
s.swamigames.com,Unknown
s.speedyhashstation.com,Unknown
s.sock5.co,Unknown
s.socialreviewer.com,Unknown
s.safewebonline.com,Unknown
s.playjewelquestgame.com,Unknown
s.playjewelquest.com,Unknown
s.playdisasteroids.com,Unknown
s.playblasteroids.com,Unknown
s.plants-vs-zombies-game.com,Unknown
s.ndd001.com,Unknown
s.moviemasterapp.com,Unknown
s.mobiusradio.com,Unknown
s.learn2fly2.com,Unknown
s.klmtm2k6.com,Unknown
s.instashareonline.com,Unknown
s.gugezhao.com,Unknown
s.gruvvin.com,Unknown
s.getspeedbrowserp.com,Unknown
s.getspeedbrowser.com,Unknown
s.getsharethis.com,Unknown
s.getsecurityalert.com,Unknown
s.getdownload.net,Unknown
s.g-stats.com,Unknown
s.fixinstant.com,Unknown
s.fewcase.com,Unknown
s.fedwlg.com,Unknown
s.cnaaa1.com,Unknown
s.ato.mx,Unknown
s.admtpmp127.com,Unknown
s.admtpmp123.com,Unknown
s.59pi.com,Unknown
s.51shijuan.com,Unknown
s.15bb.com,Unknown
s-yoolk-billboard-assets.yoolk.com,Unknown
s-yoolk-banner-assets.yoolk.com,Unknown
s-39.predictvideo.com,Unknown
rzzdaz7tro.centde.com,Unknown
rzss2zfue73dfvmj.truewargame.ch,Unknown
rzss2zfue73dfvmj.onlinerpgame.ch,Unknown
rznyjysqvz.centde.com,Unknown
rzkbyrob3p.centde.com,Unknown
rzepak.pure.pl,Unknown
ryuj.seoservicedallas.com,Unknown
ry0tkh.rg.ro,Unknown
rxoeeqledxuzzb1rz16m.maherstcottage.com.au,Unknown
rxoeeqledxuzzb1rz16m.littlematchagirl.com.au,Unknown
rxjpxuj4hf0gvrajpsrr.alfacomercial.com.br,Unknown
rw595phpt4kk538s.botanik.gq,Unknown
rvycimjm.sygfysp.xyz,Unknown
russian.ircfast.com,Unknown
russian-teen-porn.virgin-paradize.com,Unknown
russian-news-cn.world4r.com,Unknown
rusf686iu.lojadanetssx.website,Unknown
rus.css2.com,Unknown
rus.aimakpress.kg,Unknown
rumog.frost-electric-supply.com,Unknown
rumahmakannusantara.biz.id,Unknown
rulote.allkrisautomobile.ro,Unknown
rufex.ajfingenieros.cl,Unknown
rubbi.portorangeconnection.net,Unknown
ru.theswiftones.com,Unknown
ru.ifo.su,Unknown
ru.brans.pl,Unknown
ru.appset.me,Unknown
rtyr.year2018.com,Unknown
rtrt.zhudazhanzuiman.com,Unknown
rtrqsbm.koon.pl,Unknown
rtotlem.pacorahome.com,Unknown
rto.ijssalonlekker.nl,Unknown
rthg.neurorn.info,Unknown
rtg.instantmixcup.com,Unknown
rt.telegram-unblock.com,Unknown
rt.netkill.com.cn,Unknown
rt.donnacastillo.com,Unknown
rswoxbya.pieforme.com,Unknown
rssexplorer.planet-hood.com,Unknown
rssboss.viperson.net,Unknown
rsg.epcsheriff.com,Unknown
rse.tigocloudbo.com,Unknown
rs3.yule37.cn,Unknown
rr9.g2vsoft930.ml,Unknown
rr7mdgjbjhbefvkhbashrg.ginnypecht.com,Unknown
rqalkaxa.searching-for-joy.com,Unknown
rprj.sa073.com,Unknown
rpqltngt.branaeholdings.com,Unknown
rpgoncode.werules.com,Unknown
rp.ytdcdn.com,Unknown
rp.xarenetilil.com,Unknown
rp.wosodosolol1.com,Unknown
rp.winzipcdn.com,Unknown
rp.winloadcdn.com,Unknown
rp.windows8downloadscdn.com,Unknown
rp.webfilescdn.com,Unknown
rp.wawosodadol.com,Unknown
rp.vndownloadcdn.com,Unknown
rp.vlc-plugin.com,Unknown
rp.vittaliacdn.com,Unknown
rp.videodownloadercdn.com,Unknown
rp.video-downloader-app.com,Unknown
rp.uptodowncdn.com,Unknown
rp.updatetowerbundle.com,Unknown
rp.updatestarcdn.com,Unknown
rp.unzip-it.com,Unknown
rp.unipdfconverter.com,Unknown
rp.ultimatepdfconverter.com,Unknown
rp.ultimatedownloadaccelerator.com,Unknown
rp.ubcmcdn.com,Unknown
rp.tourtodaylaboratory.com,Unknown
rp.totonof.com,Unknown
rp.topuloluku.com,Unknown
rp.tokoholapisa.com,Unknown
rp.togglecdn.com,Unknown
rp.todownloadcdn.com,Unknown
rp.tiviviv.com,Unknown
rp.thevideoconverterexclusive.com,Unknown
rp.thepdfreaderapp.com,Unknown
rp.thepdfcreatorapp.com,Unknown
rp.thefreecardsmaker.com,Unknown
rp.theflvplayerapp.com,Unknown
rp.thedownloadmanagerapp.com,Unknown
rp.thecoolzipextractorapp.com,Unknown
rp.thebestallcodecsapp.com,Unknown
rp.telechargercdn.com,Unknown
rp.tatopiretama.com,Unknown
rp.tatomayey.com,Unknown
rp.superdownloadsbrcdn.com,Unknown
rp.superbvideoconverter.com,Unknown
rp.speedialcdn.com,Unknown
rp.sourceforgecdn.com,Unknown
rp.sosotiwis2.com,Unknown
rp.softsumacdn.com,Unknown
rp.softportalcdn.com,Unknown
rp.softmencdn.com,Unknown
rp.softdl4ucdn.com,Unknown
rp.snapfilescdn.com,Unknown
rp.silisiwa.com,Unknown
rp.serifcdn.com,Unknown
rp.secureddownloadcdn.com,Unknown
rp.searchyacdn.com,Unknown
rp.sasanilisa.com,Unknown
rp.saritumatipicdn.com,Unknown
rp.rumoror.com,Unknown
rp.rorarariro.com,Unknown
rp.rocketbrowsercdn.com,Unknown
rp.retowon.com,Unknown
rp.renerenere.com,Unknown
rp.relurucu.com,Unknown
rp.refamacefem.com,Unknown
rp.rapeparayu.com,Unknown
rp.pivotstickcdn.com,Unknown
rp.pinanal.com,Unknown
rp.picbadgescdn.com,Unknown
rp.pibiloye.club,Unknown
rp.pemalemape.com,Unknown
rp.pecetetar.com,Unknown
rp.pcgizmoscdn.com,Unknown
rp.padenope.com,Unknown
rp.opensubcdn.com,Unknown
rp.nofofofon.com,Unknown
rp.nesajofoten.com,Unknown
rp.nenininitok.com,Unknown
rp.nenalotabelo.com,Unknown
rp.nadasopip.com,Unknown
rp.mysearchdialcdn.com,Unknown
rp.mydownclubcdn.com,Unknown
rp.msd-baris.com,Unknown
rp.mosumumopo.com,Unknown
rp.mokarina.com,Unknown
rp.mogubebag.com,Unknown
rp.mivimilav.com,Unknown
rp.miponycdn.com,Unknown
rp.mhotspotcdn.com,Unknown
rp.mediafindercdn.com,Unknown
rp.mediacrawlercdn.com,Unknown
rp.mediacodeccdn.com,Unknown
rp.mebasayisi.com,Unknown
rp.lemedodel.com,Unknown
rp.lecogarikate.com,Unknown
rp.komputerswiatplcdn.com,Unknown
rp.kitaracdn.com,Unknown
rp.jdownloadercdn.com,Unknown
rp.iwdownloadcdn.com,Unknown
rp.iwansn6dksaf.com,Unknown
rp.instalkiplcdn.com,Unknown
rp.infospacecdn.com,Unknown
rp.image-editor-free.com,Unknown
rp.hoyoholes.com,Unknown
rp.howinccdn.com,Unknown
rp.hotetowemi.com,Unknown
rp.hosabanacara.com,Unknown
rp.henetowedi1.com,Unknown
rp.guardcleancenter.com,Unknown
rp.greataudioconverter.com,Unknown
rp.grabbytetown.com,Unknown
rp.gol-apps.com,Unknown
rp.ginihehen.com,Unknown
rp.gigatagu.com,Unknown
rp.genabigumeto.com,Unknown
rp.gegogego.com,Unknown
rp.gamershellcdn.com,Unknown
rp.gamehitzonecdn.com,Unknown
rp.galacirapi.com,Unknown
rp.fwtdlmcdn.com,Unknown
rp.fvdcdn.com,Unknown
rp.funmoodscdn.com,Unknown
rp.fun-minecraft.com,Unknown
rp.fun-media-player.com,Unknown
rp.friedcookiescdn.com,Unknown
rp.freewarefilescdn.com,Unknown
rp.freeultimatecodecs.com,Unknown
rp.freepdf-converter.com,Unknown
rp.free-flv-player.com,Unknown
rp.free-fileopener.com,Unknown
rp.foxtabcdn.com,Unknown
rp.fowarala.com,Unknown
rp.forumeritcdn.com,Unknown
rp.flvplayerpro.net,Unknown
rp.findmysoftcdn.com,Unknown
rp.filexilecdn.com,Unknown
rp.fileorgcdn.com,Unknown
rp.fgnfssj3dsqs.com,Unknown
rp.extrimdownloadmanager.com,Unknown
rp.editor4audio.com,Unknown
rp.droidcdn.com,Unknown
rp.driverguidecdn.com,Unknown
rp.downloadstercdn.com,Unknown
rp.downloadster2cdn.com,Unknown
rp.downloadfreecdn.com,Unknown
rp.downloaddkcdn.com,Unknown
rp.downloadastrocdn.com,Unknown
rp.downloadapi.com,Unknown
rp.downloadagentcdn.com,Unknown
rp.download4windowscdn.com,Unknown
rp.dinipip.com,Unknown
rp.detedifidiv.com,Unknown
rp.derarawodo.com,Unknown
rp.deliverychucklebody.com,Unknown
rp.dasabedasak.com,Unknown
rp.dadafarada.com,Unknown
rp.cururaracur.com,Unknown
rp.coolvideotomp3.com,Unknown
rp.coolvideoconverter.com,Unknown
rp.coolpdfreader.com,Unknown
rp.coolpdfcreator.com,Unknown
rp.conicono.com,Unknown
rp.computerbildcdn.com,Unknown
rp.comococolor.com,Unknown
rp.clickmeinstats.com,Unknown
rp.clickgratiscdn.com,Unknown
rp.clean4pc.com,Unknown
rp.cicipip.com,Unknown
rp.cibicicici.com,Unknown
rp.chipeucdn.com,Unknown
rp.cesapukigece.com,Unknown
rp.camstudiocdn.com,Unknown
rp.bundlorecdn.com,Unknown
rp.bororeb.com,Unknown
rp.bitlordcdn.com,Unknown
rp.binikanuroge.com,Unknown
rp.bigoribebob.com,Unknown
rp.bestvistadownloadscdn.com,Unknown
rp.bestusefuldownloads.com,Unknown
rp.bestringtonesmaker.com,Unknown
rp.bestdownload-manager.com,Unknown
rp.awesomereaderapp.com,Unknown
rp.asiasoftseacdn.com,Unknown
rp.appuniverseapplication.com,Unknown
rp.apponiccdn.com,Unknown
rp.app-safe.com,Unknown
rp.anyprotectcdn.com,Unknown
rp.anymusicconverter.com,Unknown
rp.allmyappscdn.com,Unknown
rp.afdlcdn.com,Unknown
rp.adsearchescdn.com,Unknown
rp.5oftwarescdn.com,Unknown
rp.50orcdn.com,Unknown
royalbank.onlinesecure.ca,Unknown
royalbank.com.elpeetha.com.au,Unknown
royalair.koom.ma,Unknown
royal666k6zyxnai.tor2web.top,Unknown
router.100chickens.biz,Unknown
ross.starvingmillionaire.org,Unknown
rosenlaw.cratima.com,Unknown
root.rampupelectrical.com.au,Unknown
root.proim.de,Unknown
root.immersiondesign.co.uk,Unknown
root.godaddydns.net,Unknown
root-security-yah00-domain5854335.ronandownes.net,Unknown
rook.enkido.org,Unknown
roo.ljuban.by,Unknown
ronni.flashticketswf.xyz,Unknown
rongo.prohash.org,Unknown
romeotrade.igg.biz,Unknown
romantschenko.grafi-offshore.com,Unknown
rolemodelstreetteam.invasioncrew.com,Unknown
rokos.co.zw,Unknown
roia.hutchmedia.com,Unknown
rockmill.abcsolution.ru,Unknown
rocket.com.bd,Unknown
robot.regworld.de,Unknown
robbie.ggc-bremen.de,Unknown
robbeottoy.dommel.be,Unknown
robacks.beatnicker.com,Unknown
road.yourdrones.com,Unknown
ro2.fileshare.ro,Unknown
rnmcxbirh9497923.americanterrier03.space,Unknown
rn.hkfklflkggnow.com,Unknown
rmubp.chphmu.de,Unknown
rmclnu2unywdjaaova4j.businessrulesanalysis.com,Unknown
rlerd4fdiyhinpol5nyl.littlematchagirl.com.au,Unknown
rlbyc.saqibsiddiqui.com,Unknown
rl8vd.kikul.com,Unknown
rl.kkp.kz,Unknown
rjvc.com.wilasef.ga,Unknown
rjndfakg.boxcage.net,Unknown
riupd.andev.de,Unknown
ritmustanfolyam.webpagoj.com,Unknown
risvegli737.panoramabase.ws,Unknown
rise.respecttheillusion.com,Unknown
rihasxg.forgottenfolk.tk,Unknown
right.dubaidaily.info,Unknown
rigfoak.mybioscience.com,Unknown
ride.trustyswitchblade.com,Unknown
ricardoeletro.com.br.promody.co,Unknown
ricalpesterete334.panoramabase.ws,Unknown
ribxyise.leiquan.me,Unknown
ri.virtualdj.msdwnld.com,Unknown
ri.openoffice.msdwnld.com,Unknown
ri.nod32.msdwnld.com,Unknown
ri.messenger.msdwnld.com,Unknown
ri.mediaplayer.msdwnld.com,Unknown
ri.jdownloader.msdwnld.com,Unknown
ri.flashplayerplus.msdwnld.com,Unknown
ri.flashplayerfb.msdwnld.com,Unknown
ri.flashplayer.msdwnld.com,Unknown
ri.firefox9.msdwnld.com,Unknown
ri.firefox8.msdwnld.com,Unknown
ri.firefox7plus.msdwnld.com,Unknown
ri.firefox7fullweb.msdwnld.com,Unknown
ri.firefox7.msdwnld.com,Unknown
ri.firefox6.msdwnld.com,Unknown
ri.firefox11.msdwnld.com,Unknown
ri.firefox10.msdwnld.com,Unknown
ri.explorer9.msdwnld.com,Unknown
ri.emulefw.msdwnld.com,Unknown
ri.emule.msdwnld.com,Unknown
ri.avast.msdwnld.com,Unknown
ri.ares.msdwnld.com,Unknown
rhkwpfix8n.tmapfnjcaq.chproperties.com,Unknown
rhksflwk.luvgom.com,Unknown
rh626r.sa019.com,Unknown
rgp.gstkonnect.com,Unknown
rgg.mijetas.com,Unknown
rgg.cometonetwork.info,Unknown
rget3.socialindustry.com,Unknown
rfs.ezdownloadpro.info,Unknown
rfki.voetsjoeba.com,Unknown
rfjlihvoms.fmgn7ek9f2.madpendesign.com.au,Unknown
rfc2136.webmapacademy.com,Unknown
rfc2136.victoriandetectives.com,Unknown
rfc2136.superkey.org,Unknown
rfc2136.snapmatter.com,Unknown
rfc2136.scenicvue.com,Unknown
rfc2136.rentplex.com,Unknown
rfc2136.portdanielpress.com,Unknown
rfc2136.kalmakoff.com,Unknown
rfc2136.kalmakconsultancy.com,Unknown
rfc2136.georgiareo.org,Unknown
rfc2136.georgiagrading.com,Unknown
rfc2136.expressreo.com,Unknown
rfc2136.coolplacescolorado.com,Unknown
rfc2136.c4pat.com,Unknown
rfc2136.buckheadremodeling.com,Unknown
rfc2136.atlantabobcat.net,Unknown
rf-yn.snprobbx.pbz.r.de.a2ip.ru,Unknown
rexfordindustrial.igg.biz,Unknown
rewoza.smartsme.tv,Unknown
rewdedaa.gratisdejtingsajter.com,Unknown
rew.superwealthysecret.com,Unknown
rew.sands-secure.net,Unknown
revision.acc.invalid-address-app-info.com,Unknown
reviews.domainplayersclub.com,Unknown
review.houseofbagon.com,Unknown
revenue.ie.hh1sd.tax,Unknown
revenue.ie.clxros.tax,Unknown
revengeoftheex.ucgalleries.com,Unknown
rev.economicfigures.com,Unknown
reubenjet2018.http01.com,Unknown
retunding584.101panorama.ws,Unknown
retsonross.textshuffle.com,Unknown
retoverano.nacionsaludable.com,Unknown
retail.santander.co.uk.logsuk.ns.ens.btochanneldriver.ssobto.dse.operationname.logon.dse.processor.logon.dse.processor.logon.lo,Unknown
retail.renodio.com,Unknown
resztkiloginsday.saveclients.com,Unknown
results.weatherradarnow.com,Unknown
results.weatherradarforecast.co,Unknown
results.wd-cmf.com,Unknown
results.vc-cmf.com,Unknown
results.ut-cmf.com,Unknown
results.theweatherradar.co,Unknown
results.superspeedtester.com,Unknown
results.suchwowgames.com,Unknown
results.streamradionow.com,Unknown
results.starttab.co,Unknown
results.st-cmf.com,Unknown
results.seasytowatchtv2.com,Unknown
results.seasytowatchtv.com,Unknown
results.searchytds.com,Unknown
results.searchytdav.com,Unknown
results.searchyrs2.com,Unknown
results.searchyrs.com,Unknown
results.searchyourea.com,Unknown
results.searchyffff.com,Unknown
results.searchyfff.com,Unknown
results.searchyff.com,Unknown
results.searchyea.com,Unknown
results.searchwytsn.com,Unknown
results.searchwwf.com,Unknown
results.searchwu.com,Unknown
results.searchwtvi2.com,Unknown
results.searchwtii.com,Unknown
results.searchwti.com,Unknown
results.searchwssp.com,Unknown
results.searchws.com,Unknown
results.searchwrf.com,Unknown
results.searchworldwf.com,Unknown
results.searchwmtn2.com,Unknown
results.searchwmtn.com,Unknown
results.searchwms.com,Unknown
results.searchwmo.com,Unknown
results.searchwfc.com,Unknown
results.searchwfaco2.com,Unknown
results.searchwfaco.com,Unknown
results.searchwfaa.com,Unknown
results.searchwfa2.com,Unknown
results.searchwfa.com,Unknown
results.searchwatchytsn.com,Unknown
results.searchwatchyourtsn.com,Unknown
results.searchwatchos.com,Unknown
results.searchwamtv2.com,Unknown
results.searchwamtv.com,Unknown
results.searchwag.com,Unknown
results.searchw3w.com,Unknown
results.searchw3p.com,Unknown
results.searchw3m.com,Unknown
results.searchw3f.com,Unknown
results.searchvidpop.com,Unknown
results.searchvfr.com,Unknown
results.searchuts.com,Unknown
results.searchutorr.com,Unknown
results.searchutilities.co,Unknown
results.searchumrz.com,Unknown
results.searchucp.com,Unknown
results.searchucf.com,Unknown
results.searchtzc.com,Unknown
results.searchttw.com,Unknown
results.searchtsbn.com,Unknown
results.searchtrmypa.com,Unknown
results.searchtppp2.com,Unknown
results.searchtppp.com,Unknown
results.searchtpp.com,Unknown
results.searchtpn.com,Unknown
results.searchtpg.com,Unknown
results.searchtp.com,Unknown
results.searchtodaynr.com,Unknown
results.searchtnreporter.com,Unknown
results.searchtnr.com,Unknown
results.searchtnl.com,Unknown
results.searchtmpn4.com,Unknown
results.searchtmpn2.com,Unknown
results.searchtmp.com,Unknown
results.searchtg.com,Unknown
results.searchtempress.com,Unknown
results.searchtempreso.com,Unknown
results.searchtempres.com,Unknown
results.searchtcn.com,Unknown
results.searchtaccess.com,Unknown
results.searchsterjosoft.com,Unknown
results.searchsmg.com,Unknown
results.searchsinfo.com,Unknown
results.searchscfs.com,Unknown
results.searchrs3.com,Unknown
results.searchrs.com,Unknown
results.searchrmgni2.com,Unknown
results.searchrmgni.com,Unknown
results.searchradioa.com,Unknown
results.searchraccess.com,Unknown
results.searchquco.com,Unknown
results.searchqpt.com,Unknown
results.searchptrack.com,Unknown
results.searchptp2.com,Unknown
results.searchptp.com,Unknown
results.searchpdfc.com,Unknown
results.searchpcstt.com,Unknown
results.searchpcst2.com,Unknown
results.searchpcst.com,Unknown
results.searchpackaget.com,Unknown
results.searchotva.com,Unknown
results.searchonin.com,Unknown
results.searchnda.com,Unknown
results.searchmyws.com,Unknown
results.searchmypt.com,Unknown
results.searchmyis.com,Unknown
results.searchmycl.com,Unknown
results.searchmpt2.com,Unknown
results.searchmpt.com,Unknown
results.searchmpnt.com,Unknown
results.searchmpctpop.com,Unknown
results.searchmpct.com,Unknown
results.searchmorr.com,Unknown
results.searchmmd.com,Unknown
results.searchmev2.com,Unknown
results.searchmapquick.com,Unknown
results.searchmabb.com,Unknown
results.searchmab.com,Unknown
results.searchm3w3.com,Unknown
results.searchm3w2.com,Unknown
results.searchm3w1.com,Unknown
results.searchm3w.com,Unknown
results.searchm3p1.com,Unknown
results.searchm3p.com,Unknown
results.searchm3m.com,Unknown
results.searchm3f.com,Unknown
results.searchlypackage.com,Unknown
results.searchlyee.com,Unknown
results.searchlwradar.com,Unknown
results.searchlwr.com,Unknown
results.searchlwpro.com,Unknown
results.searchlwp.com,Unknown
results.searchlwa.com,Unknown
results.searchlttrnpop.com,Unknown
results.searchlttrnow.com,Unknown
results.searchlttrn.com,Unknown
results.searchlttrco.com,Unknown
results.searchlttradionow.com,Unknown
results.searchltto.com,Unknown
results.searchlsp.com,Unknown
results.searchlson.com,Unknown
results.searchlrom.com,Unknown
results.searchlocateyp.com,Unknown
results.searchlma.com,Unknown
results.searchllw.com,Unknown
results.searchlivesportson.com,Unknown
results.searchlivesp.com,Unknown
results.searchliveson.com,Unknown
results.searchlfff.com,Unknown
results.searchlff.com,Unknown
results.searchlf.com,Unknown
results.searchlen.com,Unknown
results.searchlef.com,Unknown
results.searchleasy.com,Unknown
results.searchleasier.com,Unknown
results.searchlcll2.com,Unknown
results.searchlcll.com,Unknown
results.searchlcl.com,Unknown
results.searchjstg.com,Unknown
results.searchjstf.com,Unknown
results.searchjsmts.com,Unknown
results.searchjsmtmp.com,Unknown
results.searchjsmtap.com,Unknown
results.searchjsmse.com,Unknown
results.searchjsmmp.com,Unknown
results.searchjsmmbn.com,Unknown
results.searchjsmem.com,Unknown
results.searchjsmdf.com,Unknown
results.searchjsfd.com,Unknown
results.searchjff.com,Unknown
results.searchiswt.com,Unknown
results.searchismt.com,Unknown
results.searchismfa.com,Unknown
results.searchisemail.com,Unknown
results.searchipdf3.com,Unknown
results.searchipdf2.com,Unknown
results.searchipdf.com,Unknown
results.searchinformations.com,Unknown
results.searchinfast.com,Unknown
results.searchiforms2.com,Unknown
results.searchiforms.com,Unknown
results.searchidt.com,Unknown
results.searchidd.com,Unknown
results.searchicouponc.com,Unknown
results.searchicc.com,Unknown
results.searchhoro.com,Unknown
results.searchhighdrp.com,Unknown
results.searchhdrp.com,Unknown
results.searchgyrn.com,Unknown
results.searchgtp2.com,Unknown
results.searchgtp.com,Unknown
results.searchgstt.com,Unknown
results.searchgst.com,Unknown
results.searchgrmm2.com,Unknown
results.searchgrmm.com,Unknown
results.searchgrm.com,Unknown
results.searchgofind.com,Unknown
results.searchgmfs3.com,Unknown
results.searchgmfs2.com,Unknown
results.searchgmfs1.com,Unknown
results.searchgmfs.com,Unknown
results.searchgmf.com,Unknown
results.searchglnn.com,Unknown
results.searchgetstt.com,Unknown
results.searchgetst.com,Unknown
results.searchgetlnn.com,Unknown
results.searchgetdriving.com,Unknown
results.searchgdd2.com,Unknown
results.searchgdbv.com,Unknown
results.searchgbv2.com,Unknown
results.searchgbv.com,Unknown
results.searchgamegap.com,Unknown
results.searchfstn3.com,Unknown
results.searchfstn2.com,Unknown
results.searchfreem.com,Unknown
results.searchfreedm.com,Unknown
results.searchfpdf.com,Unknown
results.searchfna.com,Unknown
results.searchfmyp.com,Unknown
results.searchfmn.com,Unknown
results.searchflm.com,Unknown
results.searchfindactivec.com,Unknown
results.searchffrecipes.com,Unknown
results.searchffr.com,Unknown
results.searchffn.com,Unknown
results.searchfff.com,Unknown
results.searchfefc3.com,Unknown
results.searchfefc2.com,Unknown
results.searchfefc.com,Unknown
results.searchfecc2.com,Unknown
results.searchfecc.com,Unknown
results.searchfec.com,Unknown
results.searchfdm.com,Unknown
results.searchfdf.com,Unknown
results.searchfdd.com,Unknown
results.searchfcs.com,Unknown
results.searchfastpdf.com,Unknown
results.searchfastlm.com,Unknown
results.searchfana.com,Unknown
results.searchfacoupons.com,Unknown
results.searchfaa2.com,Unknown
results.searchfaa.com,Unknown
results.searchetg.com,Unknown
results.searchetan.com,Unknown
results.searchemonl.com,Unknown
results.searchemailo.com,Unknown
results.searchemaile.com,Unknown
results.searchemailaa.com,Unknown
results.searchemaila3.com,Unknown
results.searchemaila.com,Unknown
results.searchema.com,Unknown
results.searchefc3.com,Unknown
results.searchefc2.com,Unknown
results.searchefc.com,Unknown
results.searcheeh.com,Unknown
results.searchedd.com,Unknown
results.searchecn.com,Unknown
results.searcheazel.com,Unknown
results.searcheasywa.com,Unknown
results.searcheasyw.com,Unknown
results.searcheasysta.com,Unknown
results.searcheasysa.com,Unknown
results.searcheasyra.com,Unknown
results.searcheasyma.com,Unknown
results.searcheasyea.com,Unknown
results.searchdsb.com,Unknown
results.searchdp.com,Unknown
results.searchdirmap.com,Unknown
results.searchdirma.com,Unknown
results.searchdirex.com,Unknown
results.searchddn.com,Unknown
results.searchdconvertnow.com,Unknown
results.searchdcnow.com,Unknown
results.searchdape.com,Unknown
results.searchcurw.com,Unknown
results.searchcurr.com,Unknown
results.searchcurn.com,Unknown
results.searchcurm.com,Unknown
results.searchcuree.com,Unknown
results.searchctp.com,Unknown
results.searchcpro1.com,Unknown
results.searchcpro.com,Unknown
results.searchcpn.com,Unknown
results.searchcounn.com,Unknown
results.searchcoun2.com,Unknown
results.searchcoun.com,Unknown
results.searchcfpdf.com,Unknown
results.searchcads.com,Unknown
results.searchblank.com,Unknown
results.searchbfr.com,Unknown
results.search4ppl3.com,Unknown
results.search4ppl2.com,Unknown
results.search4ppl.com,Unknown
results.search101sweets.com,Unknown
results.search1000tr.com,Unknown
results.search-el.com,Unknown
results.quickneasyrecipes.co,Unknown
results.pu-cmf.com,Unknown
results.pdfdocpro.com,Unknown
results.packagetracker.co,Unknown
results.om-cmf.com,Unknown
results.myweatherxp.com,Unknown
results.mysportsxp.com,Unknown
results.myspeedtestxp.com,Unknown
results.mysociallogin.com,Unknown
results.mysocialhubxp.com,Unknown
results.myrecipesxp.com,Unknown
results.mymapsxp.com,Unknown
results.mymapsfinder.com,Unknown
results.mylocalclassifieds.co,Unknown
results.myemailxp.com,Unknown
results.mydrivingdirectionsxp.com,Unknown
results.modal.couponsimplified.com,Unknown
results.mo-cmf.com,Unknown
results.loginemailaccounts.com,Unknown
results.localweatherradar.net,Unknown
results.internetspeedpilot.com,Unknown
results.hyourweatherinfonow.com,Unknown
results.hyourvidconverter.com,Unknown
results.hyourtransitinfonowpop.com,Unknown
results.hyourtransitinfonow.com,Unknown
results.hyourtelevisionnow.com,Unknown
results.hyourstreamingradionowpop.com,Unknown
results.hyourstreamingradionow.com,Unknown
results.hyoursportsinfonow.com,Unknown
results.hyourrecipesnow.com,Unknown
results.hyourpdfsconverternow4.com,Unknown
results.hyourpdfsconverternow3.com,Unknown
results.hyourpdfsconverternow2.com,Unknown
results.hyourpdfsconverternow.com,Unknown
results.hyourpdfconverternow3.com,Unknown
results.hyourpdfconverternow2.com,Unknown
results.hyourpdfconverternow.com,Unknown
results.hyourpackagetrackednow.com,Unknown
results.hyourmapview.com,Unknown
results.hyourmapsnow.com,Unknown
results.hyourfreepdfconverternowpop.com,Unknown
results.hyourfreepdfconverternow.com,Unknown
results.hyourfreeonlineformspop.com,Unknown
results.hyourfreeonlineformsnow.com,Unknown
results.hyourfreeonlineforms.com,Unknown
results.hyourfastemailnowpop.com,Unknown
results.hyourfastemailnow.com,Unknown
results.hyouremailaccounts.com,Unknown
results.hyoureasyemails.com,Unknown
results.hyourdirectionsnow.com,Unknown
results.hwildforscrapbooking.com,Unknown
results.hweatherradarforecaster.com,Unknown
results.hweathernation.co,Unknown
results.hweatherforecastfinders.com,Unknown
results.hweatherforecastfinderd.com,Unknown
results.hwatchtvnow.co,Unknown
results.hwatchsportsnow.co,Unknown
results.hwatchsportslive.co,Unknown
results.hwatchnewsnow.com,Unknown
results.hwatchingnewsonline.com,Unknown
results.htv-now.co,Unknown
results.htrackyourpackages.net,Unknown
results.htrackyourpackages.co,Unknown
results.htrackyourflight.co,Unknown
results.htrackmypackages.co,Unknown
results.htrackmyflight.co,Unknown
results.htrackallpackages.com,Unknown
results.htheweathercenter.co,Unknown
results.hthereadinghub.com,Unknown
results.hthenewssource.net,Unknown
results.hthenewssource.co,Unknown
results.hthelocalclassifieds.co,Unknown
results.hthegamehub.co,Unknown
results.htextfrompc.co,Unknown
results.hspeedtestmyinternet.com,Unknown
results.hsonicpdfconverter.com,Unknown
results.hsimpleconverter.co,Unknown
results.hquickneasyrecipes.co,Unknown
results.hquickmapsanddirections.com,Unknown
results.hquickmapsaccess.com,Unknown
results.hquickloginaccess.com,Unknown
results.hplayfreemusic.co,Unknown
results.hpdfconverternow.com,Unknown
results.hpdf-converter.com,Unknown
results.hpackageintransit.com,Unknown
results.hofficeworksuite.com,Unknown
results.hmyweatherradar.co,Unknown
results.hmyweatherhomepage.com,Unknown
results.hmyweatherfast.com,Unknown
results.hmyutilitybox.co,Unknown
results.hmytvcenter.co,Unknown
results.hmytemplates.co,Unknown
results.hmyphotoeditor.co,Unknown
results.hmypackagehomepage.com,Unknown
results.hmyonlinecalendar.co,Unknown
results.hmynewswire.co,Unknown
results.hmymapshomepage.com,Unknown
results.hmymapsfinder.com,Unknown
results.hmylocaltransit.co,Unknown
results.hmylocalclassifieds.co,Unknown
results.hmyemailloginnow.com,Unknown
results.hmyclassifiedshomepage.com,Unknown
results.hmybanklogin.com,Unknown
results.hmapsanddirections.co,Unknown
results.hmapdirectionshome.com,Unknown
results.hloginnow.net,Unknown
results.hlocalweatherradar.co,Unknown
results.hlocalweatheralerts.co,Unknown
results.hlocalclassifiedlist.com,Unknown
results.hlivetvnow.co,Unknown
results.hinstantweatherforcast.com,Unknown
results.hinstantpdfconverter.com,Unknown
results.hinstantnewsnow.co,Unknown
results.hinstantmapsaccess.com,Unknown
results.hinstantlyconverter2.com,Unknown
results.hinstantlyconverter.com,Unknown
results.hinstantconverternow.com,Unknown
results.hineeddirectionsnow.com,Unknown
results.hhwatchingnewsonline.com,Unknown
results.hhgetdriving.com,Unknown
results.hheasytoconvertnow.com,Unknown
results.hgomapsandirections.com,Unknown
results.hgomaps.co,Unknown
results.hgetunclaimedcash.com,Unknown
results.hgetsports.net,Unknown
results.hgetinstantrecipes2.com,Unknown
results.hgetinstantrecipes.com,Unknown
results.hgetinstantdirections.com,Unknown
results.hgetinstantdirectiond.com,Unknown
results.hgetfreepdfs.com,Unknown
results.hgeteasydirections.net,Unknown
results.hfreeliveradio.co,Unknown
results.hfreeformsnow.com,Unknown
results.hfreeforms.co,Unknown
results.hflighttrackeronline.com,Unknown
results.hfindyourroute.net,Unknown
results.hfindpackagesnow.com,Unknown
results.hfindmyroute.co,Unknown
results.hfindmapsnow.com,Unknown
results.hfindmapsanddirections.com,Unknown
results.hfileconverter.co,Unknown
results.hfasttologin.com,Unknown
results.hfastrecipefinder.com,Unknown
results.hfastpackagetracking.com,Unknown
results.hfastpackagetracking.co,Unknown
results.hfastpackagetracker.net,Unknown
results.hfastpackagetracker.co,Unknown
results.hfastmapfinder.com,Unknown
results.hfastestsearches.com,Unknown
results.hfasterlogin.net,Unknown
results.hfastdirectionsfinder.com,Unknown
results.hemailloginnow.com,Unknown
results.hemailinboxlogin.com,Unknown
results.hemailaccessonline.com,Unknown
results.heasytowatchtvnow.com,Unknown
results.heasytowatchnews2.com,Unknown
results.heasytowatchnews.com,Unknown
results.heasytofindforms2.com,Unknown
results.heasytofindforms.com,Unknown
results.heasytoconvertnow.com,Unknown
results.heasytaxes.co,Unknown
results.heasystreamingnow.com,Unknown
results.heasysportsaccess.com,Unknown
results.heasyspeedtest.co,Unknown
results.heasymapsaccess2.com,Unknown
results.heasymapsaccess.com,Unknown
results.heasymapfinder.net,Unknown
results.heasyformfinder.com,Unknown
results.heasycouponsaccesspop.com,Unknown
results.heasycouponsaccess.com,Unknown
results.heasycouponfinder1.com,Unknown
results.heasycouponfinder.com,Unknown
results.heasyconverter.co,Unknown
results.hdopplerweatherradar.co,Unknown
results.hdiscovermyancestry.com,Unknown
results.hdirectionsandmap.com,Unknown
results.hdesignyoursite.co,Unknown
results.hdailysocialweb.com,Unknown
results.hdailybibleverses.co,Unknown
results.hcrimereport.co,Unknown
results.hcouponsimplified.com,Unknown
results.hconvertfilesfast.com,Unknown
results.hconverterpro.com,Unknown
results.hclassifiedseasy.com,Unknown
results.hclassifiedlist.net,Unknown
results.hcheckemailfast.com,Unknown
results.hactivecouponsexplore.com,Unknown
results.gomapsandirections.com,Unknown
results.getmaps.co,Unknown
results.get.terraarcade.com,Unknown
results.freebibleverse.com,Unknown
results.flighttrackeronline.com,Unknown
results.findmyroute.co,Unknown
results.emailloginnow.com,Unknown
results.email-dhp.com,Unknown
results.eb-cmf.com,Unknown
results.easytelevisionaccessnow.com,Unknown
results.easytelevisionaccess.com,Unknown
results.easysportsaccess.com,Unknown
results.easyspeedtestaccess.com,Unknown
results.easyrecipesaccess.com,Unknown
results.easyradioaccess.com,Unknown
results.easyonlinegameaccess.com,Unknown
results.easymoviesaccess.com,Unknown
results.easymapsaccess.com,Unknown
results.easyformsonline.co,Unknown
results.easyemailaccess.com,Unknown
results.easycurrentnewsaccess.com,Unknown
results.easyclassifiedsaccess.com,Unknown
results.dsearchm3w.com,Unknown
results.dsearchm3p2.com,Unknown
results.dsearchm3p.com,Unknown
results.dsearchm3m.com,Unknown
results.dsearchm3f2.com,Unknown
results.dsearchm3f.com,Unknown
results.dsearchgmfs.com,Unknown
results.ci-cmf.com,Unknown
results.bt-cmf.com,Unknown
results.brooksidewest-apartments.com,Unknown
results.ba-cmf.com,Unknown
results.apskaluchak.com,Unknown
results.an-cmf.com,Unknown
results.addictedtomovies.co,Unknown
restdeckunghomesickly.savvyphilanthropist.com,Unknown
restauracja.wislaa.pl,Unknown
rest.solid-it.pt,Unknown
resr.configure.8c1.net,Unknown
respond3.respond-request-sellers-v5b6.com,Unknown
respond1.respond-request-sellers.com,Unknown
respond.respond-request-sellers.com,Unknown
respond.respond-request-sellers-v5b6.com,Unknown
resources.xsms.host,Unknown
resources.myprivacyworld.com,Unknown
resources.glaciergaming.co.uk,Unknown
resources.getawesome11.com,Unknown
resources.browsingsafety.com,Unknown
resource.arkouowi.com,Unknown
resolve-paypal-com.signin.homesupprt.com,Unknown
resimler.randevum.com,Unknown
residences.springcreekranch.org,Unknown
reseller.yesup.com,Unknown
reseller.tannymaxx.de,Unknown
research.homebase-apps.com,Unknown
resdffew.co.vu,Unknown
res.updateskp.club,Unknown
res.updateflash.club,Unknown
res.theappzworld.com,Unknown
res.qaqgame.cn,Unknown
res.guoling.com,Unknown
res.entercenter.net,Unknown
res.ddyun123.com,Unknown
res.91anjian.com,Unknown
request2.respond-request-sellers-d3.com,Unknown
request.respond-request-sellers-d3.com,Unknown
request.luvproduction.com,Unknown
reputation.igg.biz,Unknown
repository.attackiq.net,Unknown
repositorio.extrasistemas.com,Unknown
reports.wizebar.com,Unknown
report.youppes.com,Unknown
report.swissfist.com,Unknown
report.perfetnight.com,Unknown
report.pastcost.com,Unknown
report.pagerpost.com,Unknown
report.opinteks.com,Unknown
report.myppes.com,Unknown
report.kuklorest.com,Unknown
report.jakecares.com,Unknown
report.iconmania.co.kr,Unknown
report.gwenrose.com,Unknown
report.feelbegin.com,Unknown
report.fbgmadmin.com,Unknown
report.eliaho.com,Unknown
report.beautifulcalendar.net,Unknown
repo.grecotm.com,Unknown
repo.bluehexagon.ai,Unknown
rep.ytdownloader.com,Unknown
rep.winfixprofessionals.com,Unknown
rep.shopper-pro.com,Unknown
rentapp.rentacars.biz,Unknown
rentals.quoteprovider.com,Unknown
rentacar.baynuri.net,Unknown
rent.golfcarexport.com,Unknown
reno.onsale.nl,Unknown
renew-appleid-appservice-recovry-wmiid2017-billingexp.case4001.pw,Unknown
renew-appleid-appservice-recovry-wmiid2017-billing.case4001.pw,Unknown
remotesupport.aariverside.com,Unknown
remote.tadsolutions.it,Unknown
remote.equitassolicitors.co.uk,Unknown
remote.80024support.com,Unknown
remos.pdns.cz,Unknown
remont.vending.vsmilenko.com,Unknown
remission.tv.gg,Unknown
reminderapp-paypaiverification.cuenta-notificacion.com,Unknown
remcos.punkdns.top,Unknown
remboursement.caisse-assurance.bas-create.de,Unknown
remboursement.ameli.portrtaitdata.com,Unknown
remboursement-ameli.serverplan1.com,Unknown
relo.dnd-members.com,Unknown
rellysbellies.hustlemonsta.com,Unknown
relief.saintjameschurch.org,Unknown
reliablefenceli.wevportfolio.com,Unknown
releases.natt.pw,Unknown
relay.100chickens.me,Unknown
rekrutacja.twojaszkola.org,Unknown
rekoveryy1.recovery-fanpagee.tk,Unknown
rekovery002.fanpage0001.ml,Unknown
rekovery001.fanpage0001.tk,Unknown
reklamy.bikelife.pl,Unknown
reklama.adrenalina.org.pl,Unknown
rekavisitama.indoweb.id,Unknown
regularien.ruthli.com,Unknown
registryregistrytool.triedtool.com,Unknown
registrycleaner.onlinedownloads.org,Unknown
registry.cw.cm,Unknown
registros.degestiones.com,Unknown
registre-suport42.accunt-fanpage87-confrim.tk,Unknown
registerer2.f4npage-confr1m.cf,Unknown
register.service-url.de,Unknown
register-acunt-fanpage89.suportconfrim76.ml,Unknown
register-90.d3v-fanpag3.tk,Unknown
regisconfrimfanpage766.confrimsuportfanpage9888.tk,Unknown
regis-fanpaqee.dev-fanpage23.cf,Unknown
regiiisconfriiimsafeetyy.reggiscoonfrim.gq,Unknown
regfly.qsrch.com,Unknown
regcure.software-phile.com,Unknown
regclean.software-phile.com,Unknown
refund-hmrc.uk-6159368de39251d7a-login.id-107sbtd9cbhsbtd5d80a13c0db1f546757jnq9j5754675760480435.amaretticookies.org,Unknown
reform.grenadaconstitutionreform.com,Unknown
reffermetocasenumber78858850885id.okime09979hdhhgtgtxsgvdoplijd.rakuemouneu.com,Unknown
refer.mapbilling.com,Unknown
redlinecompany.ravelotti.cn,Unknown
redirget.lnkredirect.com,Unknown
redirects.coldhardcash.com,Unknown
redirect.intion-admilfs.com,Unknown
redirect.gateway-ppal.com.edwardyockman.com,Unknown
redirect.click2net.nl,Unknown
redirceer.lnkredirect.com,Unknown
rediff.internetdocss.com,Unknown
red.sandsecure.com,Unknown
red.greenmira.com,Unknown
red.bayimg.net,Unknown
recyclearrowsfootnote.cognitiveaddition.info,Unknown
recovery-email.security.wholeimport.com,Unknown
recorrt.co.vu,Unknown
rechipa.co.zw,Unknown
recharge.jaintigers.com,Unknown
rebwu.byinter.net,Unknown
rebolyschool.iso.karelia.ru,Unknown
realtime.co.zw,Unknown
realm.superbahamas.com,Unknown
realestate.ipopple.net,Unknown
real.tanninglotions.org,Unknown
readyupdate.yourtheperfectreliablewaylinks.icu,Unknown
readyupdate.yourplaceonthenetupgradingnew.icu,Unknown
readyupdate.yourperfectreliablewaylinks.icu,Unknown
readyupdate.yourgreatbuddycontents.bid,Unknown
readyupdate.yourbroadstablecontentsgreat.icu,Unknown
readyupdate.yourbroadstablecontentinggreat.xyz,Unknown
readyupdate.yourbroadstablecontentgreat.xyz,Unknown
readyupdate.yourbroadstablecontentgreat.icu,Unknown
readyupdate.thebroadstablecontentsgreat.xyz,Unknown
readyupdate.thebroadstablecontentsgreat.icu,Unknown
readyupdate.thebroadstablecontentinggreat.xyz,Unknown
readyupdate.thebroadstablecontentinggreat.icu,Unknown
readyupdate.thebroadstablecontentgreat.xyz,Unknown
readyupdate.thebroadstablecontentgreat.icu,Unknown
readyupdate.thebigsystemstraffic4updates.date,Unknown
readyupdate.thealways2aptituding.bid,Unknown
readyupdate.safetraffic4upgrading.review,Unknown
readyupdate.mainplaceonthenetupgradingnew.icu,Unknown
readyupdate.mainplaceonthenetupgradesnew.icu,Unknown
readyupdate.mainplaceonthenetupgradenew.icu,Unknown
readyupdate.gettingadsandsoftyouneediseasythisweek.date,Unknown
readyupdate.freeandgreatappsite.icu,Unknown
readyupdate.finestandbetterupdating.pro,Unknown
readyupdate.finestandbetterupdate.bid,Unknown
readyupdate.broadstablecontentsnewgreat.xyz,Unknown
readyupdate.broadstablecontentsnewgreat.icu,Unknown
readyupdate.broadstablecontentsgreat.xyz,Unknown
readyupdate.broadstablecontentsgreat.icu,Unknown
readyupdate.broadstablecontentnewgreat.xyz,Unknown
readyupdate.broadstablecontentnewgreat.icu,Unknown
readyupdate.broadstablecontentingnewgreat.xyz,Unknown
readyupdate.broadstablecontentingnewgreat.icu,Unknown
readyupdate.broadstablecontentinggreat.xyz,Unknown
readyupdate.broadstablecontentinggreat.icu,Unknown
readyupdate.broadstablecontentgreat.xyz,Unknown
readyupdate.broadstablecontentgreat.icu,Unknown
readysoft.yourgreatreliablewaysforcontents.icu,Unknown
readysoft.yourgreatreliableways2content.icu,Unknown
readysoft.yourgreatandsafeways4contents.icu,Unknown
readysoft.yourgreatandsafeways4content.icu,Unknown
readysoft.yourgreatandsafeways2contents.icu,Unknown
readysoft.yourgreatandsafeways2content.icu,Unknown
readysoft.thebestperformancespotformachinealways.date,Unknown
readysoft.thebestof2updates.win,Unknown
readysoft.thebestof2updates.stream,Unknown
readysoft.thebestof2updates.download,Unknown
readysoft.thebestof2updates.bid,Unknown
readysoft.safedownloadmacandwin.win,Unknown
readysoft.safedownloadmacandwin.stream,Unknown
readysoft.freeandsecurecontent.icu,Unknown
readysoft.allthebestcontentfree.date,Unknown
readysoft.allthebestcontent-free.date,Unknown
readynewsoft.thebestperformacespotforyoueasynow.trade,Unknown
readynewsoft.thebestcenteronnetcontents.review,Unknown
readynewsoft.thebestcenteronnetcontentingplace.stream,Unknown
readynewsoft.thebestcenteronnetcontenting.stream,Unknown
readynewsoft.thebestcenteronnetcontenting.review,Unknown
readynewsoft.thebestcenteronnetcontent.download,Unknown
readynewsoft.readyforgreatapp.icu,Unknown
readynewsoft.ready4greatapps.icu,Unknown
readynewsoft.prepareforgreatapp.icu,Unknown
readynewsoft.perfectstableos4contents.icu,Unknown
readynewsoft.perfectstableos2contents.icu,Unknown
readynewsoft.newsafeupdatesfree.org,Unknown
readynewsoft.howtoupdate165321.top,Unknown
readynewsoft.how2updatesafesystem4nowset.club,Unknown
readynewsoft.freemaintenance1598652.pro,Unknown
readygo.yourbestfreeforupdater.pro,Unknown
readygo.theupdatefunhousesafecontent.icu,Unknown
readygo.theupdatefunhousenowcontent.icu,Unknown
readygo.theupdatefunhousefreecontent.icu,Unknown
readygo.theupdatefun-housefreecontent.icu,Unknown
readygo.soft2aptsafesystemset4now.download,Unknown
readygo.freebestgameplace.review,Unknown
readygo.freebestgameplace.download,Unknown
readygo.freebestgameplace.bid,Unknown
readygo.enterbestforupdates.stream,Unknown
readygo.enterbestforupdates.bid,Unknown
readygo.enterbestforupdate.bid,Unknown
readygo.centralsys2updating.trade,Unknown
readygo.centralsys2updating.review,Unknown
readygo.centralsys2updates.bid,Unknown
readygo.centersitetogetcontentfree.icu,Unknown
readygo.centersite2getcontentnow.icu,Unknown
readygo.centersite2getcontentnew.icu,Unknown
readygo.awesomemaandlyreliable4contentandgnow.icu,Unknown
ready4update.yoursummertimegreatcontent.date,Unknown
ready4update.yoursummertime-greatcontents.date,Unknown
ready4update.yoursummertime-greatcontents.bid,Unknown
ready4update.yoursummertime-greatcontent.trade,Unknown
ready4update.yoursummertime-greatcontent.stream,Unknown
ready4update.yoursummertime-greatcontent.download,Unknown
ready4update.yourbestsafecontentingnew.icu,Unknown
ready4update.thealways4aptituding.stream,Unknown
ready4update.thealways4aptitudes.stream,Unknown
ready4update.thealways4aptitudes.review,Unknown
ready4update.mainspaceforcontentcentral.icu,Unknown
ready4update.bettersourceofcontentforeveryone.xyz,Unknown
ready4update.bestsourceofcontentforeveryone.xyz,Unknown
ready4update.bestsourceofcontentforeveryone.icu,Unknown
ready4newsoft.yourtheperfectreliablewaylinks.icu,Unknown
ready4newsoft.yoursafeandult2updating.bid,Unknown
ready4newsoft.yourperfectreliablewaytolinks.icu,Unknown
ready4newsoft.yourperfectreliablewayforlink.icu,Unknown
ready4newsoft.yourperfectreliableway4link.icu,Unknown
ready4newsoft.yourperfectreliableway2link.icu,Unknown
ready4newsoft.thebigamazingupdate.download,Unknown
ready4newsoft.newalways15984523.club,Unknown
ready4newsoft.legalwebsitetogetcontentfree.icu,Unknown
ready4newsoft.greatestplaceonnet.trade,Unknown
ready4newsoft.goodround2updates.win,Unknown
ready4newsoft.goodandsafeways4link.icu,Unknown
ready4newsoft.goodandsafeways2link.icu,Unknown
ready4newsoft.entersafetoupdating.win,Unknown
ready4newsoft.entersafetoupdating.stream,Unknown
ready4newsoft.entersafetoupdating.bid,Unknown
ready4newsoft.entersafetoupdates.stream,Unknown
ready4newsoft.entersafetoupdate.review,Unknown
ready4maintain.yourupdatefunhousenowcontent.icu,Unknown
ready4maintain.yourupdatefun-housenowcontent.icu,Unknown
ready4maintain.mainwebsitetogetcontentnew.icu,Unknown
ready4maintain.mainwebsitetogetcontentfree.icu,Unknown
ready4maintain.mainwebsitetogetcontent.icu,Unknown
ready4maintain.mainwebsite2getcontentnow.icu,Unknown
ready4maintain.mainwebsite2getcontentnew.icu,Unknown
ready4maintain.mainwebsite2getcontent.icu,Unknown
ready4maintain.mainwebsite-getcontentnew.icu,Unknown
ready4maintain.mainwebsite-getcontent.icu,Unknown
ready4maintain.goodwaytoget-software.win,Unknown
ready4maintain.goodwaytoget-software.review,Unknown
ready4maintain.goodtheperfectreliableoscontents.icu,Unknown
ready4maintain.goodperfectreliableostocontents.icu,Unknown
ready4maintain.goodperfectreliableostocontent.icu,Unknown
ready4maintain.goodperfectreliableos4content.icu,Unknown
ready4maintain.freebestlink-onnet.xyz,Unknown
ready4live.thetrustedcentral-forcontentperfect.date,Unknown
ready4live.thebeststreamingspotforallmachinestoday.trade,Unknown
ready4live.thebeststreamingspotforallmachinestoday.download,Unknown
ready4live.thebeststreamingspotforallmachinestoday.date,Unknown
ready4live.thebeststreamingspotforallmachinesthisweek.review,Unknown
ready4live.thebestevercentralsys4updating.bid,Unknown
ready4live.thebestevercentralsys4updates.review,Unknown
ready4live.thebestevercentralsys4updates.bid,Unknown
ready4live.thebestevercentralsys4update.win,Unknown
ready4live.thebestevercentralsys4update.date,Unknown
ready4live.bettersourceofcontent.xyz,Unknown
ready4live.awesomemaandlyreliable4contentnew.icu,Unknown
ready4live.awesomemaandlyreliable4contentandgnow.icu,Unknown
readingrebooted.iupdhc.org,Unknown
reading-parkerms-yrbs-2017.rothenbach-research.com,Unknown
reader.centrodouniverso.com.br,Unknown
read.versionchecker.xyz,Unknown
reactivate.netflix.com.usermanagement.key.19735732.reactivatenetfix.com,Unknown
reactivate.netflix.com.usermanagement.key.19735731.reactivatenetfix.com,Unknown
reach.cp-back.biz,Unknown
re.karamurseltesisat.com,Unknown
rdzhoniki.rus-link-portal.ru,Unknown
rdx.unitag.co,Unknown
rdx.investnewshub.com,Unknown
rdr.bleengo.com,Unknown
rdqssssw.ia-waziri.com,Unknown
rdqhxwijvyjsvulmghtq.ahdaaf.org,Unknown
rdovicia.my-tube-expert.ru,Unknown
rdmadrasah.edu.bd,Unknown
rdcview.customgolfonline.com,Unknown
rd.safewhay.com,Unknown
rd.jiguangie.com,Unknown
rcom2.seek2.com,Unknown
rc7y5xxlzu.centde.com,Unknown
rc.ixiaoyang.cn,Unknown
rbg4hfbilrf7to452p89hrfq.boonmower.com,Unknown
rbfnmkwdncpntqcu9ofo.maherstcottage.com.au,Unknown
rbcsecure.onlineservicesintl.com,Unknown
rbcroyalbank-personal-banking-account-vericiation-important.diegocarrillophotography.com,Unknown
rbc.royalbankofcanada-online1-secure-signon1.eg-design.net,Unknown
rbb.gol-unkai4.com,Unknown
rb.html54321.com,Unknown
razhael.ucgalleries.com,Unknown
razaji95.viralgalleries.me,Unknown
ray2jing.808.nuno.cn,Unknown
ravbahi3lx.bradul.creatory.org,Unknown
rats.srv.pt,Unknown
rat.pzchao.com,Unknown
rat.dendxs.ru,Unknown
rat-on-subway.mhwang.com,Unknown
rasppalm.brightfuture.biz,Unknown
ras.moori.com,Unknown
ras.infynetz.com,Unknown
raruixch.mohlala.org,Unknown
rar.deutsch-herunterladen.com,Unknown
rapid7cpfqnwxodo.tor2web.fyi,Unknown
rapid7cpfqnwxodo.d2web.org,Unknown
ransomware-alert.secure-server-alert.info,Unknown
randomstring.logorder.com,Unknown
randomstring.alarmandburglarsystems.com.au,Unknown
random.pginludhiana.com,Unknown
randaers.lnkredirect.com,Unknown
ramy91.beagletraining.co.uk,Unknown
ramy76.aweafrica.com,Unknown
ramy124.awesomefactorydeals.com,Unknown
rampurhs66.edu.bd,Unknown
ramadan.vallpros-as.com,Unknown
ram.gwizdow.pl,Unknown
raki.rise-up.nsk.ru,Unknown
rak1.webapps.us,Unknown
rainb00-scama.revupnet.com,Unknown
rain.djnwelding.com,Unknown
rain.discusllc.org,Unknown
railways.denverwholesalegelato.com,Unknown
rahasn.homewealth.biz,Unknown
rahasn.akamake.net,Unknown
raggrumare460.panoramabase.ws,Unknown
radiomilha.webradioo.net,Unknown
radiomangalia.isthebe.st,Unknown
radiofanmix.3-2-1.pl,Unknown
radio.reklam.mn,Unknown
radio.musicachilena.cl,Unknown
radary.topterra.ru,Unknown
racing.marktwo.com,Unknown
racer.feedads.co,Unknown
rabunkowyspelimeyer.greenfishlight.net,Unknown
rabobank.nl.betaalproduct.service.xtre.info,Unknown
rabobank.nl.betaalproduct.service.xrit.info,Unknown
rabobank.nl.betaalproduct.service.ctrs.info,Unknown
rabe.barbarareamer.com,Unknown
r9.winzip.msdwnld.com,Unknown
r9.winrar.msdwnld.com,Unknown
r9.winamp.msdwnld.com,Unknown
r9.virtualdj.msdwnld.com,Unknown
r9.outlook.msdwnld.com,Unknown
r9.openoffice.msdwnld.com,Unknown
r9.moviemaker.msdwnld.com,Unknown
r9.messenger.msdwnld.com,Unknown
r9.mediaplayer.msdwnld.com,Unknown
r9.flashplayer.msdwnld.com,Unknown
r9.firefox8.msdwnld.com,Unknown
r9.firefox7.msdwnld.com,Unknown
r9.explorer9.msdwnld.com,Unknown
r9.ccleaner.msdwnld.com,Unknown
r9.avira.msdwnld.com,Unknown
r8r4.sa004.com,Unknown
r7x4.83mdxozj.com,Unknown
r6nelginjl.centde.com,Unknown
r669irsizr.dhodha.com,Unknown
r5ufo3mo.zhujianqiang.info,Unknown
r57.bittorrent.msdwnld.com,Unknown
r55.firefox9.msdwnld.com,Unknown
r55.firefox10.msdwnld.com,Unknown
r55.ares.msdwnld.com,Unknown
r54.galusky.com,Unknown
r50.vlc.msdwnld.com,Unknown
r50.jdownloader.msdwnld.com,Unknown
r50.flashplayer.msdwnld.com,Unknown
r4b24.sa087.com,Unknown
r48.flashplayer.msdwnld.com,Unknown
r48.emule.msdwnld.com,Unknown
r46.flashplayer.msdwnld.com,Unknown
r45.bittorrent.msdwnld.com,Unknown
r44.virtualdj.msdwnld.com,Unknown
r44.messenger.msdwnld.com,Unknown
r44.firefox6.msdwnld.com,Unknown
r44.explorer9.msdwnld.com,Unknown
r43.winamp.msdwnld.com,Unknown
r43.jdownloader.msdwnld.com,Unknown
r43.flashplayer.msdwnld.com,Unknown
r42.messenger.msdwnld.com,Unknown
r42.flashplayer.msdwnld.com,Unknown
r3gistere22.fanpage112.ml,Unknown
r38.flashplayer.msdwnld.com,Unknown
r36.winzip.msdwnld.com,Unknown
r36.winamp.msdwnld.com,Unknown
r36.vuze.msdwnld.com,Unknown
r36.vlc.msdwnld.com,Unknown
r36.virtualdj.msdwnld.com,Unknown
r36.utorrent.msdwnld.com,Unknown
r36.quicktime7.msdwnld.com,Unknown
r36.photoscape.msdwnld.com,Unknown
r36.photofiltre.msdwnld.com,Unknown
r36.pdfcreator.msdwnld.com,Unknown
r36.openoffice.msdwnld.com,Unknown
r36.nod32.msdwnld.com,Unknown
r36.messenger.msdwnld.com,Unknown
r36.mediaplayer.msdwnld.com,Unknown
r36.jdownloader.msdwnld.com,Unknown
r36.gimp.msdwnld.com,Unknown
r36.flashplayer.msdwnld.com,Unknown
r36.firefox8.msdwnld.com,Unknown
r36.firefox7.msdwnld.com,Unknown
r36.firefox6.msdwnld.com,Unknown
r36.firefox4.msdwnld.com,Unknown
r36.firefox10.msdwnld.com,Unknown
r36.explorer9.msdwnld.com,Unknown
r36.emule.msdwnld.com,Unknown
r36.emle.msdwnld.com,Unknown
r36.directx.msdwnld.com,Unknown
r36.ccleaner.msdwnld.com,Unknown
r36.bittorrent.msdwnld.com,Unknown
r36.avira.msdwnld.com,Unknown
r36.avast.msdwnld.com,Unknown
r36.audacity.msdwnld.com,Unknown
r36.ares.msdwnld.com,Unknown
r34.winamp.msdwnld.com,Unknown
r34.flashplayer.msdwnld.com,Unknown
r33t.roxyerfro.net,Unknown
r2kf4o1kf9.centde.com,Unknown
r29.avast.msdwnld.com,Unknown
r24.vuze.msdwnld.com,Unknown
r24.utorrent.msdwnld.com,Unknown
r24.messenger.msdwnld.com,Unknown
r24.jdownloader.msdwnld.com,Unknown
r24.flashplayer.msdwnld.com,Unknown
r24.firefox7.msdwnld.com,Unknown
r24.firefox6.msdwnld.com,Unknown
r24.ares.msdwnld.com,Unknown
r23.winamp.msdwnld.com,Unknown
r23.messenger.msdwnld.com,Unknown
r23.jdownloader.msdwnld.com,Unknown
r23.flashplayer.msdwnld.com,Unknown
r23.firefox8.msdwnld.com,Unknown
r23.avast.msdwnld.com,Unknown
r22lm.siaraya.com,Unknown
r22.flashplayer.msdwnld.com,Unknown
r22.ccleaner.msdwnld.com,Unknown
r20x.sa087.com,Unknown
r2.storagenl.info,Unknown
r2.reportbox3.info,Unknown
r17.winamp.msdwnld.com,Unknown
r17.vlc.msdwnld.com,Unknown
r17.openoffice.msdwnld.com,Unknown
r17.flashplayer.msdwnld.com.platwo.com,Unknown
r17.flashplayer.msdwnld.com,Unknown
r17.firefox9.msdwnld.com,Unknown
r17.firefox8.msdwnld.com,Unknown
r17.firefox7.msdwnld.com,Unknown
r17.firefox10.msdwnld.com,Unknown
r17.explorer9.msdwnld.com,Unknown
r17.emule.msdwnld.com,Unknown
r17.avast.msdwnld.com,Unknown
r17.ares.msdwnld.com,Unknown
r1.storagenl.info,Unknown
r1.reportbox3.info,Unknown
r0218.rsstatic.ru,Unknown
r00ts.x398.ml,Unknown
r0.openoffice.msdwnld.com,Unknown
r.zeroredirect.com,Unknown
r.thephmdxb.ae,Unknown
r.svrtrack.com,Unknown
r.howevermuch.tk,Unknown
r.ecommended.com,Unknown
r.driftinhishouse.com,Unknown
r.countrygirl.tk,Unknown
r.com-register.online,Unknown
r.chaoxin.com,Unknown
r.chanstring.com,Unknown
r.babenet.com,Unknown
r-watch.gpatpa.com,Unknown
r-card-service.at.id176148.top,Unknown
r-card-service.at.id176145.top,Unknown
r-card-service.at.id176143.top,Unknown
r-card-service.at.id176140.top,Unknown
qzpiy2vdcewwqxh85use.mbservicesyorkshire.co.uk,Unknown
qyii82new9.centde.com,Unknown
qycrack.qi1game.com,Unknown
qwas0.trackvoluum.com,Unknown
qvwmx2ms40.centde.com,Unknown
qvmbmdwpms.centde.com,Unknown
qvaw.adsb4all.com,Unknown
quxhhrl3ncy4j5cvusni.maherstcottage.com.au,Unknown
quote.freakget.com,Unknown
quod3pr0bjk0lszjgik2.littlematchagirl.com.au,Unknown
quiltedbloomfabricsandsewing.visionpush.com,Unknown
quebrangulo.al.gov.br,Unknown
quboljob.searching-for-joy.com,Unknown
quatang.thackhoi.com,Unknown
qualitycontrol-depratment.belizefoods.tk,Unknown
quadmoney.co.zw,Unknown
quad-passion.zannuaire.com,Unknown
qthbjuks4rx4jib6iudx.maherstcottage.com.au,Unknown
qthbjuks4rx4jib6iudx.littlematchagirl.com.au,Unknown
qtevkcni.yjdata.me,Unknown
qsrmjfkfithk.findhere.org,Unknown
qsrel5co5e.centde.com,Unknown
qskupbks.leiquan.me,Unknown
qsajuackl8yzj6i8f4qk.mbservicesyorkshire.co.uk,Unknown
qqxxlwnzmp.bradul.creatory.org,Unknown
qqxh888.785sou.xyz,Unknown
qqq.matr.at,Unknown
qq1373390976.web.17.shhuanli.com,Unknown
qq1.qqwind.com,Unknown
qq.91whh.com,Unknown
qq.5311111.cn,Unknown
qp97se4uxsi1qbd5llp1.viomil.ro,Unknown
qorrs.saqibsiddiqui.com,Unknown
qnko-kura-mi.poohthebear.com,Unknown
qn.wjmydhs.com,Unknown
qn.shfryy.com,Unknown
qms.sambomotors.com,Unknown
qluqzqqt.pieforme.com,Unknown
qloud.xueliwu.com,Unknown
qld.pussypump.be,Unknown
qlbh.mipec.vn,Unknown
ql34heolf.usequsah.com,Unknown
qjimru.undonet.com,Unknown
qixjd277g3664854.impressoxpz97367.com,Unknown
qip.forxx.tk,Unknown
qinshaoseo.yourhcunit.net,Unknown
qinner.luxeone.cn,Unknown
qingnian.lc787.cn,Unknown
qhhrjjjxa9.centde.com,Unknown
qgng7i879s.centde.com,Unknown
qfsooesems.centde.com,Unknown
qfjhpgbefuhenjp7.1mkwry.top,Unknown
qfjhpgbefuhenjp7.1fcfjn.top,Unknown
qfjhpgbefuhenjp7.1e1y8p.top,Unknown
qfjhpgbefuhenjp7.1e1jbc.top,Unknown
qfjhpgbefuhenjp7.1cosak.top,Unknown
qfjhpgbefuhenjp7.1a2jzy.top,Unknown
qfjhpgbefuhenjp7.19ckzf.top,Unknown
qfjhpgbefuhenjp7.18ggbf.top,Unknown
qfjhpgbefuhenjp7.18dwag.top,Unknown
qfjhpgbefuhenjp7.17cwdi.top,Unknown
qfjhpgbefuhenjp7.16g9ub.top,Unknown
qfjhpgbefuhenjp7.158ugp.top,Unknown
qfjhpgbefuhenjp7.13iuvw.top,Unknown
qfjhpgbefuhenjp7.12u5fl.top,Unknown
qfjhpgbefuhenjp7.12f53x.top,Unknown
qfjhpgbefuhenjp7.12efwa.top,Unknown
qelwgtki.mohlala.org,Unknown
qdtcsht05g.campbellcarservice.com,Unknown
qd6iot7ooq.centde.com,Unknown
qd.netkill.com.cn,Unknown
qd.leaderhero.com,Unknown
qczprilh.sygfysp.xyz,Unknown
qcloud.tao11.la,Unknown
qceiefce.myfastassist.ru,Unknown
qatar.hometutorsplatform.com,Unknown
q7k8gmfaeh.centde.com,Unknown
q6t8bgo26nx1ooxe61cx.littlematchagirl.com.au,Unknown
q6atnqzqsy.centde.com,Unknown
q5bkioqo9v.qfcrhdwg5x.madpendesign.com.au,Unknown
q4u5wgrwkf.centde.com,Unknown
q3b2m4e8.kingwatch.com.cn,Unknown
q3atubuk00.centde.com,Unknown
q2mcnuzzkj.centde.com,Unknown
q2an8fheo7.ikejiwbe6i.madpendesign.com.au,Unknown
q28840.nb.host127-0-0-1.com,Unknown
q1nqo.imitablepxqlw.site,Unknown
q0fxh7esz9.centde.com,Unknown
q07zjtl6t4he1wqmhxxd.viomil.ro,Unknown
q0.infosfjs.info,Unknown
q.zeroredirect.com,Unknown
q.urlcorrectator.top,Unknown
q.spigtrmrjs.info,Unknown
q.mypasswordbox.com,Unknown
q.maijiaoben.com,Unknown
q.games2019.com,Unknown
q.defaulttabjs.info,Unknown
q.crdrjs.info,Unknown
pzxvrhh.rika.space,Unknown
pyr8q2bncb4hdy4zutgr.mbservicesyorkshire.co.uk,Unknown
pydvcquxogpbojj3bhbb.furnishenterprises.com,Unknown
pwuoligwco.webtopgroup.ru,Unknown
pwss.proactionfluids.net,Unknown
pwned.pdns.cz,Unknown
pwnage.infectmebro.co,Unknown
pvdcoc.nobass.com,Unknown
pvdbosch.dommel.be,Unknown
pv.mupeng1688.com,Unknown
puzzle-gratuit.chezcolombes.com,Unknown
putty.cncxuiopllc.tk,Unknown
pushmail.presto-solutions.com,Unknown
pushkarindu.viralgalleries.me,Unknown
pushdown.ttddsh.com,Unknown
purvienterprise.echoes.co.in,Unknown
purefilth.ucgalleries.com,Unknown
pure.newbie.red,Unknown
puppet.canameria.com,Unknown
punch.race.sk,Unknown
punam.dommel.be,Unknown
pumpkin.brisik.net,Unknown
pump.o-harmony.org,Unknown
pull.t2mr3.com,Unknown
puerlawznuhqk1xmexvi.bosch-web-marketing.co.uk,Unknown
puct.pictureitstore.com,Unknown
pubportal.brkmd.com,Unknown
publisher.spoods.de,Unknown
pubg.hackrules.com,Unknown
pubg.cheat.cx,Unknown
pub.betclick.com,Unknown
ptush.iptvdeals.com,Unknown
ptuon.saqibsiddiqui.com,Unknown
pttp.brycepeterson.net,Unknown
pts764gt354fder34fsqw45gdfsavadfgsfg.kraskula.com,Unknown
ptp.lolco.net,Unknown
ptmskonuco.me.gob.ve,Unknown
pthc.threegooglechecksim.xyz,Unknown
ptewh.iptvdeals.com,Unknown
ptcdn.mbicash.nl,Unknown
psyche.xiaotaoqi.me,Unknown
pstdieqz7m2c2comyrev.alfacomercial.com.br,Unknown
pstatic.eshopcomp.com,Unknown
psshop.apt.by,Unknown
psqpwmen.crestonhall.com,Unknown
psn.eztag.xyz,Unknown
psi.patrons.at,Unknown
psi.farseasty.com,Unknown
psd.v-hinet.co.kr,Unknown
psck.nettconsultants.com,Unknown
ps.pennyforthem.com.au,Unknown
ps.ipeary.com,Unknown
przemo.spdam.info,Unknown
przedszkole25.edu.konin.pl,Unknown
prysoorlokleinbau.casolafarms.net,Unknown
prv.mysuperappbox.com,Unknown
pruebas.zecaenergia.com,Unknown
pruebas.rentserviceinformatica.com,Unknown
pruebas.litcel.com,Unknown
pruebas.extrasistemas.com,Unknown
prueba6.extrasistemas.com,Unknown
prueba3.extrasistemas.com,Unknown
prueba2.extrasistemas.com,Unknown
prueba.datear.org,Unknown
prueba.3dalcubo.com,Unknown
proxyspare5.crushus.com,Unknown
proxy.open.tips,Unknown
proxy.dzearn.com,Unknown
provost.sterlingstrustbank.tk,Unknown
proveedores.rednavemar.com,Unknown
prova.upyourfile.net,Unknown
prova.eshopavant.it,Unknown
protonmail.secure-docs.us,Unknown
protection201-account.6827-update.team.com8serv1130.webs001231cr-cm-lgin-submmit-id99-l0gin-submito9-id.ppi11781-lo0gin-loogiin,Unknown
protection.secure.confirmation.fbid1703470323273355seta.1375333179420406.10737418.smktarunabhakti.net,Unknown
protect.server.server.server.rendyprotect.com,Unknown
protect.keeper.press,Unknown
protect.advancedcleaner.com,Unknown
protal.discover.com-account-security.prolecare.com,Unknown
prostokvashino.rupskov.ru,Unknown
prosperity.charifree.org,Unknown
prosper.tracking202.com,Unknown
prosdyuqnsdwxm.intend-incredible.ru,Unknown
pros.com.vc,Unknown
propertybook.co.zw,Unknown
property1.gdmachinery.net,Unknown
properties.northviewcreative.com,Unknown
pronto.estercrocetta.it,Unknown
promotions.iasbet.com,Unknown
promote.titanhousing.com,Unknown
promote.igg.biz,Unknown
promos.wealthymen.com,Unknown
promos.gpniches.com,Unknown
promos.cometracingleathers.com,Unknown
promocash.truecash.com,Unknown
promo.worldloft.ru,Unknown
promo.twistyscash.com,Unknown
promo.top-hacks.ru,Unknown
promo.sweetkrissy.com,Unknown
promo.puredee.com,Unknown
promo.privacydr.com,Unknown
promo.pegcweb.com,Unknown
promo.passioncams.com,Unknown
promo.lonelywifehookup.com,Unknown
promo.dollarrevenue.com,Unknown
promo.clickcash.com,Unknown
promo.blackcrush.com,Unknown
projettv.baudtanette.fr,Unknown
projet-l3.slynt.com,Unknown
project.digiflex.no,Unknown
proiect.edumagazin.ro,Unknown
profdocame.co.vu,Unknown
prof.koom.ma,Unknown
produla.czatgg.pl,Unknown
product.7techmyanmar.com,Unknown
product-and-services.iibank.co,Unknown
prod.olympuswaymarketing.com,Unknown
problemfanpage.problemhelp.ga,Unknown
pro1.perfect.pw,Unknown
pro.netplanet.it,Unknown
pro.clanweb.cz,Unknown
pro-bou.enterprisegrowth.co.za,Unknown
prk.roverinvolv.bid,Unknown
priyantha229.viralgalleries.me,Unknown
privatkunden.datapipe9271.com,Unknown
privati.portale-titolari-nexi-italia-online-verifica-nexi.it.infomazione.nexi-identita.conto.nexi.codicecliente.3224521.info.nex,Unknown
privatfunkagentur.taunus-media-online.de,Unknown
privatesearch.safemedia.today,Unknown
private.theappzworld.com,Unknown
private.theappsplanet.com,Unknown
private.theappjunkies.com,Unknown
private.superappbox.com,Unknown
private.playzonenow.com,Unknown
private.playmediacenter.com,Unknown
private.phathookups.com,Unknown
private.njoyapps.com,Unknown
private.myquicksearch.online,Unknown
private.myquickappz.com,Unknown
private.mymedianetnow.com,Unknown
private.myeasyappz.com,Unknown
private.myappzcollection.com,Unknown
private.myappzcenter.com,Unknown
private.myappline.com,Unknown
private.mixplugin.com,Unknown
private.medianetnow.com,Unknown
private.lastlog.in,Unknown
private.iezbrowsing.com,Unknown
private.hotelcesenaticobooking.info,Unknown
private.gettopappz.com,Unknown
private.getsuperappbox.com,Unknown
private.getmedianetnow.com,Unknown
private.friendlyappz.com,Unknown
private.directinvesting.com,Unknown
private.cgex.in,Unknown
private.bettersearchtools.com,Unknown
private-myetherwallet.quanta.im,Unknown
privado.aledate.com,Unknown
privacy.theappzkingdom.com,Unknown
privacy.superappbox.com,Unknown
privacy.protectionapps.online,Unknown
privacy.myprivacyworld.com,Unknown
privacy.lastlog.in,Unknown
privacy.getmedia.online,Unknown
privacy.getlnk5.com,Unknown
privacy.ezbrowsing.com,Unknown
privacy.bettersearchtools.com,Unknown
privacy.appssupply.net,Unknown
print.khingtracking.com,Unknown
primordium695.bestofpanorama.ws,Unknown
pricesite.webprojemiz.com,Unknown
preview.tastymovies.com,Unknown
preview.flowertreenursery.com,Unknown
preview.enroutedigitallab.com,Unknown
preved.trafficmsi.com,Unknown
preved.realtimeprogram.com,Unknown
preved.realtimemsi.com,Unknown
preved.realtimedirectory.com,Unknown
preved.programmsi.com,Unknown
preved.programinternet.com,Unknown
preved.msitraffic.com,Unknown
preved.msiconnection.com,Unknown
preved.msicheck.com,Unknown
preved.listmsi.com,Unknown
preved.imeshbe.com,Unknown
preved.directoryrealtime.com,Unknown
preved.directorymsi.com,Unknown
preved.connectiontraffic.com,Unknown
preved.connectionmsi.com,Unknown
preved.checkrealtime.com,Unknown
preved.checkmsi.com,Unknown
preved.bandoobe.com,Unknown
pretty.heaven-portal.com,Unknown
prestashop.inksupport08.com,Unknown
prest54538hnksjn4kjfwdbhwere.hotchunman.com,Unknown
presse.schmutzki.de,Unknown
press.photographyinstyle.com,Unknown
press.infomapress.com,Unknown
press.eonhep.com,Unknown
preparevideo.stream2getmorevolume4trafficthatdoseconvertnow.date,Unknown
preparevideo.goodcenterfordownloads.icu,Unknown
preparevideo.bettersiteoflinksitereal.icu,Unknown
preparevideo.bestsiteoflinksitereal.icu,Unknown
prepareupdate.yourperfectstablesystemforcontents.icu,Unknown
prepareupdate.yourperfectstablesystemforcontent.icu,Unknown
prepareupdate.yourperfectstablesystem2contents.icu,Unknown
prepareupdate.yourgreatreliablewaytocontent.icu,Unknown
prepareupdate.yourgreatreliableway2contents.icu,Unknown
prepareupdate.yourbestsiteforlinksitenow.icu,Unknown
prepareupdate.theultimateandreadyforupdating.win,Unknown
prepareupdate.theultimateandreadyforupdating.stream,Unknown
prepareupdate.theultimateandreadyforupdate.win,Unknown
prepareupdate.thehubwebsiteforcontentnew.icu,Unknown
prepareupdate.greatestsourceof-forcontentall.date,Unknown
prepareupdate.friendlysystems2upgrading.stream,Unknown
prepareupdate.friendlysystems2upgrades.win,Unknown
prepareupdate.friendlysystems2upgrades.review,Unknown
prepareupdate.friendlysystems2upgrades.bid,Unknown
prepareupdate.friendlysystems2upgrade.bid,Unknown
prepareupdate.centerhub4contents.icu,Unknown
prepare2upvideo.thebigforevertoupdating.stream,Unknown
prepare2upvideo.setfreecontentforeverybody.icu,Unknown
prepare2upvideo.offerservicesafe-systemalways.stream,Unknown
prepare2upvideo.greatsitetofindcontentnow.icu,Unknown
prepare2upvideo.greatsite2findcontentfree.icu,Unknown
prepare2upvideo.greatsite-findcontentnow.icu,Unknown
prepare2upvideo.greatsite-findcontent.icu,Unknown
prepare2upvideo.fastandgrear4upgradecontentsnew.icu,Unknown
prepare2upvideo.fastandgrear4upgradecontentscenter.icu,Unknown
prepare2upvideo.fastandgrear4upgradecontents.icu,Unknown
premont.premontk.drl.pl,Unknown
premium.streamingshowguide.com,Unknown
premiss.christianstay.com,Unknown
premis.asksuze.com,Unknown
prefix.payhelping.com,Unknown
prefer.gutterhelment.com,Unknown
pref.widdit.com,Unknown
prediction.widdit.com,Unknown
predict2.widdit.com,Unknown
predict1.widdit.com,Unknown
pre.englandprevail.com,Unknown
prc1.utopiad.com,Unknown
pra.open.tips,Unknown
pr.uustoughtonma.org,Unknown
pqbs.sekolahquran.sch.id,Unknown
ppv.pcl818.top,Unknown
pprivate.suncappert.com,Unknown
ppl.fr.update.navraatri.org,Unknown
ppd.bahjeez.com,Unknown
pp.pplproblems.com,Unknown
pp-secured.ssl.ssl-pp-secure.com,Unknown
pp-ger-de.germanger-verifyanfrage.ru,Unknown
pozycjav2.vaxi.pl,Unknown
power.qiqizz.com,Unknown
power.iphoneporn.info,Unknown
power.bestconstructionexpertwitness.com,Unknown
power-sotarmy.byinter.net,Unknown
poverty.tutoner.tk,Unknown
potential.aa.am,Unknown
potato.giraffegiraffe.website,Unknown
postregarboriphilicus.duraserv.com,Unknown
postproperties.co.zw,Unknown
postmansblog.ucgalleries.com,Unknown
postesecurelogin.posta.it.bancaposta.foo-autenticazione.mxq97svectqmg0rvr1jb4fd37d1indvp2cnyuj4xskjyjrk1it3bo64kzutd.porcmistret,Unknown
postesecurelogin.posta.it.bancaposta.foo-autenticazione.mxq97svectqmg0rvr1jb4fd37d1indvp2cnyuj4xskjyjrk1it3bo64kzutd.porcmistre,Unknown
postesecurelogin.posta.it.bancaposta.foo-autenticazione.mvi4izlrmiobltodxr5e2un7zinkx6xidqtry6zdxbxm6utzpyqjbnzk2k8w.porcmistret,Unknown
postesecurelogin.posta.it.bancaposta.foo-autenticazione.mvi4izlrmiobltodxr5e2un7zinkx6xidqtry6zdxbxm6utzpyqjbnzk2k8w.porcmistre,Unknown
postesecurelogin.posta.it.bancaposta.foo-autenticazione.fkejmqrkp4i8n5dq9jbfs8kfycxwvl72waairixkqunly5k96fq4qwrsjedv.porcmistret,Unknown
postesecurelogin.posta.it.bancaposta.foo-autenticazione.fkejmqrkp4i8n5dq9jbfs8kfycxwvl72waairixkqunly5k96fq4qwrsjedv.porcmistre,Unknown
postclick.adcentriconline.com,Unknown
postbank.ssl-zertifikat.mobi,Unknown
postaseacurelogin.posta.it.bancacpostas.fccauthentication.rkvvj2i5w97hn1jv5h6abac1c1yzffonqaiz2quopqw4hfobmjcek6nvtdrz.burenimsa,Unknown
postaseacurelogin.posta.it.bancacpostas.fccauthentication.oecdqy0q9zcouawha2y94lzvdnsbungis0cixbpv2rkmiwtiorhitgdwklxe.burenimsa,Unknown
postaseacurelogin.posta.it.bancacpostas.fccauthentication.9qfqk2zwqmz283fazmihblkmrnf1puz6qffifszhqfalgzyo81aicsvixmni.burenimsa,Unknown
postaseacurelogin.posta.it.bancacpostas.fccauthentication.1ytk4s8a60evgaepem9lwpikswmvxcjrndald6lhqroqvtvq6u3sastx5evw.burenimsa,Unknown
posta.andriake.com,Unknown
post.thazin95924.ml,Unknown
positioned.aa.am,Unknown
pos.vi-bus.com,Unknown
pos.rumen8.com,Unknown
portuguese.ircfast.com,Unknown
portla.mlcsoft.com,Unknown
portfolio.ronindesign.net,Unknown
portfolio.julianwilke.com,Unknown
portale-titolari-nexi-italia-online-verifica-nexi.it.infomazione.nexi-identita.czechrailwaytickets.co.uk,Unknown
portale-titolari-nexi-italia-online-verifica-nexi.it.infomazione.nexi-identita.conto.nexi.czechrailwaytickets.co.uk,Unknown
portal.sinal.org.br,Unknown
portal.score-stars.com,Unknown
portal.mysearchbuzz.com,Unknown
portal.horoscope-zone.com,Unknown
portal.discover.com.mice-eg.com,Unknown
portal.discover.com.customersvcs.universallogin.signin.petstare.com,Unknown
portal.chinaexportts.xyz,Unknown
portal.audit.gov.ru,Unknown
portal.arti70.com,Unknown
portal.amr.pt,Unknown
portal.100am100.kz,Unknown
portail.campus-isfac.fr,Unknown
portage.perestoroniny.ru,Unknown
portable.igg.biz,Unknown
port.wayserve.com,Unknown
port.aconti.net,Unknown
porrfilm.vuxenvaruhuset.nu,Unknown
pornstars-like-it-big.enjoylust.com,Unknown
pornstarlookout.yeahlinks.com,Unknown
pornoandsex.ucgalleries.com,Unknown
porno.simple-image.com.ua,Unknown
porno.sexraj.pl,Unknown
porno.be.tc,Unknown
pornamateurs.ucgalleries.com,Unknown
porn.marvin-vibez.in,Unknown
porn.iwantanewgirlfriend.com,Unknown
popunder.popcde.com,Unknown
popunder.paypopup.com,Unknown
popunder.multi-pops.com,Unknown
popunder.fpctraffic.com,Unknown
popixar.zaan.eu,Unknown
pop.zivilrecht.at,Unknown
pop.pepinierelavande-lombard.com,Unknown
pop.northshoreweed.net,Unknown
pop.jovially.us,Unknown
pop-over.powered-by.justplayzone.com,Unknown
pool.jfklandscape.com,Unknown
pool.darkcarder.com,Unknown
pool.bmnr.pw,Unknown
pontofrio.ofertasdodia.ml,Unknown
pond.codingbit.com,Unknown
pomnik.rzeszow.net,Unknown
pomf.pyonpyon.moe,Unknown
polywaste.co.zw,Unknown
poly-med.digitalm.co,Unknown
polo.adventuresinradioland.com,Unknown
polipcomlodzkiem.545yarrow.com,Unknown
policebloodbank.gov.bd,Unknown
police9.shufflebud.com,Unknown
police9.peconwheels.net,Unknown
police9.bestsorbet.com,Unknown
police8.roxice.com,Unknown
police8.peconwheels.com,Unknown
police8.besticecreamstoreinamerica.com,Unknown
police7.ontiveros.net,Unknown
police7.besticecreamindenver.com,Unknown
police6.myincipio.com.cn,Unknown
police6.gelatoconsulting.com,Unknown
police6.bestgelatoinamerica.com,Unknown
police5.incipiotech.com.cn,Unknown
police5.gelatocaterers.com,Unknown
police5.americasbesticecream.com,Unknown
police4.shelbystphotography.com,Unknown
police4.onyoursitestorage.com,Unknown
police4.incipiotech.co.uk,Unknown
police4.entertainmentunited.com,Unknown
police4.americasbestgelato.com,Unknown
police3.quotewraps.net,Unknown
police3.onyoursiteportablestorage.com,Unknown
police3.incipioproject.com,Unknown
police3.glaciericecreamandgelato.com,Unknown
police27.vipatwillowbrook.com,Unknown
police27.coloradoicecreamstores.com,Unknown
police26.coloradoicecreamcatering.com,Unknown
police25.rwsnydergunsmithing.com,Unknown
police25.outsideairguys.us,Unknown
police25.coloradoicecream.com,Unknown
police23.undergroundskateboards.com,Unknown
police22.outsideairguys.com,Unknown
police21.sd-ccw.org,Unknown
police21.orangeparkpoker.com,Unknown
police20.mybestimages.com,Unknown
police20.jamesmcintosh.com,Unknown
police2.quotewraps.com,Unknown
police2.fortcollinsicecreamwholesale.com,Unknown
police2.e3mm.com,Unknown
police19.madhavfamily.com,Unknown
police19.alteredparadigm.net,Unknown
police18.jivanjeefamily.com,Unknown
police17.innsofpsl.com,Unknown
police16.govindjee.com,Unknown
police15.outdoorairguys.com,Unknown
police15.jessiechambers.com,Unknown
police15.cwsuitesjax.com,Unknown
police14.comfortinnjax.net,Unknown
police13.outdoorair-guys.com,Unknown
police13.candlewoodsuitesjax.com,Unknown
police12.candlewoodjax.com,Unknown
police11.workoutonwheels.com,Unknown
police11.ucwhatic.com,Unknown
police11.smithfamily.ws,Unknown
police11.provenprotection.net,Unknown
police11.balvantpatel.com,Unknown
police10.tcandthecannonballs.com,Unknown
police10.poshnaturals.com,Unknown
police10.intensitymedia.com,Unknown
police10.glacierhomemadeicecreamandgelato.com,Unknown
police10.2blossoms.com,Unknown
police1.icecreamadvice.com,Unknown
police1.fortcollinsicecreamstores.com,Unknown
police.tsubakimoto.de,Unknown
police.tsubaki.se,Unknown
police.tsubaki.lt,Unknown
police.tsubaki-rider.eu,Unknown
police.questafilms.com,Unknown
police.mieventocristiano.com,Unknown
police.jmgeneral.com,Unknown
police.airsupplyarizona.com,Unknown
pokemon.thundaga.com,Unknown
poiuytrewqasdfghjklmnbvcxzasdfghjklpoiuytrewqasdfghjklmnbvcxz.blackdollz.co.uk,Unknown
poi.robatop.at,Unknown
pogruz.wanyizhao.net,Unknown
pogon.max.pl,Unknown
podzemi.myotis.info,Unknown
podd.rodiks.kz,Unknown
podcast.siaraya.com,Unknown
pod.xpress.com,Unknown
pod.manplay.com,Unknown
poc.howielab.com,Unknown
po4dbsjbneljhrlbvaueqrgveatv.bonmawp.at,Unknown
pnz.sanctifly.club,Unknown
pnmgghschool.edu.bd,Unknown
png.realtimenews.tk,Unknown
pncbank.averifier.com,Unknown
pnc.com-inet-truememberent-iscaddetour.newchapterpsychology.com.au,Unknown
pn.lalalhadga.net,Unknown
pn.dr906090.com,Unknown
pmnxmlfq.searching-for-joy.com,Unknown
pmg.com.mm,Unknown
pmenboeqhyrpvomq.yw4629.top,Unknown
pmenboeqhyrpvomq.y7fjr4.bid,Unknown
pmenboeqhyrpvomq.y5j7e6.top,Unknown
pmenboeqhyrpvomq.xx6jck.top,Unknown
pmenboeqhyrpvomq.xneyvm.top,Unknown
pmenboeqhyrpvomq.wrd4fo.top,Unknown
pmenboeqhyrpvomq.wn4h1k.top,Unknown
pmenboeqhyrpvomq.vkm4l6.top,Unknown
pmenboeqhyrpvomq.viceled.pw,Unknown
pmenboeqhyrpvomq.v11z5e.top,Unknown
pmenboeqhyrpvomq.txszfs.top,Unknown
pmenboeqhyrpvomq.thyx30.top,Unknown
pmenboeqhyrpvomq.t4hvl4.bid,Unknown
pmenboeqhyrpvomq.swissprogramms.bid,Unknown
pmenboeqhyrpvomq.shutlazy.casa,Unknown
pmenboeqhyrpvomq.self56.top,Unknown
pmenboeqhyrpvomq.rnkj09.top,Unknown
pmenboeqhyrpvomq.r21wmw.top,Unknown
pmenboeqhyrpvomq.paypoints.red,Unknown
pmenboeqhyrpvomq.pap44w.top,Unknown
pmenboeqhyrpvomq.p8rruv.top,Unknown
pmenboeqhyrpvomq.o8hpwj.top,Unknown
pmenboeqhyrpvomq.o08a6d.top,Unknown
pmenboeqhyrpvomq.nh47ri.bid,Unknown
pmenboeqhyrpvomq.n80yab.top,Unknown
pmenboeqhyrpvomq.n41n1a.top,Unknown
pmenboeqhyrpvomq.mtxtul.top,Unknown
pmenboeqhyrpvomq.m54tkp.bid,Unknown
pmenboeqhyrpvomq.loopsay.link,Unknown
pmenboeqhyrpvomq.li4loi.top,Unknown
pmenboeqhyrpvomq.kswcuk.top,Unknown
pmenboeqhyrpvomq.ka0te8.top,Unknown
pmenboeqhyrpvomq.k7oud1.top,Unknown
pmenboeqhyrpvomq.ibngww.top,Unknown
pmenboeqhyrpvomq.hwh75t.top,Unknown
pmenboeqhyrpvomq.hasterlyston.cloud,Unknown
pmenboeqhyrpvomq.gnuvaw.bid,Unknown
pmenboeqhyrpvomq.gletterstan.trade,Unknown
pmenboeqhyrpvomq.fm0cga.top,Unknown
pmenboeqhyrpvomq.factordo.site,Unknown
pmenboeqhyrpvomq.enanhb.bid,Unknown
pmenboeqhyrpvomq.e6in0v.top,Unknown
pmenboeqhyrpvomq.cmri58.top,Unknown
pmenboeqhyrpvomq.bnctf6.top,Unknown
pmenboeqhyrpvomq.b7mciu.top,Unknown
pmenboeqhyrpvomq.azwsxe.top,Unknown
pmenboeqhyrpvomq.asxjdp.top,Unknown
pmenboeqhyrpvomq.as5su5.top,Unknown
pmenboeqhyrpvomq.afteghonte.lol,Unknown
pmenboeqhyrpvomq.a4coac.top,Unknown
pmenboeqhyrpvomq.9nkxd3.top,Unknown
pmenboeqhyrpvomq.9ildst.top,Unknown
pmenboeqhyrpvomq.8kcfnk.bid,Unknown
pmenboeqhyrpvomq.89m6y8.bid,Unknown
pmenboeqhyrpvomq.7s0g3v.top,Unknown
pmenboeqhyrpvomq.5b1s82.top,Unknown
pmenboeqhyrpvomq.58na23.top,Unknown
pmenboeqhyrpvomq.4pzclh.top,Unknown
pmenboeqhyrpvomq.2agglf.top,Unknown
pmenboeqhyrpvomq.0vgu64.top,Unknown
pmenboeqhyrpvomq.0nyi6l.bid,Unknown
pmckushtia.edu.bd,Unknown
pmcju1c3hw.centde.com,Unknown
pm.zhuoyian.com,Unknown
pm.hdac.se,Unknown
plwaz2xxi06iaab0rimt.businessrulesanalysis.com,Unknown
plus2.sxc.edu.np,Unknown
plus.link4link.com,Unknown
plugrush.impcodep.xyz,Unknown
plugins.xetrna.com,Unknown
plmm.sitegoz.com,Unknown
plissconfrimfage1222.plisceeksfanspage.tk,Unknown
pliki.pwii.pl,Unknown
pleaseupdate.thecentersite-downloadcontentnow.icu,Unknown
pleaseupdate.checkupdateslive.net,Unknown
pleaseupdate.allthebestcontents-free.bid,Unknown
pleaseupdate.allthebestcontentfree.date,Unknown
pleaseupdate.allthebestcontentfree.bid,Unknown
ple.platwo.com,Unknown
plc.yuant.org,Unknown
playteen.centralserver.net,Unknown
playlist.djhutch.com,Unknown
player2.streamshd.fi,Unknown
player.insuranceandhealth.com,Unknown
player.alloutwedding.com,Unknown
player.800directories.com,Unknown
player.1stcreditrepairs.com,Unknown
player.1800coupon.com,Unknown
playcam.ndmradiochile.cl,Unknown
play.videosongplayer.com,Unknown
play.net-s28.stream,Unknown
play.net-daf75.stream,Unknown
play.net-daf16.stream,Unknown
play.net-bw64.stream,Unknown
play.net-bf10.stream,Unknown
play.likewap3.com,Unknown
play.enderpython.co.uk,Unknown
play.eanswers.com,Unknown
play.down.123ch.cn,Unknown
play.cpps.se,Unknown
play.acrylicafternoon.com,Unknown
plattform.deruwia.de,Unknown
platnosc.oplackuriera.online,Unknown
platnosc.kurierzyplatnosci.online,Unknown
plate.needleobservation.website,Unknown
plasmas.i-n-s.co,Unknown
plan.goteborg2021.webadmin8.net,Unknown
plain.bulkmediatory.com,Unknown
places.night.kharkov.ua,Unknown
place.memescr.com,Unknown
pki.jwo.com,Unknown
pkdmlb.edu.bd,Unknown
pk10ech.bgcawj.com,Unknown
pjlapparel.matainja.com,Unknown
pj3udfrfoh.centde.com,Unknown
pj.santadernetpj.com,Unknown
pj.santadernetibempresa.com,Unknown
pizzeria.atlantis-prod.fr,Unknown
pizzapartypicnic.openmediasoft.com,Unknown
pixfymcwyp.centde.com,Unknown
pixels.respondez.co.uk,Unknown
pixel.uprise.website,Unknown
pix.tagcdn.com,Unknown
pix.impdesk.com,Unknown
pix.goobzo.com,Unknown
pissingtube.stoporn.net,Unknown
piscinas.blautec.com,Unknown
pis.key-ids.com,Unknown
piranhab2b.saascart.com,Unknown
pinpoint.signalbinary.net,Unknown
pinky.tsukuba.biz,Unknown
pinkpussyworld.ucgalleries.com,Unknown
ping.everer.com,Unknown
ping.180solutions.com,Unknown
pin.kmsconsultantsllc.com,Unknown
pim14uwcgivjdw8esf8u.mbservicesyorkshire.co.uk,Unknown
pilotweb.akaive.se,Unknown
pile.filez.de,Unknown
pigs.waxdreamads.net,Unknown
pigra.csheaven.com,Unknown
piggy.riffle.be,Unknown
pieveloci299.digijinks.ws,Unknown
pidkdvfu7kfz7nbn.onion.fi,Unknown
pictures.myownnewpics.com,Unknown
picsplace.ucgalleries.com,Unknown
pics.myownnewmatchpicture.com,Unknown
pics.firstload.de,Unknown
pic.howevermuch.tk,Unknown
pic.elvisgp.com,Unknown
pic.chrisgp.com,Unknown
pic.1188.com,Unknown
piano.donjuanbands.com,Unknown
phxwwaznm.clupsvdblzcgnjj.com,Unknown
phpwind.0592yt.com,Unknown
phpfm.jcatpk.com,Unknown
phpctuqz.assexyas.com,Unknown
php-older.crazycafe.net,Unknown
photos.vasilcastle.com,Unknown
photos.seo-vip.com,Unknown
photohackday.appstores.com,Unknown
photocleaner.safe-cart.store,Unknown
photo.fxb.ru,Unknown
photo.6nationstabletenniscup.com,Unknown
phone.mgaullc.com,Unknown
phoenix.brouzeka.ru,Unknown
phoenix-factoring-companies.transportationfactoringcompany.org,Unknown
phase5.tppoffshore.com,Unknown
pham.duchieu.de,Unknown
ph.vnhax.com,Unknown
ph.bjmila.com,Unknown
pfile.tbpress.jp,Unknown
pfbh62.sa179.com,Unknown
pf.vitplatform.com,Unknown
pf.mrprana.com,Unknown
pf.jlc.cat,Unknown
pf.benjaminstrahs.com,Unknown
peypal.fr.secure-ameli.com,Unknown
pexy.zzszgz.com,Unknown
petroll.http01.com,Unknown
peterswebsite.dommel.be,Unknown
pet.fonicweb.com,Unknown
pestguard.com.bd,Unknown
persoonlijk.knab.nl.icxi.info,Unknown
personal.security.hsbc.co.uk.gsa.idv.saassecuritycommand.delightfulweddings.net,Unknown
personal.natwest.com.martacrane.com,Unknown
personal.llobu.net,Unknown
personal.editura-amsibiu.ro,Unknown
perseus.safe-order.net,Unknown
pero-vukic.iz.hr,Unknown
periscopism-grater.ticketattractionsdallas.org,Unknown
perfume.bait-alsharq.com,Unknown
perfume.aa.am,Unknown
perfectmoney.is.fectmoney.com,Unknown
perfectmissmatch.vastglobalsolutions.com,Unknown
perf.fabulous-discounts.com,Unknown
peregrine.igg.biz,Unknown
percuma.berteman.sama.newbie.red,Unknown
peq.parakaro.co.jp,Unknown
pepper.uw.to,Unknown
pepper.cobwebdesign.host,Unknown
pepelacer.computingservices123.com,Unknown
pepdev.zephyrglobal.com,Unknown
pentest.baaten.com,Unknown
pensele.paladin-global.net,Unknown
pennell.oprogressi.com,Unknown
pengacaraperceraian.pengacaratopsurabaya.com,Unknown
pendontorients.menolak-lupakan.com,Unknown
pending-secure-account-inc.hematech.co.id,Unknown
pen.teamnt.org,Unknown
pen.pauleastonblog.co.uk,Unknown
pelotas.sigales.com,Unknown
peeg.fronterarq.cl,Unknown
pear.dementiaadvocacy.com,Unknown
pe2cku7pebkpgeko.yjo0z9.top,Unknown
pe2cku7pebkpgeko.vfe2f1.top,Unknown
pe2cku7pebkpgeko.tsrwj3.top,Unknown
pe2cku7pebkpgeko.p93w1x.bid,Unknown
pe2cku7pebkpgeko.hclz73.top,Unknown
pe2cku7pebkpgeko.dj68hn.top,Unknown
pe2cku7pebkpgeko.5hmjh7.bid,Unknown
pe2cku7pebkpgeko.582h0n.top,Unknown
pe2cku7pebkpgeko.1pr21c.top,Unknown
pe2cku7pebkpgeko.1mwipu.top,Unknown
pe2cku7pebkpgeko.1gtx3p.top,Unknown
pds.skydc.co.kr,Unknown
pds.faceutil.com,Unknown
pdmcwrtkhvb.mottbuilding.com,Unknown
pdl.elevensky.net,Unknown
pdk.lcn.cc,Unknown
pdfonline.omantel.us,Unknown
pdf.haidertourismllc.com,Unknown
pdf.adoppe.account.pateloptics.com,Unknown
pdd.vodi-krasivo.ru,Unknown
pdbhsbk.edu.bd,Unknown
pd.lsgov.city,Unknown
pd.creditreform-muster.de,Unknown
pcupgrade.yourupgradeawesomesitesafecontent.icu,Unknown
pcupgrade.yourupgradeawesomesitenowcontent.icu,Unknown
pcupgrade.yourbestever4updatebuddy.bid,Unknown
pcupgrade.videosearchingforupdates.stream,Unknown
pcupgrade.thefastandgreatflashadscenter.icu,Unknown
pcupgrade.thefastandgreatflashads.icu,Unknown
pcupgrade.thebigandsaferupgrading.stream,Unknown
pcupgrade.thebigandsaferupgrading.download,Unknown
pcupgrade.goodwayostocontents.icu,Unknown
pcupgrade.goodwayoscontent.icu,Unknown
pcupgrade.freebestlinksonnet.xyz,Unknown
pcupgrade.freebestlink-onnet.xyz,Unknown
pcupgrade.check4newupdates.net,Unknown
pctoghe2ofleyslwieba.mbservicesyorkshire.co.uk,Unknown
pcsreg.softbi.com,Unknown
pcsoft.down.123ch.cn,Unknown
pcservice.slask.pl,Unknown
pcpxz.uweiyou.com,Unknown
pconly4test.thebestofupdates.stream,Unknown
pconly4test.thebestofupdates.download,Unknown
pconly4test.thebestofupdate.download,Unknown
pconly4test.thebestcontent4yourmachinethisweek.stream,Unknown
pconly4test.thebestcontent4yourmachinenow.review,Unknown
pconly4test.thebestcontent4yourmachinenow.bid,Unknown
pconly4test.thebestcontent4yourmachine.stream,Unknown
pconly4test.thebestcontent4yourmachine.bid,Unknown
pconly4test.stabletoupgrading.win,Unknown
pconly4test.stabletoupgrades.download,Unknown
pconly4test.stabletoupgrade.review,Unknown
pconly4test.stabletoupgrade.bid,Unknown
pconly4test.friendlysystems2upgrade.win,Unknown
pconly4test.freeandsecurecontent.icu,Unknown
pconly4test.browsesystems2update.top,Unknown
pcmp.sheratonwalls.com,Unknown
pcmlczey.crestonwood.com,Unknown
pcmdzxwh.danielphalen.com,Unknown
pck.ostrowiec.pl,Unknown
pcj2eyao9j.centde.com,Unknown
pcinfo.secl.cc,Unknown
pcil.blufysh.com,Unknown
pchxovqn.1freewebspace.com,Unknown
pchealthboost.com-review4u.com,Unknown
pcgame.cdn0.hf-game.com,Unknown
pcfacil.urbandrulabs.com,Unknown
pcchecker.yourgreatsitetofindcontentnow.icu,Unknown
pcchecker.yourgreatsitetofindcontentnew.icu,Unknown
pcchecker.yourgreatsitetofindcontent.icu,Unknown
pcchecker.yourbestsourceoflinkreliable.icu,Unknown
pcchecker.yourbestfreeforupdaters.pro,Unknown
pcchecker.theset2reliablesofts.icu,Unknown
pcchecker.theset2reliablesoft.xyz,Unknown
pcchecker.theset2reliablesoft.icu,Unknown
pcchecker.thereadytoreliablesofts.xyz,Unknown
pcchecker.thereadytoreliablesofts.icu,Unknown
pcchecker.thereadytoreliablesoft.xyz,Unknown
pcchecker.thereadytoreliablesoft.icu,Unknown
pcchecker.theready2reliablesofts.xyz,Unknown
pcchecker.theready2reliablesofts.icu,Unknown
pcchecker.theready2reliablesoft.xyz,Unknown
pcchecker.theready2reliablesoft.icu,Unknown
pcchecker.thepreparetoreliablesofts.xyz,Unknown
pcchecker.thepreparetoreliablesofts.icu,Unknown
pcchecker.thepreparetoreliablesoft.xyz,Unknown
pcchecker.thepreparetoreliablesoft.icu,Unknown
pcchecker.theprepare2reliablesofts.xyz,Unknown
pcchecker.theprepare2reliablesoft.icu,Unknown
pcchecker.theperfectupdatesforeveryone.host,Unknown
pcchecker.theperfectupdates4everyone.host,Unknown
pcchecker.theperfectupdates4all.xyz,Unknown
pcchecker.theperfectupdates4all.host,Unknown
pcchecker.theperfectstableserviceforupdate.xyz,Unknown
pcchecker.thebeststreamingspotforyourmachinealways.review,Unknown
pcchecker.thebeststreamingspotforyourmachinealways.download,Unknown
pcchecker.thebeststreamingspotforyourmachinealways.date,Unknown
pcchecker.thebestsource4content.xyz,Unknown
pcchecker.setforgreatapps.icu,Unknown
pcchecker.setforgreatapp.icu,Unknown
pcchecker.setforgreatapp.host,Unknown
pcchecker.set4greatapps.icu,Unknown
pcchecker.set4greatapps.host,Unknown
pcchecker.set4greatapp.icu,Unknown
pcchecker.set4greatapp.host,Unknown
pcchecker.readyforgreatapps.host,Unknown
pcchecker.readyforgreatapp.icu,Unknown
pcchecker.readyforgreatapp.host,Unknown
pcchecker.ready4greatapps.icu,Unknown
pcchecker.ready4greatapp.host,Unknown
pcchecker.prepareforgreatapps.host,Unknown
pcchecker.prepareforgreatapp.icu,Unknown
pcchecker.prepare4greatapps.icu,Unknown
pcchecker.prepare4greatapps.host,Unknown
pcchecker.prepare4greatapp.icu,Unknown
pcchecker.prepare4greatapp.host,Unknown
pcchecker.gettingallyouneedinonelink4u.bid,Unknown
pcchecker.fastandgrearforupgradecontentsnow.icu,Unknown
pcchecker.fastandgrearforupgradecontentingnow.icu,Unknown
pcchecker.fastandgrearforupgradecontentingnew.icu,Unknown
pcchecker.fastandgrearforupgradecontenting.icu,Unknown
pcchecker.fastandgrearforupgradecontentcenter.icu,Unknown
pcchecker.entersearch2upgrades.bid,Unknown
pcchecker.contestarefuntohaveviastreamingthusyear.icu,Unknown
pcchecker.bettersourceofcontent.xyz,Unknown
pcash.globalmailer5.com,Unknown
pc9j.g3ypek4.pw,Unknown
pc6.down.123ch.cn,Unknown
pc4maintainance.yourupdatefunhousenowcontent.icu,Unknown
pc4maintainance.yourupdatefunhousecontent.icu,Unknown
pc4maintainance.yourupdatefun-housenewcontent.icu,Unknown
pc4maintainance.updatefunhousenow.icu,Unknown
pc4maintainance.updatefun-housenow.icu,Unknown
pc4maintainance.updatefun-housefree.icu,Unknown
pc4maintainance.updatefun-housefree.club,Unknown
pc4maintainance.updatefun-house.icu,Unknown
pc4maintainance.thestableforgreatcontentsnow.icu,Unknown
pc4maintainance.thestableforgreatcontentscenter.icu,Unknown
pc4maintainance.thestableforgreatcontentnow.icu,Unknown
pc4maintainance.thestableforgreatcontentnew.icu,Unknown
pc4maintainance.thestableforgreatcontentingnow.icu,Unknown
pc4maintainance.thestableforgreatcontentingnew.icu,Unknown
pc4maintainance.thestableforgreatcontenting.icu,Unknown
pc4maintainance.theperfectupdate.org,Unknown
pc4maintainance.perfectlysafeandgreatcontenting.trade,Unknown
pc4maintainance.havingbestcenter2sitestreamingthisweek.review,Unknown
pc4maintainance.havingbestcenter2sitestreamingthisweek.date,Unknown
pc4maintainance.havingbestcenter2sitestreamingthisweek.bid,Unknown
pc4maintainance.havingbestcenter2sitestreamingthismonth.date,Unknown
pc4maintainance.havingbestcenter2sitestreamingnow.review,Unknown
pc4maintainance.havingbestcenter2sitestreaming.trade,Unknown
pc.zed-full.com,Unknown
pc.zclw.top,Unknown
pc.xzstatic.com,Unknown
pc.onfinders.com,Unknown
pc.liuliangche.com,Unknown
pc.8686dy.com,Unknown
pc-tools-antivirus.ojolink.fr,Unknown
pbwkgfad51wxfnx2jxpk.littlematchagirl.com.au,Unknown
pbtcepjguasdwrwdb05k.maherstcottage.com.au,Unknown
pbt-demo.web2de.com,Unknown
pbplus01.adultplatinum.com,Unknown
pbc.boyuberq.ru,Unknown
pba9ucsekf.mgadhuuxyc.madpendesign.com.au,Unknown
pb.go9.co,Unknown
pazarlamayonetimi.myblogtoolbar.com,Unknown
payvpal-serviceaccount-update-security-system.domainsearchbro.com,Unknown
paypmanage.h19.ru,Unknown
paypel.limited.account.bravocolombia.com,Unknown
paypalsupport-billingcreditcard14p508g6378c3.wedusgimbal.com,Unknown
paypalservice.payment-reviewed.com,Unknown
paypalsecure-2016.sucurecode524154241.arita.ac.tz,Unknown
paypalonlineverificationpage.printechsolutions.net,Unknown
paypalme.maliku-baru.id,Unknown
paypall-service.trendinghuman.com,Unknown
paypalcustomercare.studiografia.com.br,Unknown
paypalcom88gibinebscrcmdhomegeneraldispatch0db1f3842.voldrotan.com,Unknown
paypalaccess.arathika.com,Unknown
paypal4.caughtgbpspp.com,Unknown
paypal2.caughtgbpspp.com,Unknown
paypal.x-signin.e4ed022458ca01f4ad593.appereance.international,Unknown
paypal.webapps.login.secured-001-841542-960.equilibriomoda.com.br,Unknown
paypal.waclacegh.com,Unknown
paypal.verification.sirenfilm.co.uk,Unknown
paypal.verification.lbksf.com,Unknown
paypal.verification.democomp.com,Unknown
paypal.verif-purchase-id-020318-160516.com,Unknown
paypal.verif-purchase-id-020318-160515.com,Unknown
paypal.verif-case-id-0222-9204-3531-3111.com,Unknown
paypal.uk-signin.loginforms.securearea21.hititmt2signin-encoding.utf8ignoreauthstate.uk.awatech.arsade.com,Unknown
paypal.summary-update.igg.biz,Unknown
paypal.signin.account-term-policy.com,Unknown
paypal.sicherungsserver-id-133660.cf,Unknown
paypal.sicherer-daten-abgleich.com,Unknown
paypal.rumelphones.co.uk,Unknown
paypal.nz-15eed9c4371186bf.com,Unknown
paypal.nl2go.de,Unknown
paypal.niadsc.edu.bd,Unknown
paypal.meinkonto-hilfe-ssl.de,Unknown
paypal.mailverifizieren.de,Unknown
paypal.login.myaccount.secure.myaccloginsecid.com,Unknown
paypal.login.com.servresolved.ga,Unknown
paypal.limitedremoved.culinae.no,Unknown
paypal.limited-verificationupdatenow.com,Unknown
paypal.lcl-secur.com,Unknown
paypal.kundenformular-pp-login.com,Unknown
paypal.kunden88x88konten090-aktualiseren.com,Unknown
paypal.kunden090xkonten00-verifikations.com,Unknown
paypal.kunden090xkonten00-080aktualiseren.com,Unknown
paypal.kunden090xkonten-080aktualiseren.com,Unknown
paypal.kunden080xkunden080-verifikations.com,Unknown
paypal.kunden080xkont00xaktualiseren.com,Unknown
paypal.kunden080aanmelden.tk,Unknown
paypal.kunden0190xkonten-00aktualiseren.com,Unknown
paypal.kunden01090xkonten-00aktualiseren.com,Unknown
paypal.kunden01-010xkonten-verifikations.com,Unknown
paypal.kunden00xkonten00x160-verifizerungs.com,Unknown
paypal.kunden00xkonten00x00x1600-verifikations.com,Unknown
paypal.kunden00x13009xkonten-verifikations.com,Unknown
paypal.kunden00x0konten080-080verifikations.com,Unknown
paypal.kunden00x016-konto-uberprufen.com,Unknown
paypal.kunden00-konten080-verifikations.com,Unknown
paypal.kunden00-konten-aktualiseren.tk,Unknown
paypal.kunden-validerungs.tk,Unknown
paypal.kunden-sicher-online.com,Unknown
paypal.kunden-konten00xaktualiseren.com,Unknown
paypal.kunden-dat00-uberprufen.com,Unknown
paypal.kunden-customer-validerung.tk,Unknown
paypal.kunden-check-validerung.com,Unknown
paypal.kunden-88konten80x00aktualiseren.com,Unknown
paypal.kunden-200x160-verifizerung.com,Unknown
paypal.kunden-200x0010-aktualiseren.com,Unknown
paypal.kunden-100x160-verifikation.com,Unknown
paypal.kunden-00x016-uberprufen.me,Unknown
paypal.kontoxkunden002-verifizerungs.com,Unknown
paypal.konto00-kunde00x-verifikations.com,Unknown
paypal.konten010xkunden00-aktualiseren.com,Unknown
paypal.konten00xkunden00-aktualiseren.com,Unknown
paypal.konten00x1kunden-aktualieren.com,Unknown
paypal.konten00x004-konto-verifizerungs.com,Unknown
paypal.konten00-dat00-verifizierungs.com,Unknown
paypal.konten00-assess-aanmelden.tk,Unknown
paypal.konten-sicher-kunde.tk,Unknown
paypal.konten-sicher-bestatig.com,Unknown
paypal.konten-siche080-aanmelden.tk,Unknown
paypal.konten-kunden000x009-verifikation.com,Unknown
paypal.konten-assistance.tk,Unknown
paypal.konten-aanmelden-sicherheit.tk,Unknown
paypal.it.msg32.co.uk,Unknown
paypal.information.birdmen.website,Unknown
paypal.homepplsgroup.com,Unknown
paypal.fr.logo.rutaparaiso.com,Unknown
paypal.fitwelpharma.com,Unknown
paypal.eu.uk.verification.com.bihartechnical.com,Unknown
paypal.de.sicherer-login.com,Unknown
paypal.de.sichere-message.com,Unknown
paypal.de.news2klick.com,Unknown
paypal.de.login-ok.info,Unknown
paypal.de.1klas902f-lsod92.com,Unknown
paypal.de-vorgangs-nummer-p361.info,Unknown
paypal.de-verifie-ssl.com,Unknown
paypal.de-signin-sicherheit-7295.paypal.de-signin-sicherheit-3339.amazon.de-signin-meinkundenservice-4630.amazon.de-signin-siche,Unknown
paypal.de-signin-sicherheit-7295.paypal.de-signin-sicherheit-3339.amazon.de-signin-meinkundenservice-4630.amazon.de-signin-sich,Unknown
paypal.de-signin-sicherheit-3339.amazon.de-signin-meinkundenservice-4630.amazon.de-signin-sicherheit-8562.amazon.de-signup-kunde,Unknown
paypal.de-signin-sicherheit-3339.amazon.de-signin-meinkundenservice-4630.amazon.de-signin-sicherheit-8562.amazon.de-signup-kund,Unknown
paypal.de-signin-sicherheit-2070.amazon.de-signin-meinkundenservice-4630.amazon.de-signin-sicherheit-8562.amazon.de-signup-kunde,Unknown
paypal.de-signin-sicherheit-2070.amazon.de-signin-meinkundenservice-4630.amazon.de-signin-sicherheit-8562.amazon.de-signup-kund,Unknown
paypal.de-signin-sicherheit-1544.paypal.de-signin-sicherheit-3339.amazon.de-signin-meinkundenservice-4630.amazon.de-signin-siche,Unknown
paypal.de-signin-sicherheit-1544.paypal.de-signin-sicherheit-3339.amazon.de-signin-meinkundenservice-4630.amazon.de-signin-sich,Unknown
paypal.de-sichererlogin.com,Unknown
paypal.de-secure-ssl-verifie.com,Unknown
paypal.de-secure-log.in,Unknown
paypal.de-onlines.com,Unknown
paypal.de-mitgliedscheck.info,Unknown
paypal.de-login-verify.com,Unknown
paypal.de-login-check.com,Unknown
paypal.de-kontaktaktualisierung.eu,Unknown
paypal.customersettings.nk-delivery.com,Unknown
paypal.comservice.cf,Unknown
paypal.com30ebbywi4y2e0zmriogi0zthimtmwoweyn2mxognjngu4.sterbanot.com,Unknown
paypal.com.webscrnes.com,Unknown
paypal.com.websapss109851.disputesecureaccount.cf,Unknown
paypal.com.webapps.mpp.home.e.belllimeited.belllimeited.com,Unknown
paypal.com.webapps.mpp.home.de.almouta3alim.com,Unknown
paypal.com.webapps.mpp.de.home.almouta3alim.com,Unknown
paypal.com.webapps.mpp-home.almouta3alim.com,Unknown
paypal.com.webapps-cgi-bin-limitedaccount.com,Unknown
paypal.com.verify.account.locale-x.en-us.logged-in.account-summary.verify.gon543.com,Unknown
paypal.com.verif-case-id-2220-7773-6664-5145.com,Unknown
paypal.com.verif-case-id-0005-1119-6663-2954.com,Unknown
paypal.com.update-limited.accounts.interdom.info,Unknown
paypal.com.update-cgi-informationsecour.mxhecqbulyadinru4pjwgofs3z5ctiady6mk.mxhecqbulyadinru4pjwgofs3z5ctiady6mk.mxhecqbulyadin,Unknown
paypal.com.update-cgi-informationsecour.mxhecqbulyadinru4pjwgofs3z5ctiady6mk.mxhecqbulyadinru4pjwgofs3z5ctiady6mk.mxhecqbulyadi,Unknown
paypal.com.uk.signin.priauth.nav.f9a348bf60bbc6569f2.solutionslaw.com.au,Unknown
paypal.com.ticket-case-ld-3651326.info,Unknown
paypal.com.signin.webapps.com-unsualactivity.cf,Unknown
paypal.com.signin.security-confirmations-subscribtion.com,Unknown
paypal.com.signin.de.webapps.mpp.home.signin.country.xdelocale.xendelocale.thedaze.info,Unknown
paypal.com.signin.country.xgblocale.xengb.lindamay.com.au,Unknown
paypal.com.secure.information1.vineyardadvice.com,Unknown
paypal.com.secure.information.vineyardadvice.com,Unknown
paypal.com.se.webapps.mpp.home.foreignsurgical.com,Unknown
paypal.com.resolutioncenter-account-issue.net,Unknown
paypal.com.privacyaccount.resolutioncenter.updateinformation.supportaccount.pagelogin.uybv78t.org,Unknown
paypal.com.paypalclient098093209jkbnnov9839fnoof9.paypal.com.paypal.com.paypalclient098093209jkbnnov9839fnoof9.paypal.com.secure,Unknown
paypal.com.paypalclient098093209jkbnnov9839fnoof9.paypal.com.paypal.com.paypalclient098093209jkbnnov9839fnoof9.paypal.com.secur,Unknown
paypal.com.online.honarekohan.com,Unknown
paypal.com.omicron.si,Unknown
paypal.com.myaccount.validation.jossy.psess5659835478.blesuites.com,Unknown
paypal.com.my-accounte-support-verefication.serverlux.me,Unknown
paypal.com.matamudecline.com,Unknown
paypal.com.ma.cgi.bin.webscr.cmd.flow.session.ok-dui.com,Unknown
paypal.com.it.webapps.mpp.home.holpbenk24.com,Unknown
paypal.com.iman.com.pk,Unknown
paypal.com.es.webapps.mpp.home.servicio.almouta3alim.com,Unknown
paypal.com.es.webapps.mpp.home.almouta3alim.com,Unknown
paypal.com.enrichingcreations.com,Unknown
paypal.com.ecoteh.org,Unknown
paypal.com.confirmations.refund.purchase.jelmal.org,Unknown
paypal.com.cgi-bin.webscr-cmd-login-submit.dispatch.breakfastincapetown.com,Unknown
paypal.com.cgi-bin-webscr-cmd-login-submit-dispatch-536616.91b74153fa801d2179.42.f7319.599hpa2931315cf1b2a6612a663.d58.2f7415fae,Unknown
paypal.com.cgi-bin-webscr-cmd-login-submit-dispatch-536616.91b74153fa801d2179.42.f7319.599hpa2931315cf1b2a6612a663.d58.2f741,Unknown
paypal.com.auto-redirect.myapps.web-account.recovery-email.security.wholeimport.com,Unknown
paypal.com.akbidmuhammadiyahcrb.ac.id,Unknown
paypal.com.account.security.moj.checksecurity.jnidicadefnaleaa46cq6nxackdbw.secure.gaddave.com,Unknown
paypal.com.account.security.mo.verification.iatxmjzqhibe81zbfzz.checksecurity.jnidicadefnaleaa46cq6nxackdbw.secure.account-stat,Unknown
paypal.com-youracc92.info,Unknown
paypal.com-webaps-login-access-your-account-limited-scure.aprovedaccount.info,Unknown
paypal.com-support.verif-case-purchase-id-9632-542-892.com,Unknown
paypal.com-security-center.safe-accountfraud.com,Unknown
paypal.com-paymentsuccesapologize.info,Unknown
paypal.com-limited-accounts-re-active.siib.com.au,Unknown
paypal.com-home-myaccount.idsh.co,Unknown
paypal.com-deviceaccount-confirmtg-history.simon-asselin.com,Unknown
paypal.com-customer.sign-in.authflow-summaries.com,Unknown
paypal.com-combimemberinfo.org,Unknown
paypal.com-ch-idaccsslmtd2018.info,Unknown
paypal.com-ch-accsslmtd2018.info,Unknown
paypal.com-cgi-bin-webscrcmd-login-submitdispatch-8254d60a2.hit.to,Unknown
paypal.com-cgi-bin-update-your-account-andcredit-card.check-loginanjeeeng.ml,Unknown
paypal.com-authflow-8jp2kfra8q.com,Unknown
paypal.com-authflow-4yjjsmksljk.com,Unknown
paypal.com-asp.info,Unknown
paypal.com-accountlimited-verification.net,Unknown
paypal.co.uk.webscr.home.account.selection.signin.use.of.cookies.europe-stores.com,Unknown
paypal.co.uk.userqnyx2yfohhr.appzorespp.com,Unknown
paypal.co.uk.usermccsnc7dyot.appzorespp.com,Unknown
paypal.co.uk.userkuou4p3227b.appzorespp.com,Unknown
paypal.co.uk.userjtapfattd0e.appzorespp.com,Unknown
paypal.co.uk.user2aex308rqnn.ursuzppzo.com,Unknown
paypal.co.uk.mikhailovaphoto.ru,Unknown
paypal.co.uk.6a87.pw,Unknown
paypal.co.uk.1jz8.in,Unknown
paypal.christopherbard.com,Unknown
paypal.ch-pypal-2018-mng-accss0user9128310.info,Unknown
paypal.cased-limited.com,Unknown
paypal.broadshieldtechnologies.com,Unknown
paypal.benutzer-sicheronline.com,Unknown
paypal.approved.account.scr.cmd.check.services.member.limited.au.egiftermgred.info,Unknown
paypal.account.activity.id73165.mdnfgs.com,Unknown
paypal.aanmelden-validerungs.tk,Unknown
paypal-webapps.vertify-updated.com,Unknown
paypal-webapps.tzavas.com,Unknown
paypal-webapps.ae-a1th.com,Unknown
paypal-webapps-vertify.ferazha.com,Unknown
paypal-us.flappie.nl,Unknown
paypal-updates.freewebspace.net.au,Unknown
paypal-update.surge365bolivia.com,Unknown
paypal-support-team.alexchechkinprojectone.com,Unknown
paypal-specntionfo-com-a85n19n19025n18b5912n024n.kamummarjinal.com,Unknown
paypal-sicher.save-payments-support.com,Unknown
paypal-service.ogspy.net,Unknown
paypal-official-account-verification-site.srbos.com,Unknown
paypal-limited.myonlineappsupdates.com,Unknown
paypal-infosigninacces-com-cauica8hr5bh182bd8b18b81bd821b8b1d.reconeclimit.info,Unknown
paypal-info.billsliste.com,Unknown
paypal-hilfe.mein-hilfe-team.de,Unknown
paypal-einloggen.h200622.paychkvalid.com,Unknown
paypal-easyway.conditions2016.data.config-set01up02.luxeservices455.com,Unknown
paypal-digital-ocean-partner.limited-genentechacces.com,Unknown
paypal-deutschland.secure-payments-shop.com,Unknown
paypal-confirmation.aoic.org.my,Unknown
paypal-com-au-login-au.18.to,Unknown
paypal-com-add-carte-to-account-limited.zwagezz.com,Unknown
paypal-co.jp-cgi-bin.info,Unknown
paypal-claim.gdj4.com,Unknown
paypal-checkout.paysigngetupdate.com,Unknown
paypal-accounts.vivivato.fr,Unknown
paypal-account.ogspy.net,Unknown
paypal-account-setup.cmplt-srvc-intl.com,Unknown
paynow.stardialer.de,Unknown
payments.recoveriescorp.com.au,Unknown
payment.smartbuy4u.com,Unknown
payload.cjoverkill.com,Unknown
payhop.co.vu,Unknown
payday.fruitfuldemo.com,Unknown
payback-verdoppeln.promotions-service.website,Unknown
payable.billing-airfryer.com,Unknown
pay.tor4.biz,Unknown
pay.pal.com.imsfcu.ac.bd,Unknown
paweltkaczyk.myblogtoolbar.com,Unknown
pavypal.com.updateinformationsupport-privacypolicy.loginpage-scauninhc67sagbgy23176vbsad8y76ga.b7fn35.org,Unknown
pavypal.com.resolutioncenter.privacypolicyupdateinformation-loginpage.plerorg.me,Unknown
pavypal.com.resolutioncenter.privacypolicysupporthelpaccountupdateinformation.suspiciousactivify.loginpagecenter.s.vo9b3.space,Unknown
pavypal.com.resolutioncenter.privacypolicy.supporthelpaccount.update-loginpage.pi7v7.org,Unknown
pavypal.com.resolutioncenter-updateaccount.privacypolicy.supportcenterhelpaccount-loginpage.ao7vj.org,Unknown
pavypal.com.privaypolicy.recoveryaccount.supportcenter.updateinformation.acc-loginpage.v7vy3.org,Unknown
pavypal.com.privacypolicy.supportaccount.update.sevice-loginpage.v7sb5.org,Unknown
pavypal.com-updateaccount.supporthelp.resolutioncenter-loginpage.vsa86san-vsa786vsan07hdnd4m8dmqop.va8vn3.org,Unknown
pavypal.com-privacypolicy.updateaccount.resolutioncenter.supporthelp-loginpage.vds7.org,Unknown
pavpal.com-accsid0890219manage-accnt.info,Unknown
pave.elisecries.com,Unknown
pausmann.myblogtoolbar.com,Unknown
paus.myblogtoolbar.com,Unknown
pattayatoday.mycitytoolbar.com,Unknown
patrono.com.br.villantio.com,Unknown
patch3.99ddd.com,Unknown
patch3.51mag.com,Unknown
patch2.99ddd.com,Unknown
patch1.99ddd.com,Unknown
patch1.51mag.com,Unknown
patch.virtualworldweb.com,Unknown
patch.samia.red,Unknown
patch.lovamt2.com,Unknown
patch.grandchase.co,Unknown
patch.gersang.net,Unknown
patandsca.exsite.info,Unknown
pat.vyudu.tech,Unknown
paszto.ekif.hu,Unknown
pastlives.inantro.hr,Unknown
passwords.funtop100.com,Unknown
parvoleggeremo626.apanorama.ws,Unknown
partyradiousa.myradiotoolbar.com,Unknown
partyradio.myradiotoolbar.com,Unknown
partycentralradio.media-toolbar.com,Unknown
parts.kuru2jam.com,Unknown
partners.xpertmarket.com,Unknown
partners.visiads.com,Unknown
partners.sportingbet.com.au,Unknown
partners.pantheranetwork.com,Unknown
partners.optiontide.com,Unknown
partners.fshealth.com,Unknown
partner.premiumdomains.com,Unknown
partner.mytestdrive.co.uk,Unknown
partner.catchy.com,Unknown
partner.bargaindomains.com,Unknown
particulliers.secure.lcl.fr.outil.uautfrom.outil.serveurdocies.com,Unknown
particuliers.secure.ingdirect.fr.espace.client.reinomusical.com,Unknown
particuliers.niveaumes.com,Unknown
particuliers.lcl-banque.mrindia.co.nz,Unknown
participe.da.promocao.cielofidelidade.kxts.com.br,Unknown
parti.bestseedtodo.xyz,Unknown
part.charlesbehm.com,Unknown
parkcreektoolbar.myradiotoolbar.com,Unknown
park.hospitality-health.us,Unknown
paris.leasetorrent.com,Unknown
pareshnathtemple.knowinfo.in,Unknown
parenzana.com.hr,Unknown
parenthink.sayasini.com,Unknown
parc-attraction.atlantis-prod.fr,Unknown
parafia.kaszczorek.com,Unknown
paradigital.myblogtoolbar.com,Unknown
papyal.s3rv.me,Unknown
papodesk.co.vu,Unknown
papermapgloeidraden.maherformayor.com,Unknown
pantyhose.hotpornindex.com,Unknown
panov.totaltilestore.ca,Unknown
pankbang.commicrosoft.com-repair-windows.live,Unknown
panewodid.myho.ru,Unknown
panelmsg.top-event.men,Unknown
panel.vargakragard.se,Unknown
panel.gopetrom.com,Unknown
panel.followcampaign.com,Unknown
panel.coinpot.city,Unknown
panel.bithelp.top,Unknown
pandas.loyaltytoolbar.com,Unknown
panda-cloud-antivirus.ojolink.fr,Unknown
panda-antivirus.ojolink.fr,Unknown
panch1965godblessus.dns53.biz,Unknown
panarcos.sitiotemporal.es,Unknown
panalette.alexchild.net,Unknown
pana.fonicweb.com,Unknown
pan.bjzm365.com,Unknown
palmerstonnorthcitylibrary.mylibrarytoolbar.com,Unknown
pallotyni.ryn.pl,Unknown
paljyon7.fuma-kotaro.com,Unknown
palettante300.101panorama.ws,Unknown
pakolaisryhmst.onepercentsdcre.com,Unknown
paki.aoneinfotech.net,Unknown
pajak.carelogistindo.com,Unknown
painting.duncan-plumbing.com,Unknown
paidtv.siaraya.com,Unknown
paginainicial.portaldoclientebbatendimento.com,Unknown
pagerank.scambiositi.com,Unknown
pagerank.jklir.net,Unknown
pagehelpwarningg.nabatere.ga,Unknown
pagebusiness.co.vu,Unknown
pageaccounts3curiity.bisulan.cf,Unknown
page3.jmendezleiva.cl,Unknown
page.limited.account.page-console.ml,Unknown
page.existencedowntown.accountant,Unknown
page.activeyourpage.gq,Unknown
paga.myradiotoolbar.com,Unknown
pacman.gkgar.com,Unknown
packet.ipv6.la,Unknown
packages.clevergrit.com,Unknown
pack.myforumtoolbar.com,Unknown
pack.1e5.com,Unknown
pacificspraybooths.com.au.secureserverdocumentaccountonline.com.sellclerk.com,Unknown
pacificflighttraining.myradiotoolbar.com,Unknown
pachecproducciones.myradiotoolbar.com,Unknown
paceful.yanshfare.org,Unknown
pace.mhwang.com,Unknown
pacan.gofreedom.info,Unknown
pac.unblockcn.com,Unknown
pa.gogreenadmin.com,Unknown
pa.cocoonstar.com,Unknown
p9xntwvyrf.centde.com,Unknown
p9bpdyd6co.centde.com,Unknown
p8wjx6vfrl.vuxsahwzbm.madpendesign.com.au,Unknown
p8.shalledinition.club,Unknown
p7uln5towbuozltok5nj.maherstcottage.com.au,Unknown
p54dhkus4tlkfashdb6vjetgsdfg.greetingshere.at,Unknown
p4yp41.moldex.cl,Unknown
p4lxc.sackclothhrukudvbl.site,Unknown
p3y41zu.rg.ro,Unknown
p3wm16ssqh.no1webmaster.com,Unknown
p38051.adskape.ru,Unknown
p2z64.136sa.com,Unknown
p2p.rtmfp.net,Unknown
p27dokhpz2n7nvgr.1wmvk2.top,Unknown
p27dokhpz2n7nvgr.1vjnyh.top,Unknown
p27dokhpz2n7nvgr.1pymg3.top,Unknown
p27dokhpz2n7nvgr.1plugt.top,Unknown
p27dokhpz2n7nvgr.1pglcs.top,Unknown
p27dokhpz2n7nvgr.1pbu64.top,Unknown
p27dokhpz2n7nvgr.1pbfky.top,Unknown
p27dokhpz2n7nvgr.1p5fwl.top,Unknown
p27dokhpz2n7nvgr.1nprob.top,Unknown
p27dokhpz2n7nvgr.1nmrtq.top,Unknown
p27dokhpz2n7nvgr.1nhkou.top,Unknown
p27dokhpz2n7nvgr.1mwipu.top,Unknown
p27dokhpz2n7nvgr.1ms2rx.top,Unknown
p27dokhpz2n7nvgr.1mir1h.top,Unknown
p27dokhpz2n7nvgr.1mfdt8.top,Unknown
p27dokhpz2n7nvgr.1mfakx.top,Unknown
p27dokhpz2n7nvgr.1lt2pn.top,Unknown
p27dokhpz2n7nvgr.1lfyy4.top,Unknown
p27dokhpz2n7nvgr.1lcteo.top,Unknown
p27dokhpz2n7nvgr.1kq4l8.top,Unknown
p27dokhpz2n7nvgr.1kja1j.top,Unknown
p27dokhpz2n7nvgr.1jzmjr.top,Unknown
p27dokhpz2n7nvgr.1jyhqc.top,Unknown
p27dokhpz2n7nvgr.1jw2lx.top,Unknown
p27dokhpz2n7nvgr.1js3tl.top,Unknown
p27dokhpz2n7nvgr.1jpb8w.top,Unknown
p27dokhpz2n7nvgr.1jhnvt.top,Unknown
p27dokhpz2n7nvgr.1jh5kv.top,Unknown
p27dokhpz2n7nvgr.1jemdr.top,Unknown
p27dokhpz2n7nvgr.1hw36d.top,Unknown
p27dokhpz2n7nvgr.1hpvzl.top,Unknown
p27dokhpz2n7nvgr.1hkjl3.top,Unknown
p27dokhpz2n7nvgr.1h23cc.top,Unknown
p27dokhpz2n7nvgr.1gy9bo.top,Unknown
p27dokhpz2n7nvgr.1gvql3.top,Unknown
p27dokhpz2n7nvgr.1gqqsc.top,Unknown
p27dokhpz2n7nvgr.1gnlsi.top,Unknown
p27dokhpz2n7nvgr.1fu8p3.top,Unknown
p27dokhpz2n7nvgr.1fqwek.top,Unknown
p27dokhpz2n7nvgr.1fgywm.top,Unknown
p27dokhpz2n7nvgr.1fel3k.top,Unknown
p27dokhpz2n7nvgr.1evjph.top,Unknown
p27dokhpz2n7nvgr.1enbyr.top,Unknown
p27dokhpz2n7nvgr.1em2j4.top,Unknown
p27dokhpz2n7nvgr.1eeb86.top,Unknown
p27dokhpz2n7nvgr.1eeb86.to,Unknown
p27dokhpz2n7nvgr.1ebvqb.top,Unknown
p27dokhpz2n7nvgr.1dz7gk.top,Unknown
p27dokhpz2n7nvgr.1dyzdh.top,Unknown
p27dokhpz2n7nvgr.1dyzdh.to,Unknown
p27dokhpz2n7nvgr.1dsdm4.top,Unknown
p27dokhpz2n7nvgr.1dp6un.top,Unknown
p27dokhpz2n7nvgr.1dlcbk.top,Unknown
p27dokhpz2n7nvgr.1daq6h.top,Unknown
p27dokhpz2n7nvgr.1d8m97.top,Unknown
p27dokhpz2n7nvgr.1d8d9w.top,Unknown
p27dokhpz2n7nvgr.1czh7o.top,Unknown
p27dokhpz2n7nvgr.1cw65b.top,Unknown
p27dokhpz2n7nvgr.1cvmb4.top,Unknown
p27dokhpz2n7nvgr.1cq7gd.top,Unknown
p27dokhpz2n7nvgr.1cpy1q.top,Unknown
p27dokhpz2n7nvgr.1cpb4z.top,Unknown
p27dokhpz2n7nvgr.1cknbd.top,Unknown
p27dokhpz2n7nvgr.1chy1m.top,Unknown
p27dokhpz2n7nvgr.1cglxz.top,Unknown
p27dokhpz2n7nvgr.1cggqc.top,Unknown
p27dokhpz2n7nvgr.1cewld.top,Unknown
p27dokhpz2n7nvgr.1cbcpy.top,Unknown
p27dokhpz2n7nvgr.1cb19l.top,Unknown
p27dokhpz2n7nvgr.1cauz3.top,Unknown
p27dokhpz2n7nvgr.1bzolk.top,Unknown
p27dokhpz2n7nvgr.1bywu2.top,Unknown
p27dokhpz2n7nvgr.1bvadx.top,Unknown
p27dokhpz2n7nvgr.1bniyw.top,Unknown
p27dokhpz2n7nvgr.1bj4k9.top,Unknown
p27dokhpz2n7nvgr.1b3qjy.top,Unknown
p27dokhpz2n7nvgr.1axzcw.top,Unknown
p27dokhpz2n7nvgr.1aweql.top,Unknown
p27dokhpz2n7nvgr.1apkjn.top,Unknown
p27dokhpz2n7nvgr.1apgrn.top,Unknown
p27dokhpz2n7nvgr.1ajohk.top,Unknown
p27dokhpz2n7nvgr.1aghep.top,Unknown
p27dokhpz2n7nvgr.1a7wnt.top,Unknown
p27dokhpz2n7nvgr.1a7ivn.top,Unknown
p27dokhpz2n7nvgr.195heb.top,Unknown
p27dokhpz2n7nvgr.18kmtt.top,Unknown
p27dokhpz2n7nvgr.18kkhl.top,Unknown
p27dokhpz2n7nvgr.18dawg.top,Unknown
p27dokhpz2n7nvgr.17u2yg.top,Unknown
p27dokhpz2n7nvgr.17ryrs.top,Unknown
p27dokhpz2n7nvgr.17m14u.top,Unknown
p27dokhpz2n7nvgr.17gvad.top,Unknown
p27dokhpz2n7nvgr.17g6gc.top,Unknown
p27dokhpz2n7nvgr.173w9w.top,Unknown
p27dokhpz2n7nvgr.16qpet.top,Unknown
p27dokhpz2n7nvgr.16nxpn.top,Unknown
p27dokhpz2n7nvgr.16fohp.top,Unknown
p27dokhpz2n7nvgr.16bwhs.top,Unknown
p27dokhpz2n7nvgr.16ay2s.top,Unknown
p27dokhpz2n7nvgr.168w5y.top,Unknown
p27dokhpz2n7nvgr.15wmdx.top,Unknown
p27dokhpz2n7nvgr.15rnwa.top,Unknown
p27dokhpz2n7nvgr.15oqwp.top,Unknown
p27dokhpz2n7nvgr.15nhsf.top,Unknown
p27dokhpz2n7nvgr.15jznv.top,Unknown
p27dokhpz2n7nvgr.14udep.top,Unknown
p27dokhpz2n7nvgr.14kfoz.top,Unknown
p27dokhpz2n7nvgr.14gmtu.top,Unknown
p27dokhpz2n7nvgr.14ewqv.top,Unknown
p27dokhpz2n7nvgr.13xwn9.top,Unknown
p27dokhpz2n7nvgr.13wm9b.top,Unknown
p27dokhpz2n7nvgr.13upnc.top,Unknown
p27dokhpz2n7nvgr.13upky.top,Unknown
p27dokhpz2n7nvgr.13gmvm.top,Unknown
p27dokhpz2n7nvgr.13g2v9.top,Unknown
p27dokhpz2n7nvgr.135nt3.top,Unknown
p27dokhpz2n7nvgr.12vpkc.top,Unknown
p27dokhpz2n7nvgr.12uzfa.top,Unknown
p27dokhpz2n7nvgr.12umzf.top,Unknown
p27dokhpz2n7nvgr.12t3rn.top,Unknown
p27dokhpz2n7nvgr.12smak.top,Unknown
p27dokhpz2n7nvgr.12nwsv.top,Unknown
p27dokhpz2n7nvgr.12hxjv.top,Unknown
p27dokhpz2n7nvgr.12gzrv.top,Unknown
p27dokhpz2n7nvgr.12c8ff.top,Unknown
p27dokhpz2n7nvgr.12a63k.top,Unknown
p2.d9media.cn,Unknown
p1.lingpao8.com,Unknown
p1.ddwjp.com,Unknown
p1.5zdn.com,Unknown
p0t22.836sa.com,Unknown
p0.5zdn.com,Unknown
p.zeroredirect.com,Unknown
p.vefire.com,Unknown
p.topbonitarofla.com,Unknown
p.toourbb.com,Unknown
p.profstats.net,Unknown
p.plazexdom.com,Unknown
p.owwwa.com,Unknown
p.limgougfant.net,Unknown
p.iotjh.cn,Unknown
p.ik123.net,Unknown
p.eyebuydirect-cmr.net,Unknown
p.dropmy.nl,Unknown
p.ato.mx,Unknown
p-alpha.ooo.al,Unknown
ozbseoxq.nationaldistributinggroup.com,Unknown
oypod.myradiotoolbar.com,Unknown
oychbmkoryoi.toytiro.ru,Unknown
oxy.rootservers.xyz,Unknown
oxsferxtehxkuzaxdloa.littlematchagirl.com.au,Unknown
oxfam.intelli-direct.com,Unknown
ox4.toulouse-aeroport.com,Unknown
ox3iyp2t1a.centde.com,Unknown
ox-i.cordillera.tv,Unknown
owpdrkdnsm.centde.com,Unknown
ownaloader.packfr.com,Unknown
owebmailsserveur.fnhost.org,Unknown
ovo.slughy.com,Unknown
ovie.powerfulappz.com,Unknown
ovhtelecomfr.aniconplastic.com.ph,Unknown
overzetverenzustellhohe.saveclients.com,Unknown
overshare.sharetheexperiencenow.com,Unknown
overclock.abcwebclient.com,Unknown
ova8idoc8u.unvx9uiqcc.madpendesign.com.au,Unknown
outradio.myradiotoolbar.com,Unknown
outori.nerveit.com,Unknown
outlook.office.com.02a48ow3a.zohaibdesigners.tk,Unknown
outlook.msdwnld.com,Unknown
outils.yes-messenger.com,Unknown
outils.f5biz.com,Unknown
out.aipad.co,Unknown
ourcountrynest.myfamilytoolbar.com,Unknown
our.novadream.com,Unknown
our.atrenza.com,Unknown
oukoku.shinobiashi.com,Unknown
ouhef2mxty.centde.com,Unknown
ou-sadovec.schoolbg.info,Unknown
ou-qsen.schoolbg.info,Unknown
otx5.otxresearch.com,Unknown
other.jsyxw.cn,Unknown
otd.j-sup.tk,Unknown
otche.staugustinefunguide.com,Unknown
otcct.beforeoctavia.site,Unknown
otakuradio.myradiotoolbar.com,Unknown
ot.track.222odb.com,Unknown
ossupdate.jiagouyun.com,Unknown
ossms.on.gov.ng,Unknown
ospuhdy6lrtryilg5xqp.furnishenterprises.com,Unknown
osonew.takesteps.social,Unknown
osjam.voicewerk.com,Unknown
osiqhzrxpa.hg8pq5edmn.madpendesign.com.au,Unknown
oshoo.iptvdeals.com,Unknown
oshoa.iptvdeals.com,Unknown
os2.wosodosolol1.com,Unknown
os2.guardcleancenter.com,Unknown
os.xarenetilil.com,Unknown
os.tagtourbest.com,Unknown
os.secureddownloadcdn.com,Unknown
os.mokarina.com,Unknown
os.guardcleancenter.com,Unknown
os.giftuniversenew.com,Unknown
os.dolphinmemory.com,Unknown
os.appuniverseapplication.com,Unknown
os.adsearchescdn.com,Unknown
orusignup.tsmprojects.com,Unknown
ortus.webnow.biz,Unknown
oroshiso-institutamque.magnetandmetal.com,Unknown
ornitholitewhitenet.familyofpraise.org,Unknown
orkuthack.sprinterweb.net,Unknown
orkc.monquest.com,Unknown
orion.svnt.es,Unknown
orinteccoil.myblogtoolbar.com,Unknown
origin-static.zangocash.com,Unknown
origin-prompt.zangocash.com,Unknown
origin-ics.fivemillionfriends.com,Unknown
orei.campanaderechoeducacion.org,Unknown
orehovo-zuevo.stroybaza-shatura.ru,Unknown
ordine.ybsides.com,Unknown
ordine.uniquelybucks.com,Unknown
ordine.toollessqed.com,Unknown
ordine.toiletseatbolts.com,Unknown
ordine.toiletbolts.com,Unknown
ordine.tobipage.com,Unknown
ordine.thriveob.com,Unknown
ordine.thrivemdchicago.com,Unknown
ordine.thrivemd.org,Unknown
ordine.theadventurekid.com,Unknown
ordine.seweather.net,Unknown
ordine.rocktravel.org,Unknown
ordine.orangetheorysm.com,Unknown
ordine.nileshdethe.info,Unknown
ordine.lgveg.org,Unknown
ordine.johnheard.us,Unknown
ordine.jiwanta.in,Unknown
ordine.jiwanta.com,Unknown
ordine.honeybandaid.com,Unknown
ordine.gtworks.com,Unknown
ordine.gerhardrosin.ca,Unknown
ordine.donnaschechter.com,Unknown
ordine.creepycollective.com,Unknown
ordine.bookingcabarete.org,Unknown
ordine.bookingcabarete.com,Unknown
ordine.aiimllc.com,Unknown
ordine.aaaahd.org,Unknown
orders.etrade.website,Unknown
orders.andminnows.tk,Unknown
order9.gdmachinery.net,Unknown
ord.paradisegarden.com.au,Unknown
orange.bageriethornslet.dk,Unknown
orange-county.rsvppublications.com,Unknown
oralement.ansonslaw.com,Unknown
oqwygprskqv65j72.1nzpby.top,Unknown
oqwygprskqv65j72.1mudaw.top,Unknown
oqwygprskqv65j72.1kh9ct.top,Unknown
oqwygprskqv65j72.1jquw7.top,Unknown
oqwygprskqv65j72.1j1x2b.top,Unknown
oqwygprskqv65j72.1hbdbx.top,Unknown
oqwygprskqv65j72.1gqj8x.top,Unknown
oqwygprskqv65j72.1gam57.top,Unknown
oqwygprskqv65j72.1fs9pz.top,Unknown
oqwygprskqv65j72.1fdlhn.top,Unknown
oqwygprskqv65j72.1dofqx.top,Unknown
oqwygprskqv65j72.1d88b8.top,Unknown
oqwygprskqv65j72.1aj1bb.top,Unknown
oqwygprskqv65j72.17q8f6.top,Unknown
oqwygprskqv65j72.14jqyo.top,Unknown
oqwygprskqv65j72.13rdvu.top,Unknown
oqwygprskqv65j72.13gpqd.top,Unknown
oqwygprskqv65j72.12kb9j.top,Unknown
opus.19jawebhosting.name,Unknown
optusnet.com.a.schoorlse-reddingsbrigade.trade,Unknown
optimize.indieclick.com,Unknown
optikchrtek.yourcloud.cz,Unknown
opiskelijaperhe.pgeviction.com,Unknown
opera-web-browser.xtremedownload.com,Unknown
openoffice.packfr.com,Unknown
openoffice.gooofull.com,Unknown
opendata.safuture.ca,Unknown
open.plmc.edu.cn,Unknown
open.armainvest.website,Unknown
opdawn-org.nadnadchu.net,Unknown
opcwdns.opcw.nl,Unknown
oowhe.frost-electric-supply.com,Unknown
oothmdzr.yjdata.me,Unknown
ooss.myblogtoolbar.com,Unknown
oops.stream-it.online,Unknown
oono.myradiotoolbar.com,Unknown
oolsi.frost-electric-supply.com,Unknown
ooksu.frost-electric-supply.com,Unknown
ookatthat.tokofawaid.co.id,Unknown
onzin.hebberig.be,Unknown
onxk4q9uhz.centde.com,Unknown
onthecitycom.mycitytoolbar.com,Unknown
onmate2011.matearad.ro,Unknown
only.b4ugoogleit.com,Unknown
onlot.toyotamagnet.host,Unknown
onlineupgrade.yourreliableforgreatcontentsnow.icu,Unknown
onlineupgrade.yourreliableforgreatcontentingcenter.icu,Unknown
onlineupgrade.thegreatesthighworking4systems.win,Unknown
onlineupgrade.thegreatesthighworking4systems.download,Unknown
onlineupgrade.thegreatesthighworking4system.bid,Unknown
onlineupgrade.thegreatesthighworking-4systems.bid,Unknown
onlineupgrade.thegreatesthighworking-4system.win,Unknown
onlineupgrade.thecentersite2getcontent.icu,Unknown
onlineupgrade.biggerandlongertoupdating.win,Unknown
onlineupgrade.all4upgradesyouwilleverneeds.stream,Unknown
onlineupdate.yourprepareforsafeapp.icu,Unknown
onlineupdate.yourprepare4safeapps.icu,Unknown
onlineupdate.themainplacetogetgoodcontents.review,Unknown
onlineupdate.themainplacetogetgoodcontents.bid,Unknown
onlineupdate.themainplacetogetgoodcontenting.trade,Unknown
onlineupdate.themainplacetogetgoodcontenting.review,Unknown
onlineupdate.themainplacetogetgoodcontent.review,Unknown
onlineupdate.site2runingvideoperfect.xyz,Unknown
onlineupdate.site2runingvideoperfect.icu,Unknown
onlineupdate.awesomemaandlystable4contentandglast.icu,Unknown
onlineupdate.askupdatesafesystem4nowset.download,Unknown
onlineterapi.myfamilytoolbar.com,Unknown
onlineservices.wellsfargo.com.agserve.com.au,Unknown
onlineservices.fawmatt.com.au,Unknown
onlinesenegalcom.mycitytoolbar.com,Unknown
onlinesecureupdates.automotivewizardry.com.au,Unknown
onlinesecure-verified-capitalone.com.ingelectro.com.py,Unknown
onlineradiodownload.myradiotoolbar.com,Unknown
onlinepartytoolbar.myradiotoolbar.com,Unknown
onlineloginfiledrives.nauttoys.com,Unknown
onlinelog.chaseonlinee.com,Unknown
onlineincome.com.bd,Unknown
onlineicsdashboard.s4y-web.de,Unknown
onlinehmrc.co.vu,Unknown
onlinefuture.mylibrarytoolbar.com,Unknown
onlinedown.down.123ch.cn,Unknown
onlinecounters.4ever.me,Unknown
onlineaccess.bleutree.com,Unknown
online.wellsfargo.com.kingsmeadgroup.com,Unknown
online.wells.latestphptutorials.com,Unknown
online.tsb.co.uk.personal.logon.login.jsp.submituseridaccountsummary.registration.onlinepersonalregistration.jsp.hpregnow.online,Unknown
online.tsb.co.uk.personal.logon.login.jsp.submituseridaccountsummary.registration.onlinepersonalregistration.jsp.hpregnow.onlin,Unknown
online.thebroadsystemsforupdating.xyz,Unknown
online.thebroadsystemsforupdating.icu,Unknown
online.thebroadsystemsforupdates.xyz,Unknown
online.thebroadsystemsforupdates.icu,Unknown
online.thebroadsystemsforupdate.xyz,Unknown
online.thebroadsystems4updating.xyz,Unknown
online.thebroadsystems4updates.xyz,Unknown
online.thebroadsystems4updates.icu,Unknown
online.thebroadsystems4update.xyz,Unknown
online.thebroadsystems4update.icu,Unknown
online.tdbank.com.profiremgt.com,Unknown
online.signin.secure.wf-south.top,Unknown
online.perfectupdatesforall.host,Unknown
online.perfectupdates4everyone.xyz,Unknown
online.perfectupdate4all.host,Unknown
online.pacrpoly.org,Unknown
online.mysearchbuzz.com,Unknown
online.lloydsbank.co.uk.enagroup.eu,Unknown
online.lloydsbank.co.uk.apply-platinum.app,Unknown
online.liveupdate1568632.download,Unknown
online.insidebet.com,Unknown
online.hmrc.gov.uk.alaventa.cl,Unknown
online.dropbox.com.reload.access.check.now.latrobevillage.com.au,Unknown
online.director-iv.ru,Unknown
online.citi.com.zijkwmwpvc.ignition3.tv,Unknown
online.citi.com.us.jps.portal.index.do.promo.idspbl.cleaningrange.com.au,Unknown
online.citi.com.ura3vgncre.ignition3.tv,Unknown
online.citi.com.tf561vlu7j.ignition3.tv,Unknown
online.chrome-request.com,Unknown
online.christianvilla.it,Unknown
online.broadsystemsforupdating.xyz,Unknown
online.broadsystemsforupdating.icu,Unknown
online.broadsystemsforupdates.xyz,Unknown
online.broadsystemsforupdates.icu,Unknown
online.broadsystemsforupdate.xyz,Unknown
online.broadsystemsforupdate.icu,Unknown
online.broadsystems4updating.xyz,Unknown
online.broadsystems4updating.icu,Unknown
online.broadsystems4updates.xyz,Unknown
online.broadsystems4updates.icu,Unknown
online.broadsystems4update.xyz,Unknown
online.broadsystems4update.icu,Unknown
online.bankofamerica.com.sophinathtrading.com,Unknown
online.bankofamerica.com.beechhousecottage.co.uk,Unknown
online.bankaustria.at.sicher981099i.gdn,Unknown
online.bankaustria.at.id981086i.gdn,Unknown
online.bankaustria.at.id909927.top,Unknown
online.bankaustria.at.id909923.top,Unknown
online.bankaustria.at.id909922.top,Unknown
online.bank0famerican.corn.auth-user.login-token-valid.0000.0.000.0.00.0000.00.0-accent.login-acct.overview.jiyemeradesh.com,Unknown
online.aria-web.com,Unknown
online.americanexpress.com.vikingsports.com,Unknown
online.americanexpress.com.myca.logon.us.action.sec3tunn.com,Unknown
online.americanexpress.com.myca.logon.us.action.logonhandler.request.type.logonhandler.robbinstechgroup.com.au,Unknown
online.additionalsimplerotationofexternalcampaingmodifications.stream,Unknown
online-tsb-bank.dota-peru.com,Unknown
online-service-tax-return-arc.krunts.ml,Unknown
online-paypal-com-verify-account-information.realsolutionssusa.com,Unknown
online-paypal-com-verify-account-information.homeserviceaccountusa.com,Unknown
online-income-tax-service.wirlip.ml,Unknown
online-chase.com.monicamargolis.com,Unknown
online-capitalone-verify-my-account-information.crindomyselfusa.com,Unknown
online-banking.mobile.go.mambanetworksolutions.com,Unknown
online-american-express-verify-account-information.wwwmarkandlaurieme.com,Unknown
online-24soft.checker-web.com,Unknown
onkelzrockradio.loyaltytoolbar.com,Unknown
onimg.chivasbeer.com,Unknown
oniineservice.wellsfargo.com.drkierabuchanan.com.au,Unknown
oniag.igg.biz,Unknown
ongediertebestrijding.midholland.nl,Unknown
ongakudo.agarizaki.jp,Unknown
oneview.llt-local.com,Unknown
onetraining.cns.com.vu,Unknown
onedrive.thissideupdesigns.com,Unknown
onedrive.shalomsingles.co.ke,Unknown
onedrive.fitobellcosmetics.com,Unknown
onedocument-sharedsecured.ec-wts.com,Unknown
one.wing138.info,Unknown
one.plrcontentplusblog.com,Unknown
one.inadem.gob.mx,Unknown
one.ifis.today,Unknown
one.123counters.com,Unknown
onderagent.southernmarylandpopupweddings.com,Unknown
onda14radio.myradiotoolbar.com,Unknown
on.rucl.ru,Unknown
on.maxspeedcdn.com,Unknown
on-line.connection.violet.la,Unknown
omucwhzljevthqe98trp.viomil.ro,Unknown
ompc.ourchurchtoolbar.com,Unknown
oml.syghide.org,Unknown
omghwykesc.centde.com,Unknown
omer.l4n.org,Unknown
omegatv.myradiotoolbar.com,Unknown
omc.marketone.kz,Unknown
omaewazoya.siteme.org,Unknown
om.mygofer.com,Unknown
olskswdg.pieforme.com,Unknown
olqjiftdoq.stqsrwtle4.madpendesign.com.au,Unknown
ologetcn.zeigtsichimweb.de,Unknown
oliwia.iskierka.org,Unknown
olivia.vyudu.tech,Unknown
oldsite.n-s.com,Unknown
oldsite.jandrautorepair.com,Unknown
oldschool.runescape.com-q.us,Unknown
oldrleov.impregnable.net,Unknown
olddown.sdhhsy.cn,Unknown
oldcomputer.forumtoolbar.com,Unknown
oldarrack.trustedrebels.agency,Unknown
old.zeroenergyco.com,Unknown
old.yesmeskin.co.kr,Unknown
old.tvolimedia.ru,Unknown
old.tsg-upravdom.ru,Unknown
old.tiffanyamberhenson.com,Unknown
old.sysplex.pl,Unknown
old.strommarnas.se,Unknown
old.sega.org.mk,Unknown
old.roselectro.ru,Unknown
old.primariatulcea.ro,Unknown
old.norsec.kz,Unknown
old.klinika-kostka.com,Unknown
old.hhrsks.com,Unknown
old.gkinfotechs.com,Unknown
old.forwart.ru,Unknown
old.durchgegorene-weine.de,Unknown
old.decani.ru,Unknown
old.am-aliance.ru,Unknown
old.47-region.ru,Unknown
olcroceindhoven.mylibrarytoolbar.com,Unknown
ol7mpyv9avinq4litdv0.maherstcottage.com.au,Unknown
okumusinfo.myfamilytoolbar.com,Unknown
okulpfws3jczwkpr7806.viomil.ro,Unknown
oktober.i3c.pl,Unknown
okp.defy.pro,Unknown
oknothoh0gvxxlzgfvvl.mafe.edu.co,Unknown
oklahomaconnections.myblogtoolbar.com,Unknown
okg8gimbac.bradul.creatory.org,Unknown
ok.vectorgame.ru,Unknown
ok.summersholland.net,Unknown
ojmekzw4mujvqeju.bioserv.at,Unknown
ojenzyme.co.vu,Unknown
oj.likewut.net,Unknown
oitcbw.my-age.net,Unknown
ois.jenszackrisson.se,Unknown
oin.valuead.com,Unknown
oiloftro-admirantisque.net-gen.uk,Unknown
oilfield-services-factoring.freelandcustom.com,Unknown
oi0nr3xrr3.sdte10dmm8s4l.icu,Unknown
ohly.jdypf.com,Unknown
ohfgs.jandrheatingandcooling.com,Unknown
ohfaxtzzgetrberhiwjp.ahdaaf.org,Unknown
ogjby.tyjcva.gq,Unknown
ofs.ezdownloadpro.info,Unknown
ofjn.saqibsiddiqui.com,Unknown
ofice.idol-s.com,Unknown
offthechart.myradiotoolbar.com,Unknown
offset-kolor.kalisz.pl,Unknown
offline.dyd-pascal.com,Unknown
offiz.filmshoster.xyz,Unknown
officesecurity.premiumsecuritygroup.com,Unknown
officeon.ch.ma,Unknown
officecityinc.joaorodrigo.com.br,Unknown
office365.planetfur.net,Unknown
office365.login.microsoftonline.com.boffic.com,Unknown
office365.login.dimensions-labs.com,Unknown
office.servervalid.us,Unknown
office.ratiss.org,Unknown
office.parakaro.co.jp,Unknown
office.panasocin.com,Unknown
office.ontimedatasolutions.com,Unknown
office.nkvd.pro,Unknown
office.logiciel-france.com,Unknown
office.intelvh.us,Unknown
office.devatsu.top,Unknown
office.com.authentocate.argamode.id,Unknown
office.aicisteel.com,Unknown
offertaformativa.innovationgym.org,Unknown
offers.whenu.com,Unknown
offers.slwpath.co.uk,Unknown
offers.memedia.com,Unknown
offers.bullseye-network.com,Unknown
offer002.dimplexx.net,Unknown
offer.sisterstrouble.fun,Unknown
offer.dimplexx.net,Unknown
offended.feenode.net,Unknown
off.hellopritty.com,Unknown
off.afrachap.ir,Unknown
off.2012new.biz.platwo.com,Unknown
ofertas.ricardo-eletro.goodfinedining.com,Unknown
ofertas.localizaruncelular.org,Unknown
ofertas.comparadentistas.com,Unknown
oferta.watra.com.pl,Unknown
ofdxyvfa.leiquan.me,Unknown
oeu5ezyexldrgfxg6ysp.maherstcottage.com.au,Unknown
oepot.anitaagent.site,Unknown
oentertainmentgroup.myradiotoolbar.com,Unknown
oekywbvljj.centde.com,Unknown
oehknf74ohqlfnpq9rhfgcq93g.hateflux.com,Unknown
odxny.byinter.net,Unknown
odnazlns.leiquan.me,Unknown
odin.himinbi.org,Unknown
odin.goo.mx,Unknown
odd.learnhacking.net,Unknown
odcec.roma.it,Unknown
ocvkirse.igloorefrigeration.com,Unknown
octone.igg.biz,Unknown
october.awebsiteonline.com,Unknown
octaviorubio.axul.net,Unknown
ocs1.nack.co,Unknown
ocjgrdfv.leiquan.me,Unknown
ocick.frost-electric-supply.com,Unknown
ocicat-nu.mailsystem.se,Unknown
ochrona.siudalski.pl,Unknown
ochrona.chron-telefon.com,Unknown
ocgwvzfk.leiquan.me,Unknown
oceangate.parkhomes.vn,Unknown
ocdn.ks-ekspert.pl,Unknown
occipitocervical.zaara.name,Unknown
oc.internetdocss.com,Unknown
obzvon.vsmilenko.com,Unknown
obfd5.frenchddyjbq.site,Unknown
obereagujnr.hosters.xyz,Unknown
oawoo.frenchgerlemanelectric.com,Unknown
oauthmembre.isrt.pw,Unknown
oauth.statushunt.tk,Unknown
oauth.demskigroup.com,Unknown
oasis.projects.com,Unknown
oascentral.seattleuncovered.com,Unknown
oascentral.ppg.us.trader.com,Unknown
oascentral.managingautomation.com,Unknown
oas.vtsgonline.com,Unknown
oapsa.tourstogo.us,Unknown
oamtn2psig.centde.com,Unknown
oampa.csheaven.com,Unknown
oaktree.katehuntwebdesign.com,Unknown
oakso.tourstogo.us,Unknown
oaabehskdf.centde.com,Unknown
oa.tihome.com.cn,Unknown
oa.pelagicmall.com.cn,Unknown
oa.neolink.com.cn,Unknown
oa.kingsbase.com,Unknown
oa.chabc.net,Unknown
oa.58lz.com,Unknown
o8abmrwyx0.centde.com,Unknown
o6cdvwy3.atpcobranca.top,Unknown
o5jbzpoanw.bradul.creatory.org,Unknown
o4tjkmmczx.centde.com,Unknown
o4dm3.leaama.at,Unknown
o20j8uo62vc2wmf.lazega.ru,Unknown
o0-er3.cashixirbozdur.com,Unknown
o.zeroredirect.com,Unknown
o.storepm.com,Unknown
o.platerxtfgnjvsj.site,Unknown
o.gweini.com,Unknown
o.fu.arverwave.ru,Unknown
o.didiwl.com,Unknown
o.2.didiwl.com,Unknown
o.1.didiwl.com,Unknown
o-teen-glasses-sex.osc.pl,Unknown
o-sex-with-rubber-gloves.osc.pl,Unknown
o-sex-spy-glasses.osc.pl,Unknown
o-latex-gloves-sex.osc.pl,Unknown
o-gloves-sex.osc.pl,Unknown
o-glasses-sex.osc.pl,Unknown
o-glasses-sex-young.osc.pl,Unknown
o-glasses-on-with-oral-sex.osc.pl,Unknown
o-glasses-mature-sex.osc.pl,Unknown
o-giving-glasses-oral-sex.osc.pl,Unknown
o-corset-sex.osc.pl,Unknown
o-corset-sex-video.osc.pl,Unknown
nzwvzdlw.searching-for-joy.com,Unknown
nztzkd0nhz.centde.com,Unknown
nzboayvjbl4uutxoztku.alfacomercial.com.br,Unknown
nz.dilmah.com,Unknown
nyq.mycitytoolbar.com,Unknown
nyord.kayotex.net,Unknown
nydy.stampedconcretedallas.net,Unknown
ny.feelingeffect.bid,Unknown
ny.contentmatch.net,Unknown
nxo43oec70.lrdavjagraon.com,Unknown
nxjhtsjw.sygfysp.xyz,Unknown
nwqjlyp48g.centde.com,Unknown
nwaghtr.anchorhmo.com,Unknown
nwa.jfkaircouriercargo.com,Unknown
nvuzktntrwkonboccdpu.littlematchagirl.com.au,Unknown
nuwfupot.iglooclearance.com,Unknown
nuvisiongraphx.mystoretoolbar.com,Unknown
nutyuss.rentersinsurancehome.com,Unknown
nutyuss.presbyterianstay.com,Unknown
nutritionforafrica.co.zw,Unknown
nutrition.mystoretoolbar.com,Unknown
nuru.viadiarte.com,Unknown
nurfian.ukmforum.com,Unknown
nuovouss.schizophreniapatient.com,Unknown
nuovou.gihealthrecord.net,Unknown
nuovou.centralheatingandcooling.info,Unknown
nuovo.shaolinsoccer.it,Unknown
number.vxshopping.com,Unknown
null.ikhost.com,Unknown
nuj.sdsjweb.com,Unknown
nugrind.on-4.com,Unknown
nuevo.napolestapatiofc.mx,Unknown
nueva.baixbowling.com,Unknown
nue.t.dodovip.com,Unknown
nudes.bare.org,Unknown
nude.screensaver.sms13.de,Unknown
nubia.ucgalleries.com,Unknown
nu-vurbica.schoolbg.info,Unknown
nttdocomo-service.co19.kr,Unknown
ntp.sysip.net,Unknown
ntg.spinbox.net,Unknown
nt47xb.rg.ro,Unknown
nss.aresgame.info,Unknown
nsprscom.loyaltytoolbar.com,Unknown
nsosgkxs.danielphalen.com,Unknown
nsis.bisrv.com,Unknown
nsdaili.addbyidc.com.cdn6118.hnpet.net,Unknown
nsc.dayswithsunrays.com,Unknown
nsb.quixjoumnf.com,Unknown
nsa.goodwesummer.com,Unknown
ns8.0pendns.org,Unknown
ns7.statisticsmanager.com,Unknown
ns513726.ip-192-99-148.net,Unknown
ns501776.ip-192-99-46.net,Unknown
ns5.onlywarez.org,Unknown
ns4.xxx-server.biz,Unknown
ns4.registryupdate.com,Unknown
ns4.indianserverhosting.com,Unknown
ns349488.ip-91-121-112.eu,Unknown
ns3.winxdefender.com,Unknown
ns3.registrysupport.com,Unknown
ns3.ishosting.net,Unknown
ns3.indianserverhosting.com,Unknown
ns3.elro.net,Unknown
ns2.zon3.org,Unknown
ns2.xxx-server.biz,Unknown
ns2.wowservers.ru,Unknown
ns2.winxdefender.com,Unknown
ns2.webwise.org,Unknown
ns2.webss.ru,Unknown
ns2.warez4u.info,Unknown
ns2.vcardhost.com,Unknown
ns2.tubescollection.com,Unknown
ns2.traffic-update.com,Unknown
ns2.time2rally.com,Unknown
ns2.systemerror2.com,Unknown
ns2.superwebsearch.com,Unknown
ns2.superman0x58.com,Unknown
ns2.spysheriff.com,Unknown
ns2.spy-sheriff.com,Unknown
ns2.sitegoz.com,Unknown
ns2.sexpornhost.com,Unknown
ns2.restorefix.com,Unknown
ns2.registryupdate.com,Unknown
ns2.qusra.net,Unknown
ns2.peerates.ws,Unknown
ns2.palitra.net,Unknown
ns2.oluwacloudserve.org,Unknown
ns2.oix.net,Unknown
ns2.oix.com,Unknown
ns2.northbill.com,Unknown
ns2.ngggnjggngggnlggmiggnnggnjggidggngggmjgg.ijmlajjg.urielcallum.com,Unknown
ns2.msktele.com,Unknown
ns2.microsoftlab.ir,Unknown
ns2.malwarealarm.com,Unknown
ns2.home-anti-virus-2010.com,Unknown
ns2.helpfixpc.com,Unknown
ns2.hdpdf.com,Unknown
ns2.get-filezzz.com,Unknown
ns2.freepublicdns.com,Unknown
ns2.elro.net,Unknown
ns2.earntalk.com,Unknown
ns2.e-investhost.com,Unknown
ns2.ded.com,Unknown
ns2.celebrityonline.us,Unknown
ns2.celebritymovie.us,Unknown
ns2.celebflix.us,Unknown
ns2.buyusedrvforsale.com,Unknown
ns2.buyusedboatsforsale.com,Unknown
ns2.aprotectiongear.com,Unknown
ns2.adultns.net,Unknown
ns2.a7lasora.com,Unknown
ns2.425mb.com,Unknown
ns2.0pendns.org,Unknown
ns18.egoe.net,Unknown
ns15.dreamsinthesun.com,Unknown
ns103.kaspersky.host,Unknown
ns102.kaspersky.host,Unknown
ns1.zonderzegel.be,Unknown
ns1.zon3.org,Unknown
ns1.wowservers.ru,Unknown
ns1.winxdefender.com,Unknown
ns1.webwise.org,Unknown
ns1.webss.ru,Unknown
ns1.weblook.in,Unknown
ns1.webifly.in,Unknown
ns1.warez4u.info,Unknown
ns1.updatesdns.org,Unknown
ns1.traffic-update.com,Unknown
ns1.teleteria.com,Unknown
ns1.svshosting.nl,Unknown
ns1.superwebsearch.com,Unknown
ns1.spysheriff.com,Unknown
ns1.spy-sheriff.com,Unknown
ns1.sexpornhost.com,Unknown
ns1.robohost.mobi,Unknown
ns1.quixjoumnf.com,Unknown
ns1.peerates.ws,Unknown
ns1.onlywarez.org,Unknown
ns1.oix.net,Unknown
ns1.northbill.com,Unknown
ns1.nokiadns.com,Unknown
ns1.netskyn.net,Unknown
ns1.mp3sale.ru,Unknown
ns1.microsoftlab.ir,Unknown
ns1.metacount.com,Unknown
ns1.malwarealarm.com,Unknown
ns1.madeinserverwick.club,Unknown
ns1.lighthost.com,Unknown
ns1.lalk.ru,Unknown
ns1.home-anti-virus-2010.com,Unknown
ns1.hdpdf.com,Unknown
ns1.goofull.com,Unknown
ns1.goodwesummer.com,Unknown
ns1.get-filezzz.com,Unknown
ns1.geekstechnicalsupport.com,Unknown
ns1.fatdit.com,Unknown
ns1.fastfixgeeks.com,Unknown
ns1.ezmailpro.com,Unknown
ns1.ebsb.ru,Unknown
ns1.earntalk.com,Unknown
ns1.e-commfactory.com,Unknown
ns1.dompawn.de,Unknown
ns1.dnsuptime.com,Unknown
ns1.dnsfor0.com,Unknown
ns1.dnsbox20.com,Unknown
ns1.chillywebs.com,Unknown
ns1.celebsbase.com,Unknown
ns1.celebritymovie.us,Unknown
ns1.celebrityinpose.com,Unknown
ns1.celebrity-post.com,Unknown
ns1.celebflix.us,Unknown
ns1.celeb-nudes.us,Unknown
ns1.buyusedrvforsale.com,Unknown
ns1.buyusedboatsforsale.com,Unknown
ns1.biglevel.com,Unknown
ns1.americanwebhost.net,Unknown
ns1.amd-support.com,Unknown
ns1.allindia.org.in,Unknown
ns1.adultns.net,Unknown
ns1.abingerdale.com,Unknown
ns1.299host.net,Unknown
ns1.0pendns.org,Unknown
ns0.quixjoumnf.com,Unknown
ns0.iimco.net,Unknown
ns0.goofull.com,Unknown
ns.xxx-server.biz,Unknown
ns.westkent.com,Unknown
ns.trafficredlight.net,Unknown
ns.sellingsource.com,Unknown
ns.risecash.com,Unknown
ns.progettostudio.it,Unknown
ns.medienlabor-shopserver.de,Unknown
ns.dotbit.me,Unknown
ns.digifoto.ee,Unknown
ns.dgrainbow.com,Unknown
ns.ccsoy.com,Unknown
nrzipx86.myblogtoolbar.com,Unknown
nrwnq.jump-your-bones.com,Unknown
nqyerolb.innovation-lifecycle.com,Unknown
nqwd.qugouwu521.com,Unknown
nqqa19hwez.bradul.creatory.org,Unknown
nq8ghytabn.centde.com,Unknown
npfrh.768535328.cn,Unknown
npaneer.iguardianerp.co.in,Unknown
nowy.darmedicus.org,Unknown
nowversion.yoursummertimegreatcontents.download,Unknown
nowversion.yoursummertimegreatcontents.date,Unknown
nowversion.yoursummertimegreatcontents.bid,Unknown
nowversion.yoursummertimegreatcontent.win,Unknown
nowversion.yoursummertimegreatcontent.stream,Unknown
nowversion.yoursummertimegreatcontent.download,Unknown
nowversion.yoursummertimegreatcontent.date,Unknown
nowversion.yoursummertimegreatcontent.bid,Unknown
nowversion.yoursummertime-greatcontents.stream,Unknown
nowversion.yoursummertime-greatcontents.review,Unknown
nowversion.yoursummertime-greatcontents.date,Unknown
nowversion.yoursummertime-greatcontent.trade,Unknown
nowversion.yoursummertime-greatcontent.stream,Unknown
nowversion.yoursummertime-greatcontent.review,Unknown
nowversion.yoursummertime-greatcontent.download,Unknown
nowversion.yoursetforsafestubs.icu,Unknown
nowversion.yoursetforsafestub.icu,Unknown
nowversion.yourset4safestubs.icu,Unknown
nowversion.yourset4safestub.icu,Unknown
nowversion.yourreadyforsafestubs.icu,Unknown
nowversion.yourreadyforsafestub.icu,Unknown
nowversion.yourready4safestubs.icu,Unknown
nowversion.yourready4safestub.icu,Unknown
nowversion.yourprepareforsafestubs.icu,Unknown
nowversion.yourprepareforsafestub.icu,Unknown
nowversion.yourprepare4safestubs.icu,Unknown
nowversion.yourprepare4safestub.icu,Unknown
nowversion.thecentersite2getcontentfree.icu,Unknown
nowversion.thecentersite2getcontent.icu,Unknown
nowversion.thecentersite-getcontentnow.icu,Unknown
nowversion.thecentersite-getcontentnew.icu,Unknown
nowversion.thecentersite-getcontent.icu,Unknown
nowversion.safetogetnewupdating.xyz,Unknown
nowversion.centersitetoclickcontent.icu,Unknown
nowversion.centersite-clickcontentnew.icu,Unknown
nowversion.centersite-clickcontentfree.icu,Unknown
nowversion.centersite-clickcontent.icu,Unknown
nowuptime.yourbestgameplaces.win,Unknown
nowuptime.yourbestgameplaces.trade,Unknown
nowuptime.yourbestgameplaces.stream,Unknown
nowuptime.yourbestgameplaces.date,Unknown
nowuptime.yourbestgameplaces.bid,Unknown
nowuptime.yourbestgameplace.win,Unknown
nowuptime.yourbestgameplace.trade,Unknown
nowuptime.yourbestgameplace.stream,Unknown
nowuptime.yourbestgameplace.review,Unknown
nowuptime.yourbestgameplace.download,Unknown
nowuptime.yourbestgameplace.date,Unknown
nowuptime.yourbestgameplace.bid,Unknown
nowuptime.thesitetorunvideoperfect.xyz,Unknown
nowuptime.thesitetorunvideoperfect.icu,Unknown
nowuptime.thefreetogetcontentingstable.icu,Unknown
nowuptime.thealwaysbetterupgradesbuddy.win,Unknown
nowuptime.thealwaysbetterupgradesbuddy.download,Unknown
nowuptime.thealwaysbetterupgradesbuddy.bid,Unknown
nowuptime.site2runvideoperfect.icu,Unknown
nowuptime.site2runingvideoperfect.xyz,Unknown
nowuptime.site2runingvideoperfect.icu,Unknown
nowuptime.safe4searches.stream,Unknown
nowuptime.safe4search.win,Unknown
nowuptime.safe4search.download,Unknown
nowuptime.media-centralfreetocontentsafe.bid,Unknown
nowuptime.fastandgrearforupdatecontentsnow.icu,Unknown
nowuptime.fastandgrearforupdatecontentsnew.icu,Unknown
nowuptime.fastandgrearforupdatecontentscenter.icu,Unknown
nowuptime.fastandgrearforupdatecontentnew.icu,Unknown
nowuptime.fastandgrearforupdatecontentingnow.icu,Unknown
nowuptime.fastandgrearforupdatecontentingcenter.icu,Unknown
nowupdate4free.thefreetogetcontentstable.icu,Unknown
nowupdate4free.thefreetogetcontentsstable.icu,Unknown
nowupdate4free.thefreetogetcontentingstable.icu,Unknown
nowupdate4free.thebigandalwaysfree4updates.stream,Unknown
nowupdate4free.newalways15984523.club,Unknown
nowupdate4free.goodperfectreliableostocontent.icu,Unknown
nowupdate4free.goodperfectreliableosforcontents.icu,Unknown
nowupdate4free.goodperfectreliableoscontent.icu,Unknown
nowupdate4free.goodperfectreliableos4contents.icu,Unknown
nowupdate4free.centerhubforcontents.icu,Unknown
nowupdate4free.biggerandlongerforupdating.bid,Unknown
nowupdate4free.biggerandlongerforupdates.win,Unknown
nowupdate4free.biggerandlongerforupdate.bid,Unknown
nowup.yourbroadstableupgrading.xyz,Unknown
nowup.yourbroadstableupgrading.icu,Unknown
nowup.yourbroadstableupgrades.xyz,Unknown
nowup.yourbroadstableupgrades.icu,Unknown
nowup.yourbroadstableupgrade.xyz,Unknown
nowup.yourbroadstableupgrade.icu,Unknown
nowup.thebroadstableupgrading.xyz,Unknown
nowup.thebroadstableupgrading.icu,Unknown
nowup.thebroadstableupgrades.xyz,Unknown
nowup.thebroadstableupgrades.icu,Unknown
nowup.thebroadstableupgrade.xyz,Unknown
nowup.thebroadstableupgrade.icu,Unknown
nowup.searchbest2upgrading.win,Unknown
nowup.searchbest2upgrading.stream,Unknown
nowup.searchbest2upgrading.download,Unknown
nowup.searchbest2upgrading.date,Unknown
nowup.searchbest2upgrades.win,Unknown
nowup.searchbest2upgrades.review,Unknown
nowup.searchbest2upgrades.download,Unknown
nowup.searchbest2upgrade.win,Unknown
nowup.searchbest2upgrade.trade,Unknown
nowup.searchbest2upgrade.stream,Unknown
nowup.searchbest2upgrade.review,Unknown
nowup.noteupgradesafesystem4setnow.pw,Unknown
nowup.noteupgradesafesystem4setnow.download,Unknown
nowup.newalways195687.bid,Unknown
nowup.freeofchargecontents.date,Unknown
nowup.freeofchargecontent.trade,Unknown
nowup.freeofchargecontent.date,Unknown
nowup.freeofcharge-content.win,Unknown
nowup.freeofcharge-content.review,Unknown
nowup.freeofcharge-content.date,Unknown
nowup.broadstableupgradingnew.xyz,Unknown
nowup.broadstableupgradingnew.icu,Unknown
nowup.broadstableupgrading.xyz,Unknown
nowup.broadstableupgrading.icu,Unknown
nowup.broadstableupgradesnew.xyz,Unknown
nowup.broadstableupgradesnew.icu,Unknown
nowup.broadstableupgrades.xyz,Unknown
nowup.broadstableupgrades.icu,Unknown
nowup.broadstableupgradenew.xyz,Unknown
nowup.broadstableupgradenew.icu,Unknown
nowup.broadstableupgrade.xyz,Unknown
nowup.broadstableupgrade.icu,Unknown
nowtestpc.yourbestandfreeupgrade.icu,Unknown
nowtestpc.thebestandfreeupgradingnow.icu,Unknown
nowtestpc.thebestandfreeupgradesnow.icu,Unknown
nowtestpc.thebestandfreeupgrades.icu,Unknown
nowtestpc.thebestandfreeupgradenow.icu,Unknown
nowtestpc.systemyouwilleverneedforupgrades.review,Unknown
nowtestpc.stable2updates.stream,Unknown
nowtestpc.stable2update.win,Unknown
nowtestpc.stable2update.review,Unknown
nowtestpc.stable2update.bid,Unknown
nowtestpc.creationoflinkstestartsystemconfigurations4easyacessofcontent.review,Unknown
nowtestpc.bettersiteofcontentsite.icu,Unknown
nowtestpc.bettersite4contentsite.icu,Unknown
nowsetup.yourgreatsitetofindcontentnew.icu,Unknown
nowsetup.yourgreatsite-findcontentnow.icu,Unknown
nowsetup.yourgreatsite-findcontentnew.icu,Unknown
nowsetup.yourgreatsite-findcontent.icu,Unknown
nowsetup.yourfastestsitesnetstable.xyz,Unknown
nowsetup.yourfastestsitesnetstable.icu,Unknown
nowsetup.yourfastestsitenetstable.xyz,Unknown
nowsetup.yourfastestsitenetstable.icu,Unknown
nowsetup.yourfastestsiteingnetstable.xyz,Unknown
nowsetup.yourfastestsiteingnetstable.icu,Unknown
nowsetup.yourbroadstablecontentsbest.xyz,Unknown
nowsetup.yourbroadstablecontentsbest.icu,Unknown
nowsetup.yourbroadstablecontentingbest.xyz,Unknown
nowsetup.yourbroadstablecontentingbest.icu,Unknown
nowsetup.yourbroadstablecontentbest.xyz,Unknown
nowsetup.yourbroadstablecontentbest.icu,Unknown
nowsetup.thesetforgreatapps.icu,Unknown
nowsetup.thesetforgreatapp.host,Unknown
nowsetup.theset4greatapps.icu,Unknown
nowsetup.theset4greatapps.host,Unknown
nowsetup.theset4greatapp.icu,Unknown
nowsetup.theset4greatapp.host,Unknown
nowsetup.thereadyforgreatapps.icu,Unknown
nowsetup.thereadyforgreatapps.host,Unknown
nowsetup.thereadyforgreatapp.icu,Unknown
nowsetup.thereadyforgreatapp.host,Unknown
nowsetup.theready4greatapps.icu,Unknown
nowsetup.theready4greatapps.host,Unknown
nowsetup.theready4greatapp.icu,Unknown
nowsetup.theready4greatapp.host,Unknown
nowsetup.theprepareforgreatapps.host,Unknown
nowsetup.theprepare4greatapps.icu,Unknown
nowsetup.theprepare4greatapp.icu,Unknown
nowsetup.theprepare4greatapp.host,Unknown
nowsetup.thefastestsitesnetstable.xyz,Unknown
nowsetup.thefastestsitesnetstable.icu,Unknown
nowsetup.thefastestsitenetstable.xyz,Unknown
nowsetup.thefastestsitenetstable.icu,Unknown
nowsetup.thefastestsiteingnetstable.xyz,Unknown
nowsetup.thefastestsiteingnetstable.icu,Unknown
nowsetup.thebroadstablecontentsbest.xyz,Unknown
nowsetup.thebroadstablecontentsbest.icu,Unknown
nowsetup.thebroadstablecontentingbest.xyz,Unknown
nowsetup.thebroadstablecontentingbest.icu,Unknown
nowsetup.thebroadstablecontentbest.xyz,Unknown
nowsetup.thebroadstablecontentbest.icu,Unknown
nowsetup.fastestsitesnetstable.xyz,Unknown
nowsetup.fastestsitesnetstable.icu,Unknown
nowsetup.fastestsitesnetfreestable.xyz,Unknown
nowsetup.fastestsitesnetfreestable.icu,Unknown
nowsetup.fastestsitenetstable.xyz,Unknown
nowsetup.fastestsitenetstable.icu,Unknown
nowsetup.fastestsitenetfreestable.xyz,Unknown
nowsetup.fastestsitenetfreestable.icu,Unknown
nowsetup.fastestsiteingnetstable.xyz,Unknown
nowsetup.fastestsiteingnetstable.icu,Unknown
nowsetup.fastestsiteingnetfreestable.xyz,Unknown
nowsetup.fastestsiteingnetfreestable.icu,Unknown
nowsetup.broadstablecontentsnewbest.xyz,Unknown
nowsetup.broadstablecontentsnewbest.icu,Unknown
nowsetup.broadstablecontentsbest.xyz,Unknown
nowsetup.broadstablecontentsbest.icu,Unknown
nowsetup.broadstablecontentnewbest.xyz,Unknown
nowsetup.broadstablecontentnewbest.icu,Unknown
nowsetup.broadstablecontentingnewbest.xyz,Unknown
nowsetup.broadstablecontentingnewbest.icu,Unknown
nowsetup.broadstablecontentingbest.xyz,Unknown
nowsetup.broadstablecontentingbest.icu,Unknown
nowsetup.broadstablecontentbest.xyz,Unknown
nowsetup.broadstablecontentbest.icu,Unknown
nowinstallupgrade.yourbroadstablecontentsgreat.xyz,Unknown
nowinstallupgrade.yourbroadstablecontentsgreat.icu,Unknown
nowinstallupgrade.yourbroadstablecontentinggreat.xyz,Unknown
nowinstallupgrade.yourbroadstablecontentinggreat.icu,Unknown
nowinstallupgrade.yourbroadstablecontentgreat.xyz,Unknown
nowinstallupgrade.yourbroadstablecontentgreat.icu,Unknown
nowinstallupgrade.theperfectupdatesforeveryone.host,Unknown
nowinstallupgrade.theperfectupdatesforall.xyz,Unknown
nowinstallupgrade.theperfectupdatesforall.host,Unknown
nowinstallupgrade.theperfectupdates4all.xyz,Unknown
nowinstallupgrade.theperfectupdates4all.host,Unknown
nowinstallupgrade.theperfectupdateforeveryone.host,Unknown
nowinstallupgrade.theperfectstableserviceforupdate.xyz,Unknown
nowinstallupgrade.thefreshvideotoupgrades.bid,Unknown
nowinstallupgrade.thefreshvideotoupgrade.download,Unknown
nowinstallupgrade.thefreshvideotoupgrade.bid,Unknown
nowinstallupgrade.thebroadsystemsforupdating.xyz,Unknown
nowinstallupgrade.thebroadsystemsforupdating.icu,Unknown
nowinstallupgrade.thebroadsystemsforupdates.icu,Unknown
nowinstallupgrade.thebroadsystemsforupdate.xyz,Unknown
nowinstallupgrade.thebroadsystemsforupdate.icu,Unknown
nowinstallupgrade.thebroadsystems4updating.xyz,Unknown
nowinstallupgrade.thebroadsystems4updating.icu,Unknown
nowinstallupgrade.thebroadsystems4updates.xyz,Unknown
nowinstallupgrade.thebroadsystems4updates.icu,Unknown
nowinstallupgrade.thebroadsystems4update.xyz,Unknown
nowinstallupgrade.thebroadsystems4update.icu,Unknown
nowinstallupgrade.thebroadstablecontentsgreat.xyz,Unknown
nowinstallupgrade.thebroadstablecontentsgreat.icu,Unknown
nowinstallupgrade.thebroadstablecontentinggreat.xyz,Unknown
nowinstallupgrade.thebroadstablecontentinggreat.icu,Unknown
nowinstallupgrade.thebroadstablecontentgreat.xyz,Unknown
nowinstallupgrade.thebroadstablecontentgreat.icu,Unknown
nowinstallupgrade.thebeststreamingspotforyourmachinealways.date,Unknown
nowinstallupgrade.thebeststreamingspotformacpctoday.win,Unknown
nowinstallupgrade.thebeststreamingspotformacpctoday.date,Unknown
nowinstallupgrade.goodcentralupdatingall.download,Unknown
nowinstallupgrade.goodcentralupdatesall.win,Unknown
nowinstallupgrade.goodcentralupdatesall.stream,Unknown
nowinstallupgrade.goodcentralupdatesall.bid,Unknown
nowinstallupgrade.goodcentralupdateall.download,Unknown
nowinstallupgrade.goodcentralupdateall.date,Unknown
nowinstallupgrade.getgreatandsecurecontentstable.icu,Unknown
nowinstallupgrade.getgreatandsecurecontentsstable.icu,Unknown
nowinstallupgrade.getgreatandsecurecontentsfree.icu,Unknown
nowinstallupgrade.getgreatandsecurecontents.icu,Unknown
nowinstallupgrade.getgreatandsecurecontentingstable.icu,Unknown
nowinstallupgrade.getgreatandsecurecontentingfree.icu,Unknown
nowinstallupgrade.getgreatandsecurecontenting.icu,Unknown
nowinstallupgrade.getgreatandsecurecontentfree.icu,Unknown
nowinstallupgrade.getgreatandsecurecontent.icu,Unknown
nowinstallupgrade.freshtrafficupdating.review,Unknown
nowinstallupgrade.freebestgameplace.trade,Unknown
nowinstallupgrade.freebestgameplace.stream,Unknown
nowinstallupgrade.freebestgameplace.download,Unknown
nowinstallupgrade.freebestgameplace.bid,Unknown
nowinstallupgrade.freeandstablecontenting.icu,Unknown
nowinstallupgrade.fastandgrear4upgradecontentsnow.icu,Unknown
nowinstallupgrade.fastandgrear4upgradecontentsnew.icu,Unknown
nowinstallupgrade.fastandgrear4upgradecontentscenter.icu,Unknown
nowinstallupgrade.broadsystemsforupdating.xyz,Unknown
nowinstallupgrade.broadsystemsforupdating.icu,Unknown
nowinstallupgrade.broadsystemsforupdates.xyz,Unknown
nowinstallupgrade.broadsystemsforupdates.icu,Unknown
nowinstallupgrade.broadsystemsforupdate.xyz,Unknown
nowinstallupgrade.broadsystemsforupdate.icu,Unknown
nowinstallupgrade.broadsystems4updating.xyz,Unknown
nowinstallupgrade.broadsystems4updating.icu,Unknown
nowinstallupgrade.broadsystems4updates.xyz,Unknown
nowinstallupgrade.broadsystems4updates.icu,Unknown
nowinstallupgrade.broadsystems4update.xyz,Unknown
nowinstallupgrade.broadsystems4update.icu,Unknown
nowinstallupgrade.broadstablecontentsnewgreat.xyz,Unknown
nowinstallupgrade.broadstablecontentsnewgreat.icu,Unknown
nowinstallupgrade.broadstablecontentsgreat.xyz,Unknown
nowinstallupgrade.broadstablecontentsgreat.icu,Unknown
nowinstallupgrade.broadstablecontentnewgreat.xyz,Unknown
nowinstallupgrade.broadstablecontentnewgreat.icu,Unknown
nowinstallupgrade.broadstablecontentingnewgreat.xyz,Unknown
nowinstallupgrade.broadstablecontentingnewgreat.icu,Unknown
nowinstallupgrade.broadstablecontentinggreat.xyz,Unknown
nowinstallupgrade.broadstablecontentinggreat.icu,Unknown
nowinstallupgrade.broadstablecontentgreat.xyz,Unknown
nowherestationtoolbar.myradiotoolbar.com,Unknown
nowhere.180solutions.com,Unknown
nowgetsoft.yoursetforgoodapps.icu,Unknown
nowgetsoft.yourset4goodapps.icu,Unknown
nowgetsoft.yourreadyforgoodapp.icu,Unknown
nowgetsoft.yourready4goodapps.icu,Unknown
nowgetsoft.yourready4goodapp.icu,Unknown
nowgetsoft.yourprepareforgoodapps.icu,Unknown
nowgetsoft.yourprepareforgoodapp.icu,Unknown
nowgetsoft.yourprepare4goodapps.icu,Unknown
nowgetsoft.yourprepare4goodapp.icu,Unknown
nowgetsoft.thebettersiteforfindcontent.icu,Unknown
nowgetsoft.stablesite-clickupdatenow.icu,Unknown
nowgetsoft.readygreatupdate.download,Unknown
nowgetsoft.goodtheperfectstableoslink.icu,Unknown
nowgetsoft.goodperfectstableostolinks.icu,Unknown
nowgetsoft.goodperfectstableoslink.icu,Unknown
nowgetsoft.friendlysystemforupgrading.win,Unknown
nowgetsoft.friendlysystemforupgrades.stream,Unknown
nowgetsoft.bettersiteforfindcontents.icu,Unknown
nowgetsoft.bettersite4findcontent.icu,Unknown
nowcheck.yourstablewebsiteforcontentsnow.icu,Unknown
nowcheck.thereadysystemsforsites.xyz,Unknown
nowcheck.thereadysystemsforsites.icu,Unknown
nowcheck.thereadysystemsforsiteing.icu,Unknown
nowcheck.thereadysystemsforsite.icu,Unknown
nowcheck.thereadysystems4sites.icu,Unknown
nowcheck.thereadysystems4siteing.icu,Unknown
nowcheck.thereadysystems4site.icu,Unknown
nowcheck.readysystemsforsites.icu,Unknown
nowcheck.readysystemsforsiteing.icu,Unknown
nowcheck.readysystemsforsite.icu,Unknown
nowcheck.readysystems4sites.icu,Unknown
nowcheck.readysystems4siteing.icu,Unknown
nowcheck.readysystems4site.icu,Unknown
nowcheck.fastandgrearforupdatecontentsnow.icu,Unknown
nowcheck.fastandgrearforupdatecontentsnew.icu,Unknown
nowcheck.fastandgrearforupdatecontentscenter.icu,Unknown
nowcheck.fastandgrearforupdatecontentingnow.icu,Unknown
novosite.alvisimoveis.com.br,Unknown
novoparts.mystoretoolbar.com,Unknown
novoib5.7comm.com.br,Unknown
novogrelhaco.grelhaco.com,Unknown
novo.revistapilates.com.br,Unknown
novel.umn.fun,Unknown
nova.realmedia.fr,Unknown
notification.986707193.update.wellsfargo.com.frem.com,Unknown
notification.915783217.update.wellsfargo.com.frem.com,Unknown
notification.8993362987.update.wellsfargo.com.frem.com,Unknown
notification.8562211830.update.wellsfargo.com.frem.com,Unknown
notification.8333403012.update.wellsfargo.com.frem.com,Unknown
notification.8042881813.update.wellsfargo.com.frem.com,Unknown
notification.7901059204.update.wellsfargo.com.frem.com,Unknown
notification.7536718020.update.wellsfargo.com.frem.com,Unknown
notification.750135176.update.wellsfargo.com.frem.com,Unknown
notification.6569000347.update.wellsfargo.com.frem.com,Unknown
notification.6373320254.update.wellsfargo.com.frem.com,Unknown
notification.6103667940.update.wellsfargo.com.frem.com,Unknown
notification.560826347.update.wellsfargo.com.frem.com,Unknown
notification.5439146239.update.wellsfargo.com.frem.com,Unknown
notification.4518643657.update.wellsfargo.com.frem.com,Unknown
notification.4189076901.update.wellsfargo.com.frem.com,Unknown
notification.4045837468.update.wellsfargo.com.frem.com,Unknown
notification.3807292944.update.wellsfargo.com.frem.com,Unknown
notification.2986620448.update.wellsfargo.com.frem.com,Unknown
notification.2940915377.update.wellsfargo.com.frem.com,Unknown
notification.290867502.update.wellsfargo.com.frem.com,Unknown
notification.2653201588.update.wellsfargo.com.frem.com,Unknown
notification.2380026836.update.wellsfargo.com.frem.com,Unknown
notification.2208617691.update.wellsfargo.com.frem.com,Unknown
notification.2157622173.update.wellsfargo.com.frem.com,Unknown
notification.2155265287.update.wellsfargo.com.frem.com,Unknown
notification.2059867442.update.wellsfargo.com.frem.com,Unknown
notification.1986593315.update.wellsfargo.com.frem.com,Unknown
notification.1813876947.update.wellsfargo.com.frem.com,Unknown
notification.1768880442.update.wellsfargo.com.frem.com,Unknown
notification.1569613088.update.wellsfargo.com.frem.com,Unknown
notification-control-fb.com.urazlife.com.tr,Unknown
noticebusiness.co.vu,Unknown
notice-updatedeviuce.managehelplim.com,Unknown
notice-payment.invoiceappconfirmation.com,Unknown
nothy.mytowntoolbar.com,Unknown
noteupgrade.yourbestfreeforupdaters.pro,Unknown
noteupgrade.thestablewebsite4contentsperfect.icu,Unknown
noteupgrade.stableserviceforupdate.icu,Unknown
noteupgrade.safe4searching.download,Unknown
noteupgrade.safe4searching.bid,Unknown
noteupgrade.safe4searches.review,Unknown
noteupgrade.safe4searches.bid,Unknown
noteupgrade.safe4search.stream,Unknown
noteupgrade.bigupdatesforall.icu,Unknown
noteupgrade.bigupdates4all.icu,Unknown
noteupgrade.bigupdateforall.icu,Unknown
noteupgrade.bestsourceofcontentforeveryone.xyz,Unknown
notes.town.tillsonburg.on.ca,Unknown
notes.egytag.com,Unknown
notepad.todownload.com,Unknown
notarius.kharkiv.ua,Unknown
notafiscaleletronica.dunorterefrigagecaoltdax01.co,Unknown
nostalgiccarhire.auz.com,Unknown
noshmimmizrahit.myforumtoolbar.com,Unknown
nos.etudfrance.com,Unknown
norwegian.ircfast.com,Unknown
nortystore.mystoretoolbar.com,Unknown
nortontc.org.zw,Unknown
norton.windlap.net,Unknown
norton.installantivirus.us,Unknown
norton-support.installantivirus.us,Unknown
norton-help.installantivirus.us,Unknown
norton-antivirus.ojolink.fr,Unknown
northbaysearchenginenorthbayradio.media-toolbar.com,Unknown
norman-malware-cleaner.ojolink.fr,Unknown
norilsknettoolbar.mytowntoolbar.com,Unknown
norefresh.thesst.com,Unknown
noqbtmuqkep.merelyright.gdn,Unknown
noot.chancecarpenter.com,Unknown
nonsi.csheaven.com,Unknown
noncache.youtubedownloader.guru,Unknown
nonamedns.blockcha1n.info,Unknown
non.kqeinc.com,Unknown
noman123.viralgalleries.me,Unknown
nokia-n95.smartovik.ru,Unknown
nokia-n82.smartovik.ru,Unknown
nokia-n73.smartovik.ru,Unknown
nokia-e50.smartovik.ru,Unknown
nokia-6500.smartovik.ru,Unknown
nokia-6300.smartovik.ru,Unknown
nokia-6233.smartovik.ru,Unknown
nokia-5800.smartovik.ru,Unknown
nokia-5310.smartovik.ru,Unknown
nokia-5230.smartovik.ru,Unknown
nokia-2700.smartovik.ru,Unknown
noissapm.divadeva.ws,Unknown
nohohon.myblogtoolbar.com,Unknown
noerrebrogade45.hostedbyaju.com,Unknown
nod32.msdwnld.com,Unknown
nod32-antivirus.ojolink.fr,Unknown
nobody.will.know.whoami.la,Unknown
noahsamazing.mytowntoolbar.com,Unknown
noah.reddion.com,Unknown
noadware.repairandsecure.com,Unknown
noadware.onwww.net,Unknown
noadware.good-2-go.com,Unknown
no4.kanriweb.com,Unknown
no3m7nblnvhstxevfqrd.maherstcottage.com.au,Unknown
no.tenerifedining.com,Unknown
nntp.netzsheriff.de,Unknown
nnsearch.qsrch.com,Unknown
nnrtsdf34dsjhb23rsdf.spannflow.com,Unknown
nnmcoil.media-toolbar.com,Unknown
nnm.asidzexbus.xyz,Unknown
nn54djhfnrnm4dnjnerfsd.replylaten.at,Unknown
nn.gxidc.com,Unknown
nms.aab.cz,Unknown
nmgessp9fqgvtsjgifzb.mbservicesyorkshire.co.uk,Unknown
nmgessp9fqgvtsjgifzb.bosch-web-marketing.co.uk,Unknown
nlock.checking.sms.wfmobile.info,Unknown
nl4.f-h.in,Unknown
nl1.fastandroid.download,Unknown
nl.webfaceapp.info,Unknown
nl.web-cdn.kz,Unknown
nl.inncdn.com,Unknown
nl.goofull.com,Unknown
nl.flipcapella.com,Unknown
nl.errorsafe.com,Unknown
nl.defy.pro,Unknown
nk4pfm03ba.centde.com,Unknown
njuaiiwd.leiquan.me,Unknown
njtgsd.attackthethrone.com,Unknown
nj0l2b.sa063.com,Unknown
nizhny-novgorod.telemagazin24.ru,Unknown
nitemarerecordsonline.media-toolbar.com,Unknown
nipournicontre.myradiotoolbar.com,Unknown
nintoucha.matinkimiaco.com,Unknown
ningboexpatassociation.mycitytoolbar.com,Unknown
ninetygrime.kolegajualan.com,Unknown
nimonerys.myblogtoolbar.com,Unknown
nikon.nicolettejanssen.com,Unknown
niknet.mytowntoolbar.com,Unknown
nijs.mmdnv.be,Unknown
nihonsuki.korigengi.net,Unknown
night.owlintermedia.com,Unknown
nig.fezbonvic.info,Unknown
nieuw.melpa.nl,Unknown
nielonlinetoolbar.mylibrarytoolbar.com,Unknown
nicheshopping.wizncali.com,Unknown
niceteen.ucgalleries.com,Unknown
nicepic.ucgalleries.com,Unknown
niceoffer.myblogtoolbar.com,Unknown
nicehash.posthash.org,Unknown
nice-hack.gid.pw,Unknown
nhyna.ciptainfo.com,Unknown
nhkdiscounts.mystoretoolbar.com,Unknown
nhb.ucgalleries.com,Unknown
nhakhoa.saigonagency.com,Unknown
ngme.yourwebfind.com,Unknown
ngme.drwhox.com,Unknown
ngme.babypin.net,Unknown
ngm2.expo58.cz,Unknown
nginx.cdngf.com,Unknown
ngggnjggngggnlggmiggnnggnjggidggngggmjgg.ijmlajok.ochefort.com,Unknown
ngcnk79p1e.centde.com,Unknown
ng.usagc.org,Unknown
ng.themarketbaby.com,Unknown
ng.marketallone.com,Unknown
nfzcbhip.sygfysp.xyz,Unknown
nfwnwute.danielphalen.com,Unknown
nfshungary.co.hu,Unknown
nfflbar.media-toolbar.com,Unknown
next.parakaro.co.jp,Unknown
next.91xiaba.com,Unknown
nexi-portale-titolari-online-verifica-identita-e-aggiornament.czechrailwaytickets.co.uk,Unknown
newyork.myradiotoolbar.com,Unknown
newware16.jtkf120.com,Unknown
newware10.craa-club.com,Unknown
newversionupdate.yourfastestsitesnetstable.icu,Unknown
newversionupdate.yourfastestsitenetstable.xyz,Unknown
newversionupdate.yourfastestsitenetstable.icu,Unknown
newversionupdate.yourfastestsiteingnetstable.xyz,Unknown
newversionupdate.yourfastestsiteingnetstable.icu,Unknown
newversionupdate.thefastestsitesnetstable.xyz,Unknown
newversionupdate.thefastestsitesnetstable.icu,Unknown
newversionupdate.thefastestsitenetstable.icu,Unknown
newversionupdate.thefastestsiteingnetstable.xyz,Unknown
newversionupdate.thebigandsyavleupgradesnow.top,Unknown
newversionupdate.stable4upgrading.download,Unknown
newversionupdate.stable4upgrading.bid,Unknown
newversionupdate.stable4upgrades.stream,Unknown
newversionupdate.stable4upgrades.review,Unknown
newversionupdate.stable4upgrade.review,Unknown
newversionupdate.installupgradenowsafesystem4nowset.download,Unknown
newversionupdate.getsoftnow59563.download,Unknown
newversionupdate.getsoftnow59563.bid,Unknown
newversionupdate.fastestsitesnetstable.xyz,Unknown
newversionupdate.fastestsitesnetstable.icu,Unknown
newversionupdate.fastestsitesnetfreestable.xyz,Unknown
newversionupdate.fastestsitesnetfreestable.icu,Unknown
newversionupdate.fastestsitenetstable.xyz,Unknown
newversionupdate.fastestsitenetstable.icu,Unknown
newversionupdate.fastestsitenetfreestable.xyz,Unknown
newversionupdate.fastestsitenetfreestable.icu,Unknown
newversionupdate.fastestsiteingnetstable.xyz,Unknown
newversionupdate.fastestsiteingnetstable.icu,Unknown
newversionupdate.fastestsiteingnetfreestable.xyz,Unknown
newversionupdate.fastestsiteingnetfreestable.icu,Unknown
newversionupdate.enterbestforupdating.stream,Unknown
newversionupdate.enterbestforupdating.download,Unknown
newupgradesystem.yourperfectstablesystemtocontents.icu,Unknown
newupgradesystem.yourperfectstablesystem2content.icu,Unknown
newupgradesystem.upgradesafesystemset4now.club,Unknown
newupgradesystem.setupupgrade4892315.download,Unknown
newupdates.lzio.com,Unknown
newupdate.yoursecondbestplace4contents.trade,Unknown
newupdate.yoursecondbestplace4contents.bid,Unknown
newupdate.yoursecondbestplace-4contents.win,Unknown
newupdate.yoursecondbestplace-4contents.date,Unknown
newupdate.yoursecondbestplace-4content.download,Unknown
newupdate.yourbettercontentsbuddy.review,Unknown
newupdate.yourbettercontentbuddy.stream,Unknown
newupdate.thestablelinktogetupdate.xyz,Unknown
newupdate.thestableforgreatcontentnow.icu,Unknown
newupdate.thestableforgreatcontentnew.icu,Unknown
newupdate.thestableforgreatcontentingnow.icu,Unknown
newupdate.thefreelinktogetupdate.xyz,Unknown
newupdate.thebigandsaferforupgrades.win,Unknown
newupdate.thebigandsaferforupgrade.win,Unknown
newupdate.thebigandsaferforupgrade.bid,Unknown
newupdate.preparevideosafesystemset4now.club,Unknown
newupdate.allroundsystemupdates.bid,Unknown
newupdate.allroundsystemupdate.win,Unknown
newupdate.allroundsystemupdate.trade,Unknown
newupdate.allroundsystemupdate.stream,Unknown
newupdate.allroundsystemupdate.review,Unknown
newupdate.allroundsystemupdate.download,Unknown
newupdate.allroundsystemupdate.date,Unknown
newupdate.allroundsystemupdate.bid,Unknown
newupdate.allroundsystem-update.win,Unknown
newupdate.allroundsystem-update.review,Unknown
newupdate.allroundsystem-update.date,Unknown
newupdate.allroundsystem-update.bid,Unknown
newton.co.zw,Unknown
newtogo.airobotheworld.com,Unknown
newtest4pc.yourbestever4updatingbuddy.download,Unknown
newtest4pc.upgradecheck12safesystemset4now.club,Unknown
newtest4pc.thesitetorunvideobetter.icu,Unknown
newtest4pc.thesitetoplayandsavebig.xyz,Unknown
newtest4pc.thesitetoplayandsavebig.icu,Unknown
newtest4pc.thesiteforrunvideobetter.icu,Unknown
newtest4pc.thesiteforplayandsavebig.xyz,Unknown
newtest4pc.thesiteforplayandsavebig.icu,Unknown
newtest4pc.thesite4playandsavebig.xyz,Unknown
newtest4pc.thesite4playandsavebig.icu,Unknown
newtest4pc.thesite2runvideobetter.icu,Unknown
newtest4pc.thesite2playandsavebig.xyz,Unknown
newtest4pc.thegreatsite2findcontentnow.icu,Unknown
newtest4pc.thegreatsite2findcontent.icu,Unknown
newtest4pc.thegreatsite-findcontentnew.icu,Unknown
newtest4pc.thegreatsite-findcontentfree.icu,Unknown
newtest4pc.sitetoplayingandsavebig.xyz,Unknown
newtest4pc.sitetoplayingandsavebig.icu,Unknown
newtest4pc.sitetoplayandsavebig.xyz,Unknown
newtest4pc.sitetoplayandsavebig.icu,Unknown
newtest4pc.siteforplayingandsavebig.xyz,Unknown
newtest4pc.siteforplayingandsavebig.icu,Unknown
newtest4pc.siteforplayandsavebig.xyz,Unknown
newtest4pc.siteforplayandsavebig.icu,Unknown
newtest4pc.site4playingandsavebig.xyz,Unknown
newtest4pc.site4playingandsavebig.icu,Unknown
newtest4pc.site4playandsavebig.xyz,Unknown
newtest4pc.site4playandsavebig.icu,Unknown
newtest4pc.site2playingandsavebig.xyz,Unknown
newtest4pc.site2playingandsavebig.icu,Unknown
newtest4pc.site2playandsavebig.xyz,Unknown
newtest4pc.site2playandsavebig.icu,Unknown
newtest4pc.freesystem-contents.win,Unknown
newtest4pc.freesystem-contents.stream,Unknown
newtest4pc.freesystem-contents.review,Unknown
newtest4pc.freesystem-content.trade,Unknown
newtest4pc.freesystem-content.stream,Unknown
newtest4pc.freesystem-content.bid,Unknown
newsp10qdo.dedefererer3r3e3r.cn,Unknown
newsoftready.thesafeandfineupdating.pro,Unknown
newsoftready.thesafeandfineupdate.bid,Unknown
newsoftready.space4updates.bid,Unknown
newsoftready.greatupdates4all.icu,Unknown
newsoftready.greatupdateforeveryone.xyz,Unknown
newsoftready.greatupdate4everyone.xyz,Unknown
newsoftready.greatupdate4all.icu,Unknown
newsoftready.greatstableserviceforupdate.xyz,Unknown
newsoftready.fastandgrearforupgradecontentsnow.icu,Unknown
newsoftready.fastandgrearforupgradecontentingnew.icu,Unknown
newsoftready.fastandgrearforupgradecontenting.icu,Unknown
newsoftready.fastandgrearforupgradecontentcenter.icu,Unknown
newsoftready.allthebestcontentsfree.download,Unknown
newsoftready.allthebestcontents-free.win,Unknown
newsoftready.allthebestcontents-free.trade,Unknown
newsoftready.allthebestcontents-free.stream,Unknown
newsoftready.allthebestcontents-free.review,Unknown
newsoftready.allthebestcontents-free.download,Unknown
newsoftready.allthebestcontents-free.date,Unknown
newsoftready.allthebestcontentfree.review,Unknown
newsoftready.allthebestcontentfree.bid,Unknown
newsoftready.allthebestcontent-free.win,Unknown
newsoftready.allthebestcontent-free.review,Unknown
newsoftready.allsteadysystemforupgrading.win,Unknown
newsoftready.allsteadysystemforupgrading.review,Unknown
newsoftready.allsteadysystemforupgrading.date,Unknown
newsoftready.allsteadysystemforupgrades.win,Unknown
newsoftready.allsteadysystemforupgrades.stream,Unknown
newsoftready.allsteadysystemforupgrades.date,Unknown
newsoftready.allsteadysystemforupgrade.stream,Unknown
newsoftready.allsteadysystemforupgrade.bid,Unknown
newsoft2update.yourgoodplaceforgetcontentsfree.icu,Unknown
newsoft2update.yourgoodplace4getcontentfree.icu,Unknown
newsoft2update.yourbetterplaceforgetcontentsfree.icu,Unknown
newsoft2update.yourbetterplaceforgetcontentfree.icu,Unknown
newsoft2update.thegoodplaceforgetcontentsfree.icu,Unknown
newsoft2update.thegoodplaceforgetcontentfree.icu,Unknown
newsoft2update.thegoodplace4getcontentfree.icu,Unknown
newsoft2update.thegoodandcleanflashupgrades.xyz,Unknown
newsoft2update.thegoodandcleanflashupgrades.icu,Unknown
newsoft2update.thegoodandcleanflashupgrade.xyz,Unknown
newsoft2update.thegoodandcleanflashupgrade.icu,Unknown
newsoft2update.thegoodandcleanflashupdates.xyz,Unknown
newsoft2update.thegoodandcleanflashupdates.icu,Unknown
newsoft2update.thegoodandcleanflashupdate.xyz,Unknown
newsoft2update.thegoodandcleanflashupdate.icu,Unknown
newsoft2update.thegoodandcleanflash.xyz,Unknown
newsoft2update.thegoodandcleanflash.icu,Unknown
newsoft2update.thebetterplaceforgetcontentfree.icu,Unknown
newsoft2update.thebetterplace4getcontentsfree.icu,Unknown
newsoft2update.thebetterplace4getcontentfree.icu,Unknown
newsoft2update.safetraffic4upgrading.review,Unknown
newsoft2update.legalwebsitetofindcontentfree.icu,Unknown
newsoft2update.legalwebsite-findcontent.icu,Unknown
newsoft2update.goodplaceforgetcontentfree.icu,Unknown
newsoft2update.goodplace4getcontentsfree.icu,Unknown
newsoft2update.goodandcleanflashupgrades.xyz,Unknown
newsoft2update.goodandcleanflashupgrades.icu,Unknown
newsoft2update.goodandcleanflashupgrade.xyz,Unknown
newsoft2update.goodandcleanflashupgrade.icu,Unknown
newsoft2update.goodandcleanflashupdates.xyz,Unknown
newsoft2update.goodandcleanflashupdates.icu,Unknown
newsoft2update.goodandcleanflashupdate.xyz,Unknown
newsoft2update.goodandcleanflashupdate.icu,Unknown
newsoft2update.goodandcleanflash.xyz,Unknown
newsoft2update.goodandcleanflash.icu,Unknown
newsoft2update.betterplaceforgetcontentsfree.icu,Unknown
newsoft2update.betterplaceforgetcontentfree.icu,Unknown
newsoft2update.bestmainlystable4contentnow.icu,Unknown
newsoft2update.bestmainlystable4contentingnew.icu,Unknown
newsoft2update.bestmainlystable4contentinglast.icu,Unknown
newsoft2update.allbestcontent-services.bid,Unknown
newsoft2update.allbestcontent-servicenew.trade,Unknown
newsoft2update.allbestcontent-servicenew.date,Unknown
newsoft24.yourstablewebsiteforcontentsnow.icu,Unknown
newsoft24.yourstablewebsiteforcontents.icu,Unknown
newsoft24.yourcentralspaceforcontentsgood.icu,Unknown
newsoft24.videosearchingspace2updates.stream,Unknown
newsoft24.videosearchingspace2update.download,Unknown
newsoft24.updatefunhousenow.icu,Unknown
newsoft24.updatefunhousenew.icu,Unknown
newsoft24.updatefun-housenow.icu,Unknown
newsoft24.updatefun-housefree.club,Unknown
newsoft24.thealways2aptituding.win,Unknown
newsoft24.thealways2aptituding.stream,Unknown
newsoft24.thealways2aptituding.review,Unknown
newsoft24.thealways2aptitude.win,Unknown
newsoft24.thealways2aptitude.download,Unknown
newsoft24.media-centralfree4contentsafe.download,Unknown
newsoft24.freesystemcontents.trade,Unknown
newsoft24.freesystemcontents.review,Unknown
newsoft24.freesystemcontents.date,Unknown
newsoft24.freesystemcontents.bid,Unknown
newsoft24.freesystemcontent.win,Unknown
newsoft24.freesystem-contents.stream,Unknown
newsoft24.freesystem-contents.review,Unknown
newsoft24.freesystem-content.trade,Unknown
newsoft24.freesystem-content.download,Unknown
newsoft24.freesystem-content.bid,Unknown
newsoft24.checksoft146132.top,Unknown
newsoft24.bestsources-4yourtrafficonanyoperatingsystemtoday.review,Unknown
newsoft12.yourplaceonthenetupgradingnew.icu,Unknown
newsoft12.yourgoodplaceforgetcontentsforever.icu,Unknown
newsoft12.yourgoodplaceforgetcontentforever.icu,Unknown
newsoft12.yourgoodplace4getcontentforever.icu,Unknown
newsoft12.yourbigandgoodfreeupgradingnew.date,Unknown
newsoft12.yourbestplace4getcontentsfree.icu,Unknown
newsoft12.thetimetogetlinks.icu,Unknown
newsoft12.thegoodplace4getcontentsforever.icu,Unknown
newsoft12.thegoodplace4getcontentforever.icu,Unknown
newsoft12.thebestplaceforgetcontentsfree.icu,Unknown
newsoft12.thebestplace4getcontentsfree.icu,Unknown
newsoft12.thebestplace4getcontentfree.icu,Unknown
newsoft12.nextflashplayerupdate4mac.win,Unknown
newsoft12.mainplaceonthenetupgradenew.icu,Unknown
newsoft12.havinggreatamazingupdtallthetime.stream,Unknown
newsoft12.havinggreatamazingupdtallthetime.bid,Unknown
newsoft12.goodplaceforgetcontentsforever.icu,Unknown
newsoft12.goodplaceforgetcontentforever.icu,Unknown
newsoft12.bestplaceforgetcontentsfree.icu,Unknown
newsoft12.bestplaceforgetcontentfree.icu,Unknown
newsmile.fonicweb.com,Unknown
newsletter.trangtienplaza.vn,Unknown
newsletter.allesraubkatze.de,Unknown
newskyspace.newskyspaces.com,Unknown
newsite.safuture.ca,Unknown
newsite.iscapp.com,Unknown
newsforyou.thewhizmarket.co,Unknown
news20158.co.vu,Unknown
news.zlook.com,Unknown
news.vuer.net,Unknown
news.realtimenews.tk,Unknown
news.realnewstime.xyz,Unknown
news.r-tb.com,Unknown
news.pseka.net,Unknown
news.palette69.com,Unknown
news.nero-us.com,Unknown
news.nero-emea.com,Unknown
news.meetheseer.tk,Unknown
news.lwinmoenaing.me,Unknown
news.kabelforum.info,Unknown
news.graboid.com,Unknown
news.eggdomain.net,Unknown
news.digirook.com,Unknown
news.betchannel.gr,Unknown
news-24.com.bd,Unknown
newpictures.com.dropdocs.org,Unknown
newmarket1.kk874.com,Unknown
newmarket.kk874.com,Unknown
newliveupdate.yourbroadstableupgrading.xyz,Unknown
newliveupdate.yourbroadstableupgrading.icu,Unknown
newliveupdate.yourbroadstableupgrades.icu,Unknown
newliveupdate.yourbroadstableupgrade.xyz,Unknown
newliveupdate.yourbroadstableupgrade.icu,Unknown
newliveupdate.thesetforgreatapp.host,Unknown
newliveupdate.theset4greatapps.icu,Unknown
newliveupdate.theset4greatapps.host,Unknown
newliveupdate.theset4greatapp.icu,Unknown
newliveupdate.theset4greatapp.host,Unknown
newliveupdate.thereadyforgreatapps.icu,Unknown
newliveupdate.thereadyforgreatapps.host,Unknown
newliveupdate.thereadyforgreatapp.icu,Unknown
newliveupdate.theready4greatapp.host,Unknown
newliveupdate.theprepareforgreatapps.icu,Unknown
newliveupdate.theprepareforgreatapp.icu,Unknown
newliveupdate.theprepare4greatapp.icu,Unknown
newliveupdate.themainplacetogetgoodcontents.stream,Unknown
newliveupdate.themainplacetogetgoodcontents.review,Unknown
newliveupdate.themainplacetogetgoodcontentnow.review,Unknown
newliveupdate.themainplacetogetgoodcontentnow.date,Unknown
newliveupdate.themainplacetogetgoodcontenting.win,Unknown
newliveupdate.themainplacetogetgoodcontent.bid,Unknown
newliveupdate.thegreatandsafewayscontents.icu,Unknown
newliveupdate.thebroadstableupgrading.icu,Unknown
newliveupdate.thebroadstableupgrades.xyz,Unknown
newliveupdate.thebroadstableupgrades.icu,Unknown
newliveupdate.thebroadstableupgrade.icu,Unknown
newliveupdate.thebigandsafer4updating.download,Unknown
newliveupdate.thebigandsafer4updating.bid,Unknown
newliveupdate.thebigandsafer4updates.win,Unknown
newliveupdate.thebigandsafer4update.download,Unknown
newliveupdate.mainwebsitetogetcontentnew.icu,Unknown
newliveupdate.mainwebsitetogetcontentfree.icu,Unknown
newliveupdate.mainwebsitetogetcontent.icu,Unknown
newliveupdate.mainwebsite2getcontentfree.icu,Unknown
newliveupdate.mainwebsite-getcontentnow.icu,Unknown
newliveupdate.mainwebsite-getcontentnew.icu,Unknown
newliveupdate.mainwebsite-getcontent.icu,Unknown
newliveupdate.greatandsafewaystocontents.icu,Unknown
newliveupdate.greatandsafewaystocontent.icu,Unknown
newliveupdate.greatandsafewayscontents.icu,Unknown
newliveupdate.goodwaysystem4contents.icu,Unknown
newliveupdate.goodwaysystem4content.icu,Unknown
newliveupdate.goodroundupdating.pw,Unknown
newliveupdate.goodperfectreliableostocontent.icu,Unknown
newliveupdate.goodperfectreliableosforcontent.icu,Unknown
newliveupdate.goodperfectreliableoscontents.icu,Unknown
newliveupdate.goodperfectreliableoscontent.icu,Unknown
newliveupdate.fat2updating.bid,Unknown
newliveupdate.broadstableupgradingnew.xyz,Unknown
newliveupdate.broadstableupgradingnew.icu,Unknown
newliveupdate.broadstableupgrading.xyz,Unknown
newliveupdate.broadstableupgrading.icu,Unknown
newliveupdate.broadstableupgradesnew.xyz,Unknown
newliveupdate.broadstableupgradesnew.icu,Unknown
newliveupdate.broadstableupgrades.xyz,Unknown
newliveupdate.broadstableupgrades.icu,Unknown
newliveupdate.broadstableupgradenew.xyz,Unknown
newliveupdate.broadstableupgradenew.icu,Unknown
newliveupdate.broadstableupgrade.xyz,Unknown
newliveupdate.broadstableupgrade.icu,Unknown
newliveupdate.allroundsystemupdating.win,Unknown
newliveupdate.allroundsystemupdating.trade,Unknown
newliveupdate.allroundsystemupdating.review,Unknown
newliveupdate.allroundsystemupdating.download,Unknown
newliveupdate.allroundsystemupdating.date,Unknown
newliveupdate.allroundsystemupdating.bid,Unknown
newliveupdate.allroundsystemupdates.win,Unknown
newliveupdate.allroundsystemupdates.trade,Unknown
newliveupdate.allroundsystemupdates.stream,Unknown
newliveupdate.allroundsystemupdates.review,Unknown
newliveupdate.allroundsystemupdates.download,Unknown
newliveupdate.allroundsystemupdate.win,Unknown
newliveupdate.allroundsystemupdate.trade,Unknown
newliveupdate.allroundsystemupdate.stream,Unknown
newliveupdate.allroundsystemupdate.review,Unknown
newliveupdate.allroundsystemupdate.download,Unknown
newliveupdate.allroundsystemupdate.date,Unknown
newliveupdate.allroundsystemupdate.bid,Unknown
newliveupdate.allroundsystem-update.win,Unknown
newliveupdate.allroundsystem-update.trade,Unknown
newliveupdate.allroundsystem-update.stream,Unknown
newliveupdate.allroundsystem-update.date,Unknown
newliveupdate.allroundsystem-update.bid,Unknown
newenglandcollegeofoptometrylibrary.mylibrarytoolbar.com,Unknown
newdesign.well.pk,Unknown
newdesign.jigaweda.com,Unknown
newdarkcomet.daniel2you.com,Unknown
newbudget.westsideindro.com,Unknown
newbrowse.livehelper.com,Unknown
newbest.us.pn,Unknown
newalways.yourstableforgreatcontentscenter.icu,Unknown
newalways.yourstableforgreatcontentnow.icu,Unknown
newalways.yoursafest2searches.review,Unknown
newalways.yoursafest2search.stream,Unknown
newalways.yoursafest2search.download,Unknown
newalways.thesettoreliablesofts.xyz,Unknown
newalways.thesettoreliablesoft.xyz,Unknown
newalways.thesettoreliablesoft.icu,Unknown
newalways.theset2reliablesofts.xyz,Unknown
newalways.thesearchallbesttoupdates.win,Unknown
newalways.thereadytoreliablesofts.xyz,Unknown
newalways.thereadytoreliablesofts.icu,Unknown
newalways.thereadytoreliablesoft.icu,Unknown
newalways.theready2reliablesofts.xyz,Unknown
newalways.theready2reliablesofts.icu,Unknown
newalways.theready2reliablesoft.icu,Unknown
newalways.thepreparetoreliablesofts.xyz,Unknown
newalways.thepreparetoreliablesoft.xyz,Unknown
newalways.thepreparetoreliablesoft.icu,Unknown
newalways.theprepare2reliablesofts.xyz,Unknown
newalways.theprepare2reliablesoft.icu,Unknown
newalways.thebigandsaferupgrading.win,Unknown
newalways.thebigandsaferupgrades.stream,Unknown
newalways.thebigandsaferupgrade.win,Unknown
newalways.thebigandsaferupgrade.stream,Unknown
newalways.thebigandsaferupgrade.bid,Unknown
newalways.thebestcontent4yourmachinetoday.stream,Unknown
newalways.thebestcontent4yourmachinethismonth.date,Unknown
newalways.thebestcontent4yourmachinenow.review,Unknown
newalways.thebestcontent4yourmachine.stream,Unknown
newalways.thebestcontent4yourmachine.bid,Unknown
newalways.securecontentnewly4everyone.date,Unknown
newalways.goodperfectstableostolinks.icu,Unknown
newalways.goodperfectstableoslink.icu,Unknown
newalways.goodperfectstableos4link.icu,Unknown
newalways.goodperfectstableos2link.icu,Unknown
newalways.alltimecontentservices.trade,Unknown
newalways.alltimecontentservicefree.stream,Unknown
newalways.alltimecontent-service.bid,Unknown
new2.aaomg.com,Unknown
new.zssmayak.ru,Unknown
new.yaoyuan.com,Unknown
new.xtinder.club,Unknown
new.wx518.net,Unknown
new.wilesassociates.com,Unknown
new.umeonline.it,Unknown
new.trafficsector.com,Unknown
new.titanik.fr,Unknown
new.sticknglide.info,Unknown
new.power-smart.com.au,Unknown
new.pigmentoazul.com,Unknown
new.mi-cool.com,Unknown
new.malyshok28.ru,Unknown
new.macartu.cn,Unknown
new.ibconsultants.net,Unknown
new.howtogetmedical420.biz,Unknown
new.hilarious.be,Unknown
new.gopetrom.com,Unknown
new.ferring.com.ar,Unknown
new.feits.co,Unknown
new.easyloans.com.hk,Unknown
new.dns-syn.com,Unknown
new.dastefano.no,Unknown
new.daochenglaw.com,Unknown
new.crossgroup.ru,Unknown
new.chokertraffic.com,Unknown
new.atomyk.net,Unknown
new.allfn.com,Unknown
new.alcisdom.com,Unknown
new.53museum.org,Unknown
new-vk.serulom.tk,Unknown
new-vk.myago.tk,Unknown
new-exhibitions.heckfordclients.co.uk,Unknown
neuronic.mycitytoolbar.com,Unknown
neuronbrand.digitology.info,Unknown
neu.sat-immobilien.de,Unknown
neu.hansmuennich.de.baugebiet-stadlhof.de,Unknown
networkstudio5.myblogtoolbar.com,Unknown
network14.maxifiles.com,Unknown
network.metavietnam.com,Unknown
network.act2win.com,Unknown
netwire.daniel2you.com,Unknown
netstorage.andminnows.tk,Unknown
netstar.mycitytoolbar.com,Unknown
netshaqcom.media-toolbar.com,Unknown
netscoop.media-toolbar.com,Unknown
netpanel-87-246-200-25.ar.akademiki.lublin.pl,Unknown
netpanel-87-246-198-113.umcs.akademiki.lublin.pl,Unknown
netimpactblogzinetv.media-toolbar.com,Unknown
netframework.pessoal.ws,Unknown
netflixusersupport.validate.safeguard0.paymentauth-netflix.com,Unknown
netflixusersupport.validate.safeguard0.netflix-updatebilling.com,Unknown
netflixusersupport.sysvalidate.safeguard.validatebilling42.com,Unknown
netflixusersupport.sysvalidate.safeguard.billing8-interweb.com,Unknown
netflixusersupport.sysvalidate.safeguard.billing-internet3.com,Unknown
netflix.netsafe.com.safeguard.key.387ib2.supportnetuser0.com,Unknown
netflix.netsafe.com.safeguard.key.2uh541.supportnetuser0.com,Unknown
netflix.billing-secure.info,Unknown
netflix.apple-green.net,Unknown
netflix.activate.authkey.286322.userprofileupdates.com,Unknown
netflix.activate.authkey.263631.userprofileupdates.com,Unknown
neteimeratesqwertyuioplkjhgfdsa1234zxcvbn567mnbvcxzlkj09876.blackdollz.co.uk,Unknown
netcomm.spinbox.net,Unknown
net3.net-downloads.com,Unknown
net2.net-downloads.com,Unknown
net.xibu315.com,Unknown
net.smokybonesbbq.com,Unknown
net.site-id.nl,Unknown
net.hitat.win,Unknown
net.glawgp.com,Unknown
net.cyber-stress.us,Unknown
nest.youwatch.org,Unknown
nerve.liquidplanes.review,Unknown
nero1.superhospedagem.com.br,Unknown
nero-11-crack-serial.ddlzone.com,Unknown
nero-10-crack-serial.ddlzone.com,Unknown
neobunny.myblogtoolbar.com,Unknown
nemdil.media-toolbar.com,Unknown
nema.media-toolbar.com,Unknown
nejacotge.utilblog.com,Unknown
nefib.tourstogo.us,Unknown
needudating.media-toolbar.com,Unknown
needenergy.co.zw,Unknown
neco.ucgalleries.com,Unknown
nebulaturkcom.myforumtoolbar.com,Unknown
nebula.isthebe.st,Unknown
neatappletech.readysetselfie.com,Unknown
ne-ne.snprobbx.pbz.r.de.a2ip.ru,Unknown
ndtv.internetdocss.com,Unknown
ndt.bumitech.org,Unknown
nd4.bluedome.net,Unknown
ncy.bxbgsc.com,Unknown
ncy.9pj8m.com,Unknown
ncy.198424.com,Unknown
ncsqb.saqibsiddiqui.com,Unknown
nckjt5pq2tdhbh9biczu.businessrulesanalysis.com,Unknown
ncjmw.saqibsiddiqui.com,Unknown
ncc.sex-explorer.com,Unknown
nc-dl.wdjcdn.com,Unknown
nc-apk.wdjcdn.com,Unknown
nbsapreview.nichebuildersite.com,Unknown
nb.dns-look-up.com,Unknown
naxer.vzpla.net,Unknown
nawikib.co.vu,Unknown
navitech.navitech.by,Unknown
navicat.sql.server.error.08001.errorwiki.org,Unknown
navi.seapost.gcmar.com,Unknown
naveensoni.bookmarkwap.tk,Unknown
naughtyexgirlfriends.ucgalleries.com,Unknown
natwestcustomerlogon.livebetterforever.co.uk,Unknown
natural.buckeyeenergyforum.com,Unknown
nationwide.co.uk.userset.net,Unknown
national.designscubix.com,Unknown
natg.intelladon.com,Unknown
nastybabes.ucgalleries.com,Unknown
nashlibrary.mylibrarytoolbar.com,Unknown
nasa.ekpaideusi.gr,Unknown
narrow.azenergyforum.com,Unknown
narpaninew.linuxuatwebspiders.com,Unknown
narco.somethingmoretotype.xyz,Unknown
narayanhathighschool.edu.bd,Unknown
naprirode.budetzdorovo.com,Unknown
napolisun.sism.org,Unknown
naor223.wm01.to,Unknown
nanvtyng.mixedbagent.com,Unknown
nanoz.pwnz.org,Unknown
nanotech.tiberius.pl,Unknown
nankiinfoikora.mytowntoolbar.com,Unknown
nanaimo.schoolpartners.ca,Unknown
name.bitcashin.com,Unknown
nailahafeez.goldendream.info,Unknown
nafeeskhan1.viralgalleries.me,Unknown
naering.asker.no,Unknown
nadiran.myblogtoolbar.com,Unknown
nabdefence-au-securesession-accountrestore.login9-secure.com,Unknown
nab.spiff.space,Unknown
na.wm85.com,Unknown
n339.asp-cc.com,Unknown
n31.propertiesofseyshellseden.com,Unknown
n2zzj.sa116.com,Unknown
n2f.plessis-volley92.com,Unknown
n123.kaijiaweishi.com,Unknown
n1.qqq8888888.top,Unknown
n07qhvig7soihfjpyrws.maherstcottage.com.au,Unknown
n07qhvig7soihfjpyrws.littlematchagirl.com.au,Unknown
n06p4.sa157.com,Unknown
n.zhgcuntif.ru,Unknown
n.zeroredirect.com,Unknown
n.yxntnyrap.ru,Unknown
n.vs108.com,Unknown
n.vbemnggcj.ru,Unknown
n.u2thenews.org,Unknown
n.pandre10.ru,Unknown
n.oceardpku.ru,Unknown
n.nottra.pw,Unknown
n.lotys.ru,Unknown
n.lomoni.be,Unknown
n.jupoofsnc.ru,Unknown
n.fastswitchnap.net,Unknown
n.ezjhyxxbf.ru,Unknown
n.etheos.site,Unknown
n.didiwl.com,Unknown
n.bxacg.com,Unknown
n.appcontent.stream,Unknown
n.aoyylwyxd.ru,Unknown
mzx.jjevil.com,Unknown
mz7oyb3v32vshcvk.toysworlds.at,Unknown
mz7oyb3v32vshcvk.tormidle.at,Unknown
mz7oyb3v32vshcvk.torapples.li,Unknown
mz7oyb3v32vshcvk.getstar.li,Unknown
mz7oyb3v32vshcvk.bidobject.li,Unknown
myvoicetxt-voice-mailportal.farodeesperanza.com.ec,Unknown
myvoiceoptimum-voicemailportalaccess.siammaps.net,Unknown
myud.cotesdefer.org,Unknown
myturbotax.intuit.comturbotax.radionovasc.com.br,Unknown
mytunes.mystoretoolbar.com,Unknown
mytronixcom.media-toolbar.com,Unknown
mytempikaccount.rondokgatel.halalinpunyasaya-ini.com,Unknown
mystuff.ucgalleries.com,Unknown
mystore.mystoretoolbar.com,Unknown
mysticalblades.mystoretoolbar.com,Unknown
mystical.mylibrarytoolbar.com,Unknown
myspaceproxy.propunk.com,Unknown
mysoftbank.uy.to,Unknown
mysmile.cdidentalplans.com,Unknown
mysiteiscool.myblogtoolbar.com,Unknown
myselfmade.myradiotoolbar.com,Unknown
mysecurity.paypal.com.webscr.paypalogin.accountinfocase.resolve.paypal.comsecure.connection.ppsecure.paypal.com.sea-likes.com,Unknown
mysearch.dropspam.com,Unknown
myradiorutoolbar.myradiotoolbar.com,Unknown
myquieroreggaeton.myradiotoolbar.com,Unknown
myproxy.1sthoster.com,Unknown
mypham3.bmt.city,Unknown
mypersonalweddingplanner.myforumtoolbar.com,Unknown
mypersonal.mycollegetoolbar.com,Unknown
mypaypal-account-service.oldrockytopmoonshine.com,Unknown
mypage-915530.mydj4.com,Unknown
myonlineparty.myradiotoolbar.com,Unknown
mymodule.waterfilter.in.ua,Unknown
mymatchphoto.augustagakappas.org,Unknown
myleskelic.mycitytoolbar.com,Unknown
myjunctioncity.mycitytoolbar.com,Unknown
myiii.saqibsiddiqui.com,Unknown
myiblog.myblogtoolbar.com,Unknown
myhelpers.redeportal.info,Unknown
myhavertown.mytowntoolbar.com,Unknown
myfurpet.mindsetofkings.com,Unknown
myfunsite.myfamilytoolbar.com,Unknown
myfile.qinlang.cn,Unknown
myfashion.nablogu.pl,Unknown
myetnerwallet.com.checkbalance.info,Unknown
myetherwalletverification.signmsg.work,Unknown
myetherwalletmessage.signauth.icu,Unknown
myetherrwallnet.mining24.info,Unknown
myemusicrevolution.myradiotoolbar.com,Unknown
mydown.xrzzk.com,Unknown
mydown.nszmz.com,Unknown
mydhlpackage.southtoch.com,Unknown
mycyc.myforumtoolbar.com,Unknown
mycoyscom.mytowntoolbar.com,Unknown
mychaseacc.yozannet.com,Unknown
mycatanzaro.mycitytoolbar.com,Unknown
mycanimcom.myteamtoolbar.com,Unknown
myblogsbar.myblogtoolbar.com,Unknown
mybest.or2.cloud,Unknown
myapps.web-account.recovery-email.security.wholeimport.com,Unknown
myappleid-application-processing-validateusername.lawofcriminaldefense.com,Unknown
myadmin.59north.com,Unknown
my206.myblogtoolbar.com,Unknown
my.wpssi.com,Unknown
my.sztljt.com,Unknown
my.systemsecure.org,Unknown
my.st21.ru,Unknown
my.safeappsoftware.com,Unknown
my.pcsecurityshield.com,Unknown
my.offerbox.io,Unknown
my.iconadserver.com,Unknown
my.housequotesnow.com,Unknown
my.hersp.com,Unknown
my.dropspam.com,Unknown
my.cloudify.cc,Unknown
my.clearchannelradio.com,Unknown
my-paypal-com.dia-ataukume.com,Unknown
mxtube.iphone.mxweas.com,Unknown
mxptoolbar.myblogtoolbar.com,Unknown
mxnew.ecobnknig.com,Unknown
mxf.dfp.host,Unknown
mx37.creatingkindly.com,Unknown
mx1.celebsbase.com,Unknown
mx1.celebrityonline.us,Unknown
mx1.celebritymovie.us,Unknown
mx1.celebrityinpose.com,Unknown
mx1.celebritygalleries.ws,Unknown
mx1.celebrity-post.com,Unknown
mx1.celebflix.us,Unknown
mx1.celeb-nudes.us,Unknown
mx1-102.connectivity.net.au,Unknown
mx.sitegoz.com,Unknown
mx.cants.de,Unknown
mx-cdn.windapp.net,Unknown
mwxya.dobeat.top,Unknown
mwisezcorp.myblogtoolbar.com,Unknown
mvt.sarl.tk,Unknown
mvt.c0m.at,Unknown
mvmj.fincruit.co,Unknown
mv21it5o.mv-kkkfeiik.cn,Unknown
muzeum.szovata.ro,Unknown
mux.t.dodovip.com,Unknown
muttskis.ruethedayblog.com,Unknown
mutta.agesask.net,Unknown
musthaveitjewelry.com.mytempweb.com,Unknown
musix.emazesearch.com,Unknown
musikorner.myblogtoolbar.com,Unknown
musicsoother.myradiotoolbar.com,Unknown
musicsmartsearch.myradiotoolbar.com,Unknown
musiconlinecentre.loyaltytoolbar.com,Unknown
musicloversbar.myradiotoolbar.com,Unknown
musicayskate.myteamtoolbar.com,Unknown
musical-in.woodwind.recorder.offer-dll-items.com,Unknown
musica.urbandrulabs.com,Unknown
musica.shareware.pro,Unknown
music.theappzworld.com,Unknown
music.theappsuniverse.com,Unknown
music.theappjunkies.com,Unknown
music.superappbox.com,Unknown
music.powerfulappz.com,Unknown
music.playzonenow.com,Unknown
music.playmediacenter.com,Unknown
music.mytopappz.com,Unknown
music.mymedianetnow.com,Unknown
music.myhitapps2.online,Unknown
music.myhitapps1.online,Unknown
music.myfriendlyappz.com,Unknown
music.myfastappz.com,Unknown
music.myappzcenter.com,Unknown
music.mixplugin.com,Unknown
music.medianetnow.com,Unknown
music.mbsaeger.com,Unknown
music.junyuewl.com,Unknown
music.iezbrowsing.com,Unknown
music.hatchfactory.in,Unknown
music.globalappz.club,Unknown
music.getyesappz2.com,Unknown
music.getyesappz1.com,Unknown
music.getwebappstore1.com,Unknown
music.getsuperappbox.com,Unknown
music.getseekappz2.com,Unknown
music.getseekappz1.com,Unknown
music.getplaynsearch4.com,Unknown
music.getplaynsearch3.com,Unknown
music.getplaynsearch2.com,Unknown
music.getplaynsearch1.com,Unknown
music.getmyosapp4.com,Unknown
music.getmyosapp3.com,Unknown
music.getmyosapp2.com,Unknown
music.getmyosapp1.com,Unknown
music.getmyapp2.com,Unknown
music.getmyapp1.com,Unknown
music.getmedia.zone,Unknown
music.getcloudosapps1.com,Unknown
music.getawesome2.com,Unknown
music.getappstrend2.net,Unknown
music.getappstrend1.net,Unknown
music.getapps4.com,Unknown
music.getapps3.com,Unknown
music.getapps2.com,Unknown
music.getapps1.com,Unknown
music.friendlyappz.com,Unknown
music.eanswers.com,Unknown
murtadha.koom.ma,Unknown
murmansk.sber-banks.ru,Unknown
mumm.bubler.com,Unknown
multivirus-cleaner.ojolink.fr,Unknown
multisuldesbraguetado.iruninstyle.com,Unknown
multiplus.netbrsoftwares.com,Unknown
multimedia.ftpk.net,Unknown
multibit-com.wassell.org,Unknown
multiauctionuk.media-toolbar.com,Unknown
mulerider.myuniversitytoolbar.com,Unknown
mukul.amanshrivastava.in,Unknown
mujerproductivaradio.jacquelinezorrilla.com,Unknown
muila.selfstoragetulare.com,Unknown
muhith.info.bd,Unknown
mugomeza.co.zw,Unknown
mufakose2highschool.co.zw,Unknown
mudfreaksblog.cubicproject.com,Unknown
mtv-wp.itdevcons.de,Unknown
mtsipp8sud.centde.com,Unknown
mtr.tfponline.com,Unknown
mtr.mvnadvertisers.com,Unknown
mtquiz.blufysh.com,Unknown
mtoneafol.mi-website.es,Unknown
mtn6.com-com.ws,Unknown
mteufspt.seahillfarm.com,Unknown
mtchdjr.com.platwo.com,Unknown
mtalk2.mannishtalk.com,Unknown
mta.ssvsa.cl,Unknown
mt.sellingrealestatemalta.com,Unknown
mt-ph-champ.j-g.ch,Unknown
msy.media-toolbar.com,Unknown
msport.unikbdi.com,Unknown
msp.bytelogix.ca,Unknown
msnwebfotoscom.sitebr.net,Unknown
msnspacesfunclup.myblogtoolbar.com,Unknown
msn-groups.4-all.org,Unknown
mslc.ctf.su,Unknown
mskala2.rise-up.nsk.ru,Unknown
msi.x69.net,Unknown
msd.1234max.com,Unknown
msc.myradiotoolbar.com,Unknown
msb2x6ef0qjnm1kbf0cy.thequalitycheck.com,Unknown
ms2.easysuperdownload-1.com,Unknown
ms1.easysuperdownload-1.com,Unknown
ms.wsex.com,Unknown
ms.fq520000.com,Unknown
ms.ccmsend.net,Unknown
ms.abtc.edu.cn,Unknown
ms.56bf.cn,Unknown
mruwcqqk01.bradul.creatory.org,Unknown
mrtg.qugouwu521.com,Unknown
mrsamuelmcguire.123abc.co.nz,Unknown
mrnichols.emotedigital.com.au,Unknown
mrnetworks.mycitytoolbar.com,Unknown
mrbillsbargainbasement.mystoretoolbar.com,Unknown
mrada.gp.zp.ua,Unknown
mqvuur01.zhujianqiang.info,Unknown
mq2v6pkbx1.centde.com,Unknown
mpsschool.edu.bd,Unknown
mps.totomedia.com.au,Unknown
mps.eanswers.com,Unknown
mppc.toastbranding.com,Unknown
mpottgov0001-001-site1.1tempurl.com,Unknown
mpls.foodiecycle.com,Unknown
mphotocleaner.safecart.store,Unknown
mphotocleaner.esecureshoppe.com,Unknown
mpg.amgcompany.com.ng,Unknown
mpcomputer.myblogtoolbar.com,Unknown
mpaddle.safecart.store,Unknown
mp3paylas.mystoretoolbar.com,Unknown
mp3online.myteamtoolbar.com,Unknown
mp3.mp3-find.com,Unknown
mp3.marki-online.net,Unknown
mp3.dagognatt.org,Unknown
mp3.991dj.com,Unknown
mp.xtx.kr,Unknown
mp.musicdance.at,Unknown
mozo-widgets.f2.com.au,Unknown
moyu.laizi.net,Unknown
movix.powerfulappz.com,Unknown
movix.emazesearch.com,Unknown
movix.bettersearchtools.com,Unknown
movingsinger.necset.gq,Unknown
movil.zonabcpmovil.ml,Unknown
movies.mystoretoolbar.com,Unknown
movies.701pages.com,Unknown
movieattack.themoviehost.com,Unknown
movie.theappzworld.com,Unknown
movie.theappsuniverse.com,Unknown
movie.superappbox.com,Unknown
movie.softorama.com,Unknown
movie.powerfulappz.com,Unknown
movie.playzonenow.com,Unknown
movie.playmediacenter.com,Unknown
movie.mytopappz.com,Unknown
movie.mysuperappbox.com,Unknown
movie.mymedianetnow.com,Unknown
movie.myhitapps2.online,Unknown
movie.myhitapps1.online,Unknown
movie.myfriendlyappz.com,Unknown
movie.myfastappz.com,Unknown
movie.mixplugin.com,Unknown
movie.medianetnow.com,Unknown
movie.iezbrowsing.com,Unknown
movie.ienjoyapps.com,Unknown
movie.gophotoz.com,Unknown
movie.globalappz.club,Unknown
movie.getyesappz2.com,Unknown
movie.getyesappz1.com,Unknown
movie.getwebappstore2.com,Unknown
movie.getwebappstore1.com,Unknown
movie.getsuperappbox.com,Unknown
movie.getseekappz2.com,Unknown
movie.getseekappz1.com,Unknown
movie.getsearchnow2.com,Unknown
movie.getplaynsearch4.com,Unknown
movie.getplaynsearch3.com,Unknown
movie.getplaynsearch1.com,Unknown
movie.getmyosapp4.com,Unknown
movie.getmyosapp3.com,Unknown
movie.getmyosapp2.com,Unknown
movie.getmyosapp1.com,Unknown
movie.getmyapp2.com,Unknown
movie.getmyapp1.com,Unknown
movie.getmedianetnow.com,Unknown
movie.getmedia.zone,Unknown
movie.getcloudosapps2.com,Unknown
movie.getcloudosapps1.com,Unknown
movie.getawesome1.com,Unknown
movie.getappstrend2.net,Unknown
movie.getappstrend1.net,Unknown
movie.getappsonline.com,Unknown
movie.getapps4.com,Unknown
movie.getapps3.com,Unknown
movie.getapps2.com,Unknown
movie.getapps1.com,Unknown
movie.friendlyappz.com,Unknown
movie.ezbrowsing.com,Unknown
movie.eanswers.com,Unknown
movie.bettersearchtools.com,Unknown
movie.apartmentvacationsitaly.com,Unknown
movie.amazeappz.com,Unknown
move.glsro.com,Unknown
moussayer.dommel.be,Unknown
motors.pearsonvirtualmeeting.com,Unknown
motorcityradionetwork.myradiotoolbar.com,Unknown
motooptioncom.mystoretoolbar.com,Unknown
motocross.mystoretoolbar.com,Unknown
mostrugged.wm01.to,Unknown
moshpitmonster.myblogtoolbar.com,Unknown
mortbid.myblogtoolbar.com,Unknown
morfondrezgainconfidence.pot-shop.net,Unknown
more.tripdrones.com,Unknown
more.aflashplugin.com,Unknown
morarerque-1bruzual.paladin-global.net,Unknown
moonworksradiomyspace.myradiotoolbar.com,Unknown
moonlight.sadt.od.ua,Unknown
moon.net-security.pl,Unknown
moon.darksknight.com,Unknown
moo.parenthoodvr.com,Unknown
montiano.mycitytoolbar.com,Unknown
month.nualias.com,Unknown
month.bitcoinlingo.com,Unknown
monsitepro.apweb.fr,Unknown
monouktt.myradiotoolbar.com,Unknown
monitor.willstaff.net,Unknown
monitor.lst.com,Unknown
monitor.exigotechnology.com,Unknown
monitor.connexion.co.uk,Unknown
monitor.christoit.com,Unknown
moneyteam.fishdns.com,Unknown
moneydeal.mystoretoolbar.com,Unknown
money.monkeymedia2u.com,Unknown
monetizer.sm4link.com,Unknown
mondays.dabdemo.com,Unknown
mondavelli.gazetti.de,Unknown
mona.rifkestaging.space,Unknown
mon.plrich.com,Unknown
mommysworld.myfamilytoolbar.com,Unknown
molybdomappasamy.whiteboxdj.com,Unknown
molt.moltec.com.au,Unknown
mojtabasoft.myblogtoolbar.com,Unknown
mojarracompany.pdns.cz,Unknown
mohona.buckybits.com,Unknown
mohammadkeiany.myblogtoolbar.com,Unknown
mohammadhamed.mylibrarytoolbar.com,Unknown
moh.sk.gov.ng,Unknown
moffice.peoplesmind.com,Unknown
moevents.digistorm.net,Unknown
module.amod.com.tw,Unknown
mods.tigerexpress.net,Unknown
modersinc.myteamtoolbar.com,Unknown
modernwitch.livingtemplemedia.com,Unknown
moderne.artravel.net,Unknown
modeling.aa.am,Unknown
modal.couponsimplified.com,Unknown
moda.media.pl,Unknown
moda.makyajperisi.com,Unknown
mocka.frost-electric-supply.com,Unknown
mock.fpdev.xyz,Unknown
mobshop.schmutzki.de,Unknown
mobiyus.mystoretoolbar.com,Unknown
mobitalk9.bookmarkwap.tk,Unknown
mobile.updatescotia.crystalls.com,Unknown
mobile.tourism.poltava.ua,Unknown
mobile.paypal.com.cgi-bin.artincolor.net,Unknown
mobile.global-exchange.org,Unknown
mobile.free.moncompte.espace.clients.particuliers.francaisimpayee.fr,Unknown
mobile.free.infoconsult.info,Unknown
mobile.free.espaceabonne.info,Unknown
mobile.desenhoonline.com,Unknown
mobile.chrome-alert.ru,Unknown
mobile.bitterstrawberry.org,Unknown
mobile.activeshopper.com,Unknown
mobile-service-online-client.alarvac.com,Unknown
mobile-free.kofoed-fr.com,Unknown
mobile-free.globaldataince.com,Unknown
mobil.mobilpornosex.com,Unknown
mobi.andivid.com,Unknown
mob.wirelesssolutions.mobi,Unknown
mob.tryingevery.tk,Unknown
mob.heartfeelin.tk,Unknown
moads.valuead.com,Unknown
mo5kx7liz2z7mtr8jdb4.littlematchagirl.com.au,Unknown
mo.l5645.net,Unknown
mnyl59ziyz.1uvz7kr7r.icu,Unknown
mnpmlssqe5.jqfwvwpg0wlxn.icu,Unknown
mno.ijssalonlekker.nl,Unknown
mng1.clickalyzer.com,Unknown
mng-depositors.secure1tester.info,Unknown
mnclear.lebackyard.ovh,Unknown
mnamwambia.copywheel.com,Unknown
mnagedstrstore.storeinfoapps3.homeidppservdubspeed.com,Unknown
mmtclibrary.mylibrarytoolbar.com,Unknown
mmrj.entadsl.com,Unknown
mmonius4spz75qszqq0s.littlematchagirl.com.au,Unknown
mmm2.aaomg.com,Unknown
mmm.freesite.us,Unknown
mmicrosoft.com-repair-windows.live,Unknown
mm.twavgirl.com,Unknown
mm-mmm0.paykasabozdurma.xyz,Unknown
mlmg.sensyu.org,Unknown
mllecochonne-xlovecam.infosexcam.com,Unknown
mlhdns.phatbois.me,Unknown
ml8o5i6v1m.centde.com,Unknown
ml.searchalgo.com,Unknown
mksbnpmu.timbarretto.com,Unknown
mkrlfjhe.virtuegirls3.com,Unknown
mjnet.media-toolbar.com,Unknown
mjaey.saqibsiddiqui.com,Unknown
mizuki.1pworks.com,Unknown
mixradio66.myradiotoolbar.com,Unknown
mix971.myradiotoolbar.com,Unknown
miskodarbai.advelita.lt,Unknown
mishmash.troop317.com,Unknown
mirror8.adbsys.icu,Unknown
mirror5.adbsys.icu,Unknown
mirror03.downloadhill.com,Unknown
mirror.centurioninabox.info,Unknown
mirkxoij.kunsin.cn,Unknown
mires.eorezo.com,Unknown
mirage-crew.da.cx,Unknown
mir.100888290cs.com,Unknown
mipagina.americaonline.com.mx,Unknown
ministryoftransport.gov.gi,Unknown
minisite.mtacloud.co.il,Unknown
mininews-hn.7654.com,Unknown
mini.club-3t.ru,Unknown
mini.activeshopper.com,Unknown
ming.brightcircle.work,Unknown
minegen.myfamilytoolbar.com,Unknown
minecraft.crazs.ru,Unknown
mine.zarabotaibitok.ru,Unknown
mine.p2pool.com,Unknown
mindsurfer.mention.nl,Unknown
mim.raw.agency,Unknown
milkit.xvakin.ru,Unknown
milk.alchemydesigns.co.in,Unknown
milehiserverspower.loyaltytoolbar.com,Unknown
mikikatu.moneyfarming.com,Unknown
mikeandmike.mycitytoolbar.com,Unknown
mikeandlorraine.velcomweb.ca,Unknown
mike.trmbldigital.xyz,Unknown
mika.tohmon.com,Unknown
mijn.ing.betaalpas-aanvraagformulier.nl.vnorthwest.com,Unknown
migration.sunsetdriveumc.com,Unknown
mietradio.myradiotoolbar.com,Unknown
midtnntoolbar.mystoretoolbar.com,Unknown
midsacmi.ikebanaclitor.ru,Unknown
midohtler.myblogtoolbar.com,Unknown
midnightjazz.myblogtoolbar.com,Unknown
microsystem.pc.pl,Unknown
microsoftsupport.com-fixscrfast3.us,Unknown
microsoftsoftwareupdate.dynamicdns.org.uk,Unknown
microsoftoutlook.dynamicdns.org.uk,Unknown
microsofteup.pdns.cz,Unknown
microsoft.shopgoat.co.in,Unknown
microsoft.com-windows-repairing-systems.live,Unknown
microsoft.com-windows-fixing-systems.live,Unknown
microsoft.com-windows-fast-systems.live,Unknown
microsoft.com-speed-pc.live,Unknown
microsoft.com-fix-windows.live,Unknown
microsoft.com-firewall-i6j.info,Unknown
microsoft.com-firewall-0xcb1982.info,Unknown
microsoft.com-faster-pc.live,Unknown
microsoft.com-cleaning-windows-system.live,Unknown
microsoft.com-cleaning-systems.live,Unknown
microsoft.aios.us,Unknown
microsoft.0ffice365.2020mode.com,Unknown
microsoft-antivirus.ojolink.fr,Unknown
microsharedoc.ypfvcpuw.tk,Unknown
microsft.com-repair-windows.live,Unknown
microencapsulation.readmyweather.com,Unknown
microantivirus.triplequadturbo.com,Unknown
michiganstateuniversitylibraries.mylibrarytoolbar.com,Unknown
micherrie.myblogtoolbar.com,Unknown
michelle-marsh.hotphotogirl.com,Unknown
mice.iti.org.tw,Unknown
mibolyri.pisem.su,Unknown
miao.whommer.net,Unknown
mi.bmgu-dev.com,Unknown
mhxosv23d5.centde.com,Unknown
mhosting.idcontact.net,Unknown
mhnew.enabledware.com,Unknown
mgwrnxgdjs.centde.com,Unknown
mgtpreapprovalletter.avagni.com,Unknown
mgmailverification.adobepdf.settings.iscgdbb2581ci87930.seguridadmobiobio.cl,Unknown
mgfd1b.petrix.net,Unknown
mg.pansofic.com,Unknown
mg.badgamers.ru,Unknown
mfgwxkwkbpo8jljnskn7.mbservicesyorkshire.co.uk,Unknown
mfbjcypd.nationaldistributinggroup.com,Unknown
mfahmytk.myfamilytoolbar.com,Unknown
mexicolive.punkdns.top,Unknown
metrics.thelocalpeople.co.uk,Unknown
metrics.hibernian.ie,Unknown
metrics.govpro.com,Unknown
metrics.fsci.com,Unknown
metrics.contactsingapore.sg,Unknown
metric.minna.com,Unknown
metaprogetto.politecalab.org,Unknown
messenger.zango.com,Unknown
messenger.msdwnld.com,Unknown
messenger.jonathankay.com,Unknown
meskiraanass.myforumtoolbar.com,Unknown
mes.2012soft.info.platwo.com,Unknown
mercymorrgan.wm01.to,Unknown
mercury.powerweave.com,Unknown
mercury.nexus.co.kr,Unknown
merctransfers.gradycares.com,Unknown
mercergasket.b2bdd.net,Unknown
mercadolibre.pdns.cz,Unknown
merak.weboperations.net,Unknown
meqyk.saqibsiddiqui.com,Unknown
mephisto.nd.e-wro.pl,Unknown
mensboutiquecom.mystoretoolbar.com,Unknown
mennber.sgx7k7cnu4qk6vp2w.gdn,Unknown
menetettvn-troughful.haubold.ws,Unknown
menerasearchgoogle.myradiotoolbar.com,Unknown
memoodgetactive.det.nsw.edu.au,Unknown
memoire.succes-internet.info,Unknown
memnahyaho.wildcitymedia.com,Unknown
meme.smhlmao.com,Unknown
membsonbnacombin.8bxcgv7bc3y6pncqj.gdn,Unknown
membros.12weeksfor.com.br,Unknown
membre.parle-en-musique.fr,Unknown
members.valkorsgoldmakingguide.com,Unknown
members.swimsuitnetwork.com,Unknown
members.sexroulette.com,Unknown
members.movieland.com,Unknown
members.mastermsk.com,Unknown
members.juicyteenporn.com,Unknown
members.giftera.org,Unknown
members.chello.cz,Unknown
members.babysleepconsultant.co.nz,Unknown
members-usaa.economicfigures.com,Unknown
memberautosllains.srbubnb2dsnaep6bx.gdn,Unknown
member.login.com-invoiceinclude-memberacces0078.com,Unknown
melhor-antivirus.br.thetop10sites.com,Unknown
mel.nosteakinspace.com,Unknown
meitu.sobooo.com,Unknown
meinv.9ic.cn,Unknown
meincheck.de-informationallekunden.eu,Unknown
meijersa.bighosted.com,Unknown
mei.flashticketswf.xyz,Unknown
mehdinetwork.mycitytoolbar.com,Unknown
mehandi.tidbitsolutionsglobal.com,Unknown
megauploayer.msdwnld.com,Unknown
megauploafayer.msdwnld.com,Unknown
megauploaf.comayer.msdwnld.com,Unknown
megaupload.cocsis.com,Unknown
megaupload.cayer.msdwnld.com,Unknown
megarockradio.myradiotoolbar.com,Unknown
megadownloader.appsformega.info,Unknown
megaayer.msdwnld.com,Unknown
megaamateur.ucgalleries.com,Unknown
meg.bestseedtodo.xyz,Unknown
meetup.tracking202.com,Unknown
mee.fik4.com,Unknown
meduza.butra.pl,Unknown
medium.getethernow.top,Unknown
medinova.com.bd,Unknown
medicalassistantforum.myforumtoolbar.com,Unknown
mediatrends.sumaservicesprojects.com,Unknown
mediatrade.h19.ru,Unknown
mediatore-commerciale.iltuomediatore.it,Unknown
mediatamente734.101panorama.ws,Unknown
mediaplayer.msdwnld.com,Unknown
mediaonela.myblogtoolbar.com,Unknown
media2.popuptraffic.com,Unknown
media1.napady.net,Unknown
media.yes-messenger.com,Unknown
media.xtronik.ru,Unknown
media.tcvirtual.com,Unknown
media.siaraya.com,Unknown
media.pumpone.com,Unknown
media.porndivinity.com,Unknown
media.popuptraffic.com,Unknown
media.popunder.com,Unknown
media.onlineteachers.co.in,Unknown
media.oneinstaller.com,Unknown
media.mykodial.com,Unknown
media.metainstaller.com,Unknown
media.mediaplazza.com,Unknown
media.matcash.com,Unknown
media.m-adx.com,Unknown
media.https04.com,Unknown
media.gdlf.gov.kh,Unknown
media.downloadster.org,Unknown
media.blonde-bimbos.com,Unknown
medcenter.chiropracticmontana.com,Unknown
med.2012soft.info.platwo.com,Unknown
mecod.expresslinkcourier.online,Unknown
mebel.forlife.ru,Unknown
mebel.by.ru.fqwerz.cn,Unknown
mebel.bayaviv.com,Unknown
meal.thewindowscenter.net,Unknown
me6.acortado.com,Unknown
me.tollyload.in,Unknown
me.sso.anbtr.com,Unknown
me.centronind.club,Unknown
me.3788.cn,Unknown
mdx.fainacone.com,Unknown
mdtk.kittyyw.com,Unknown
mdt.grandtraversedesign.com,Unknown
mdsriiocqk.centde.com,Unknown
mdefbugivafmnk.ivydancefloors.com,Unknown
mdanda.silhouettecreative.com,Unknown
mcxbrsj665519300.budweiser02.pw,Unknown
mcsa.dz-sat.com,Unknown
mcs51.yenidir.com,Unknown
mcofdlgk.afgktv.cn,Unknown
mcns.1908ado.org,Unknown
mcn.1908ado.org,Unknown
mckoovi.hyzio.pl,Unknown
mcika.mbcelebrancy.com.au,Unknown
mcgrathlibrary.mylibrarytoolbar.com,Unknown
mcafee.windlap.net,Unknown
mcafee.securitysystem11.win,Unknown
mcafee.installantivirus.us,Unknown
mcafee-support.installantivirus.us,Unknown
mcafee-help.installantivirus.us,Unknown
mcafee-antivirus.ojolink.fr,Unknown
mc164.f-h.in,Unknown
mc.pcgaming.com,Unknown
mbve.flash-xxx.com,Unknown
mbsoftorg.myforumtoolbar.com,Unknown
mbslmail.mbslbank.com,Unknown
mbr.kill0604.ru,Unknown
mbox12.quartoprotesto.ml,Unknown
mbfce24rgn65bx3g.jpo2z1.net,Unknown
mbctoolbar.myforumtoolbar.com,Unknown
mba.gobord.com,Unknown
mazurokinnocuously.itsecurely.com,Unknown
mazda.georgewkohn.com,Unknown
mayank.recursosbrasil.com.br,Unknown
may92.greancross.com,Unknown
may.awebsiteonline.com,Unknown
maxxim.nonstopviews.de,Unknown
maxleather.aaomg.com,Unknown
maxkatalogtoolbar.myteamtoolbar.com,Unknown
maximumxxx.galleryprogram.com,Unknown
maxijc.matrixtomaven.com,Unknown
maxialvin.matrixtomaven.com,Unknown
maxi-buy.apps-repository.net,Unknown
maxg.media-toolbar.com,Unknown
maxen7f95c.kisanhealthfoods.com,Unknown
maxband.myradiotoolbar.com,Unknown
max.moviesnetflix.online,Unknown
max.limpag.com,Unknown
max.cheaphealthinsurancevik.com,Unknown
max.28bxg.com,Unknown
mavicafe.myradiotoolbar.com,Unknown
mautic.eto-cms.ru,Unknown
maurillo.myblogtoolbar.com,Unknown
matxh-photos.62640041.date,Unknown
maturesex.optus.nu,Unknown
maturepornstars.galleryprogram.com,Unknown
maturehardcore.galleryprogram.com,Unknown
maturebondage.galleryprogram.com,Unknown
mature.petitecoquine.com,Unknown
mattsmithcompany.dabdemo.com,Unknown
matma4u.akcja.pl,Unknown
matijnweren.myfamilytoolbar.com,Unknown
matematik.skseriampang.net,Unknown
matchphotos.ameliaplastics.com,Unknown
matchnewphots.creativelorem.com,Unknown
matchnet.st.sageanalyst.net,Unknown
match.com-photos.fduan.co.ao,Unknown
match.com-photos.dineroenlaweb.com.co,Unknown
match.com-myphotos.birmish.ga,Unknown
match.com-mynewphotos.extravaganceironworks.com,Unknown
masternerdshopping.mystoretoolbar.com,Unknown
master.clminer.ru,Unknown
master.2.je,Unknown
massmail.isandt.com,Unknown
maspedmeasled.bogotatraveller.info,Unknown
masoudmcom.myteamtoolbar.com,Unknown
masaz.antoniak.biz,Unknown
mas.midkotasolutions.com,Unknown
maryjane.hidden-news.com,Unknown
marx-brothers.mhwang.com,Unknown
marvincity.media-toolbar.com,Unknown
martin.ingesen.no,Unknown
martin.fr.am,Unknown
martimiscom.myforumtoolbar.com,Unknown
mart.theoscentral.com,Unknown
marsasite.com.platwo.com,Unknown
marksthingsne.myblogtoolbar.com,Unknown
market.optiua.com,Unknown
market.milouz.com,Unknown
market.facebook.hyperionslg.com,Unknown
market.facebook.geomotiontv.com,Unknown
market.facebook.copycatcashsystem.com,Unknown
mark4.aicisteel.com,Unknown
mark.k9redemptionrescue.org,Unknown
marjoleinstravel.myblogtoolbar.com,Unknown
mariposita.web-personal.org,Unknown
marinahgh.lpktnri.id,Unknown
marikita.mengewe.com,Unknown
mari.album.lv,Unknown
mardounzi.matinkimiaco.com,Unknown
marcuspolo.myblogtoolbar.com,Unknown
marcus.flashticketswf.xyz,Unknown
marcopolo.brianjoei.com,Unknown
marcon.tv.it,Unknown
marcom.nysa.pl,Unknown
marcocapizzi.myblogtoolbar.com,Unknown
marcgnon.aivoni.com,Unknown
marafon.itefimov.ru,Unknown
maraczi.webstep.hu,Unknown
maqueta.discoverytour.cl,Unknown
maps.standard-cement.com,Unknown
maps.googe.ca,Unknown
maps-apple.hostitasap.com,Unknown
mapledark.media-toolbar.com,Unknown
mapa.demoaiindustries.com,Unknown
map.geoup.com,Unknown
map.czechtrade.net,Unknown
manx.datengang.de,Unknown
manshy.myforumtoolbar.com,Unknown
mans.cnusher.ind.in,Unknown
maniac.http80.info,Unknown
manhattan.yamy.vn,Unknown
mango.isthebe.st,Unknown
mango.fanta.club,Unknown
mango.anazet.es,Unknown
mang3rs0lustionpp.myrevospecton.com,Unknown
mandicandy.mycitytoolbar.com,Unknown
mandarin.aquamarineku.com,Unknown
manakazu.myblogtoolbar.com,Unknown
manager.sunsetgates.com,Unknown
managedns4.esthost.com,Unknown
managedns3.esthost.com,Unknown
managedns2.esthost.com,Unknown
managedns1.esthost.com,Unknown
manage.yinuochina.com,Unknown
manage.utmj.org,Unknown
manage.sidunchem.com,Unknown
manage.service-mhdpr.gq,Unknown
manage.ktkjccl.com,Unknown
manage.jybhly.com,Unknown
manage.jsxddq.com,Unknown
manage.jsteda.cn,Unknown
manage.explodehost.com,Unknown
manage.czhuanxin.com,Unknown
manage.apple.com.webobjectsd5dbc98dcc983a7028bd82d1a47549.divinityhousingprojects.com,Unknown
manage-apps-apple.com.supportmail2-information.org,Unknown
manage-4a7bq2r26ad2bq2e2.drqatanasamanen.com,Unknown
mambobar.myforumtoolbar.com,Unknown
malwarecrusher.safe-mart.store,Unknown
malwarecrusher.safe-cart.store,Unknown
malwarecrusher.esecureshoppe.com,Unknown
malwarebytes.install-free.com,Unknown
malwarebites-antimalware.ojolink.fr,Unknown
malware.areyouvulnerable.com,Unknown
malware-scanner.ojolink.fr,Unknown
malware-defender.ojolink.fr,Unknown
malualnet.mystoretoolbar.com,Unknown
malta.pushmonkey.life,Unknown
malstorescom.mystoretoolbar.com,Unknown
mally.tim.com.pl,Unknown
malivrxu.lylguys.me,Unknown
malikjabbar72.viralgalleries.me,Unknown
malicious-items-detected-errorae100001be.wintrack28.xyz,Unknown
malgaonislamiadakhilmadrasah.edu.bd,Unknown
malbork.joannici.org.pl,Unknown
malakwal.mycitytoolbar.com,Unknown
maklarhuset.olympus.nu,Unknown
makingmemories01.mytowntoolbar.com,Unknown
make.campzephyr.host,Unknown
major-appl.ranges-coo.ranges-sto.dll-offer-items.com,Unknown
maintainpc.yourhubwebsite4contenting.icu,Unknown
maintainpc.yourhubwebsite4content.icu,Unknown
maintainpc.yourcentralspaceforcontentsgood.icu,Unknown
maintainpc.thereadysystemsforsites.xyz,Unknown
maintainpc.thereadysystems4sites.icu,Unknown
maintainpc.thereadysystems4siteing.icu,Unknown
maintainpc.stable2updating.review,Unknown
maintainpc.stable2updating.bid,Unknown
maintainpc.stable2updates.bid,Unknown
maintainpc.readysystemsforsites.icu,Unknown
maintainpc.readysystemsforsiteing.icu,Unknown
maintainpc.readysystemsforsite.icu,Unknown
maintainpc.readysystems4siteing.icu,Unknown
mainserver.ourmodesthomeactivityandvalour.com,Unknown
mainnode.searchcompletion.com,Unknown
main91.vserver4free.de,Unknown
main83.vserver4free.de,Unknown
main13.vserver4free.de,Unknown
main.superiorautodesign.com,Unknown
main.hgbhome.net,Unknown
main-newxz-orluttbx33b1bcng-gtw.qovery.io,Unknown
mailsee.liffeytas.com.au,Unknown
mailrelay.comofms.com,Unknown
mailpop.pickoftheweb.com,Unknown
mailer.scoregroup.com,Unknown
maildmzpd.eco-bat.it,Unknown
mailb.bleecker.com,Unknown
mail1.predictad.com,Unknown
mail.zumbafitnessseattle.com,Unknown
mail.zoi-research.com,Unknown
mail.zoemcgee.com,Unknown
mail.zadiaks90.com,Unknown
mail.youxinpai.com,Unknown
mail.youthmobilerecovery.com,Unknown
mail.yournoon.com,Unknown
mail.youmebook.net,Unknown
mail.yorkshirediabetesclinic.com,Unknown
mail.yestopomegranates.info,Unknown
mail.yes-to-cucumbers.com,Unknown
mail.yellowstone-club.org,Unknown
mail.yambastreet.com,Unknown
mail.xlwinbingo.info,Unknown
mail.worshipcentres.com,Unknown
mail.worgar.com,Unknown
mail.wise-ideal.com,Unknown
mail.wingtsun.pro,Unknown
mail.windowworldofdavenport.com,Unknown
mail.win.gr,Unknown
mail.whoami.la,Unknown
mail.who-paid-more.com,Unknown
mail.whitepearlapartments.co.ke,Unknown
mail.whitbylaw.com,Unknown
mail.what-is-humankindness.info,Unknown
mail.wework-media.com,Unknown
mail.wework-austria.com,Unknown
mail.westchesterheartcenter.com,Unknown
mail.webcereals.com,Unknown
mail.wasodesign.com,Unknown
mail.wasafi.tv,Unknown
mail.wardswindows.com,Unknown
mail.walmartbanksucks.com,Unknown
mail.vongtaycusi.com,Unknown
mail.vivafascino.com,Unknown
mail.vipthenorthfaceoutletonsale.org,Unknown
mail.violet.la,Unknown
mail.verifiedrich.com,Unknown
mail.vcacademy.lk,Unknown
mail.varahi.in,Unknown
mail.vanessacorish.com,Unknown
mail.values-drivenleadership.org,Unknown
mail.uxplorer.com,Unknown
mail.ukconcierge.co.uk,Unknown
mail.twitterplayschess.com,Unknown
mail.trienvy.com,Unknown
mail.triangle.biz,Unknown
mail.trendratio.com,Unknown
mail.travelexpressegypt.com,Unknown
mail.transparity.org,Unknown
mail.transmisiones.pe,Unknown
mail.tpcointl.icu,Unknown
mail.toyota-bali.net,Unknown
mail.tknet.dk,Unknown
mail.thuoht.website,Unknown
mail.thomasluke.com,Unknown
mail.theucnet.net,Unknown
mail.thesingaporecorporatelawyer.com,Unknown
mail.theridetoconquercancer.com,Unknown
mail.thequiltingmama.com,Unknown
mail.thepatriotfamily.com,Unknown
mail.themagazineforstamford.com,Unknown
mail.theforeversongmovie.com,Unknown
mail.theflooringestimator.com,Unknown
mail.theebelinggroup.com,Unknown
mail.thebrickyards.co.uk,Unknown
mail.thebigsea.us,Unknown
mail.thebestphysicaltherapy.com,Unknown
mail.thanedirect.ca,Unknown
mail.terra-yug.com,Unknown
mail.tenncom.de,Unknown
mail.tejasdecemento.com,Unknown
mail.tbfpeakperformance.com,Unknown
mail.tasktomb.com,Unknown
mail.tangrubber.com,Unknown
mail.takedailyaction.net,Unknown
mail.t3bet.com,Unknown
mail.synchora.com,Unknown
mail.swingologygolfschools.com,Unknown
mail.storcuba.com,Unknown
mail.stemcellsmedical.com,Unknown
mail.steelcaseevents.com,Unknown
mail.sry.biz,Unknown
mail.spywarehelp.net,Unknown
mail.spectrumcommunicationstv.com,Unknown
mail.southdakotasubaru.com,Unknown
mail.sophiadjurovic.com,Unknown
mail.softnetitsol.com,Unknown
mail.smrtfiretracker.com,Unknown
mail.smiffy.com.au,Unknown
mail.skipsteps.com,Unknown
mail.sjirch.org,Unknown
mail.sitronpoetry.com,Unknown
mail.siteprose.com,Unknown
mail.siom.ac.cn,Unknown
mail.sincrel.com,Unknown
mail.sinceracommunications.com,Unknown
mail.silva-trading.com,Unknown
mail.sikh.biz,Unknown
mail.signaturewedding.ca,Unknown
mail.signaturemekongcruises.com,Unknown
mail.shop247world.com,Unknown
mail.shiftshark.org,Unknown
mail.shelvesforlife.com,Unknown
mail.shaadilists.com,Unknown
mail.sgr-a.org,Unknown
mail.sexy.sk,Unknown
mail.serialist.org,Unknown
mail.sendmyluv.com,Unknown
mail.see-go.com,Unknown
mail.secureonlinemortgage.net,Unknown
mail.secureone1.com,Unknown
mail.seadustfilms.com,Unknown
mail.seacoco.com,Unknown
mail.scriptora.com,Unknown
mail.sashslide.co.uk,Unknown
mail.sanjayvyas.com,Unknown
mail.sandwichisland.com,Unknown
mail.salinasgallery.com,Unknown
mail.rufftrail.com,Unknown
mail.route007.com,Unknown
mail.rotar.ro,Unknown
mail.romeotrade.igg.biz,Unknown
mail.romaniei.net,Unknown
mail.roltamotors.com,Unknown
mail.robertsonstromberg.net,Unknown
mail.reshmi.net,Unknown
mail.rentech.com.my,Unknown
mail.renaissance-systems.co.uk,Unknown
mail.recallstuff.info,Unknown
mail.rec0v-smsacc0-sec452.com,Unknown
mail.rebekahclark.com,Unknown
mail.ratemycolleges.org,Unknown
mail.rankingbrasil.com.br,Unknown
mail.randomwalkabout.com,Unknown
mail.raja-uchino.com,Unknown
mail.rain.cloud,Unknown
mail.rahimjivraj.org,Unknown
mail.radargps.ir,Unknown
mail.projectorangelabel.com,Unknown
mail.prista-oil.bg,Unknown
mail.prettytreat.com,Unknown
mail.premiumbuyerprotection.com,Unknown
mail.prabhatgautam.com,Unknown
mail.poweringimagination.org,Unknown
mail.positivelynapa.net,Unknown
mail.positivecoparenting.com,Unknown
mail.poker.cm,Unknown
mail.pizzariacalifornia.com,Unknown
mail.pizzapaisano.com,Unknown
mail.pixel-tonic.com,Unknown
mail.phytoextractum.us,Unknown
mail.phr.co.id,Unknown
mail.photolabuk.com,Unknown
mail.photoarea.com,Unknown
mail.pettrap.com,Unknown
mail.pepsicodigitalcompass.com,Unknown
mail.pearlmonth.com,Unknown
mail.pearlmedia.info,Unknown
mail.patrickfcahill.com,Unknown
mail.parkernetworks.com,Unknown
mail.paramountstudiosholidayvillas.com,Unknown
mail.paracep.com,Unknown
mail.oregonwinerental.net,Unknown
mail.optiua.com,Unknown
mail.openscholarly.com,Unknown
mail.oconnorproperties.gr,Unknown
mail.nsa.co.th,Unknown
mail.notalladvertisingisevil.com,Unknown
mail.nmsts.com,Unknown
mail.newmexicopatiohomes.com,Unknown
mail.nevjegykartya.net,Unknown
mail.netcommercialfinancing.com,Unknown
mail.naviganttrading.com,Unknown
mail.natafornia.com,Unknown
mail.nasalenergy.com,Unknown
mail.nadjasnylons.com,Unknown
mail.mytruecarrate.com,Unknown
mail.mylovecards.com,Unknown
mail.mykludgesite.com,Unknown
mail.myhaireverywhere.com,Unknown
mail.myfirstvc.com,Unknown
mail.mycountrywebsite.com,Unknown
mail.multicons.net,Unknown
mail.mrshelmich.com,Unknown
mail.mrharris.co.uk,Unknown
mail.moroccoleisuretrips.com,Unknown
mail.morahan.ie,Unknown
mail.monkeysmart.com,Unknown
mail.mnintbd.com,Unknown
mail.mmac.us,Unknown
mail.missouriwatch.com,Unknown
mail.ministry.dk,Unknown
mail.milwaukeereia.info,Unknown
mail.mgukscaffolding.co.uk,Unknown
mail.metroexporters.net,Unknown
mail.metasemrl.com,Unknown
mail.mercerislandhome.com,Unknown
mail.medienlabor-shopserver.de,Unknown
mail.mclaneadvantages.com,Unknown
mail.mcintosh.pl,Unknown
mail.mc-examples.com,Unknown
mail.maxim-tours.com,Unknown
mail.manualdigitalcamera.com,Unknown
mail.maktravel-egypt.com,Unknown
mail.makrocel.com,Unknown
mail.makeovertech.club,Unknown
mail.lycostal.com,Unknown
mail.lpknow.com,Unknown
mail.lowtek-studios.com,Unknown
mail.lovewithdetails.com,Unknown
mail.loscabosfestivalinternacionaldecine.com,Unknown
mail.ljtransmission.com,Unknown
mail.lizziebordens-maplecroft.com,Unknown
mail.liveyourconstitution.net,Unknown
mail.linuxtalk.org,Unknown
mail.lightspeednetworks.org,Unknown
mail.lezizyemektarifi.com,Unknown
mail.lemon-lollipop.com,Unknown
mail.learningchineseforkids.com,Unknown
mail.latinofamilyhealth.org,Unknown
mail.laliga.co,Unknown
mail.killcitykids.com,Unknown
mail.kidcompanions.net,Unknown
mail.khalilstutorial.com,Unknown
mail.kenyeast.com,Unknown
mail.kbbuniteler.com,Unknown
mail.justjumpittoys.com,Unknown
mail.justicetechnologiesllc.com,Unknown
mail.justcureparalysis.org,Unknown
mail.jushi.org,Unknown
mail.julissacoriano.com,Unknown
mail.juegamas.com,Unknown
mail.jtg.cn,Unknown
mail.jeremyandjessicabergen.com,Unknown
mail.jckam.org,Unknown
mail.jacksreallycoolstuff.mobi,Unknown
mail.iriskmatch.net,Unknown
mail.irh.am,Unknown
mail.ipanemaswimwear.com,Unknown
mail.ioshelp1.club,Unknown
mail.invitespace.com,Unknown
mail.intersport.biz.ua,Unknown
mail.internet-security-0ml239sd.ml,Unknown
mail.interacgov.com,Unknown
mail.innercityjazz.org,Unknown
mail.incubatec.com,Unknown
mail.incorporationjapan.com,Unknown
mail.illusions.biz,Unknown
mail.idtrustservice.com,Unknown
mail.icommerce.ws,Unknown
mail.ibrandity.com,Unknown
mail.iancockburn.com,Unknown
mail.hyundaisyria.com,Unknown
mail.houseinspectors.info,Unknown
mail.horsebusinessmedia.com,Unknown
mail.home-anti-virus-2010.com,Unknown
mail.hollywoodskynetwork.info,Unknown
mail.hertdog.site,Unknown
mail.hempmouthspray.com,Unknown
mail.hemantlamba.online,Unknown
mail.hawtcoffee.com,Unknown
mail.havanacheesecake.com,Unknown
mail.hauxtechnicalservices.com,Unknown
mail.harikatha.com,Unknown
mail.hamiltont.com,Unknown
mail.halifaxgazette.co.uk,Unknown
mail.halcyonih.com,Unknown
mail.haikuapp.com,Unknown
mail.h2oconservatory.net,Unknown
mail.gwcswim.net,Unknown
mail.grefas.co.th,Unknown
mail.godfirstnetwork.org,Unknown
mail.gmrhardware.co.uk,Unknown
mail.gistal.com,Unknown
mail.gislab.org,Unknown
mail.getfootball.co.uk,Unknown
mail.getfastwealth.com,Unknown
mail.geekenfreude.com,Unknown
mail.fundsend.org,Unknown
mail.fuelresponsibly.com,Unknown
mail.fordoggiesandkitties.com,Unknown
mail.forbesols.co.ke,Unknown
mail.fmotel.com,Unknown
mail.flushingbank.biz,Unknown
mail.flipnsunglasses.com,Unknown
mail.firstname.com,Unknown
mail.firstcircledigital.com,Unknown
mail.firepitsupplies.com,Unknown
mail.fgentech.net,Unknown
mail.farmerbobsnapavalley.com,Unknown
mail.fanduels.net,Unknown
mail.faceofffanaticspromotionalcode.com,Unknown
mail.face2facenamibia.com,Unknown
mail.extramsg.com,Unknown
mail.everydayliving.net,Unknown
mail.estudiorrbp.com.uy,Unknown
mail.ermitest.com,Unknown
mail.environmental-stationery.com,Unknown
mail.englishduck.com,Unknown
mail.endlesswild.com,Unknown
mail.encryptstick.net,Unknown
mail.encari.us,Unknown
mail.eliancomplianceservices.com,Unknown
mail.electronheaven.com,Unknown
mail.efcor.biz,Unknown
mail.eduify.com,Unknown
mail.ebsb.ru,Unknown
mail.dunyaestetikmerkezi.com,Unknown
mail.dsisd.k12.mi.us,Unknown
mail.donglebomb.com,Unknown
mail.doncotradingcoy.com,Unknown
mail.dolorciatico.com,Unknown
mail.doesithaveapenis.com,Unknown
mail.docmartian.com,Unknown
mail.dlbump.com,Unknown
mail.dirtcement.com,Unknown
mail.dinalawyers.com,Unknown
mail.dignityhealthcar.info,Unknown
mail.digitas-health.co.uk,Unknown
mail.diamondfloor.com,Unknown
mail.diamond-motor.com.ph,Unknown
mail.derekharding.com,Unknown
mail.dedicatedprices.com,Unknown
mail.deadafter.com,Unknown
mail.davidtsui.net,Unknown
mail.davidaustindds.com,Unknown
mail.dandruffhomeremedies.org,Unknown
mail.dancewithalexandra.com,Unknown
mail.cyblopedia.net,Unknown
mail.cyberh.fr,Unknown
mail.culinaryreportcard.com,Unknown
mail.cruisepager.com,Unknown
mail.crowdev.net,Unknown
mail.crosspolimeri-com.ga,Unknown
mail.crescent.tv,Unknown
mail.creativetravelworld.com,Unknown
mail.creativerentacar.com,Unknown
mail.couturefab.com,Unknown
mail.coupondealsformobile.com,Unknown
mail.cosmopr.co.jp,Unknown
mail.cookingcouch.com,Unknown
mail.converku.com,Unknown
mail.conveca.net,Unknown
mail.continuoustesting.org,Unknown
mail.comsumidor.com,Unknown
mail.commonwealthpain.com,Unknown
mail.commentito.com,Unknown
mail.comfortaspringbed.com,Unknown
mail.cometomanitoba.ca,Unknown
mail.com-windows-repairing-systems.live,Unknown
mail.com-windows-repairing-system.live,Unknown
mail.com-windows-repair-systems.live,Unknown
mail.com-windows-fixing-systems.live,Unknown
mail.com-windows-fasting-systems.live,Unknown
mail.com-speed-pc.live,Unknown
mail.com-scan.live,Unknown
mail.com-scan-systems.live,Unknown
mail.com-repair.live,Unknown
mail.com-repair-os.live,Unknown
mail.com-optimize.live,Unknown
mail.com-macos-fast-systems.live,Unknown
mail.com-fastest-pc.live,Unknown
mail.com-faster-systems.live,Unknown
mail.com-faster-pc.live,Unknown
mail.com-fast-pc.live,Unknown
mail.com-cleaning-windows-system.live,Unknown
mail.com-cleaning-systems.live,Unknown
mail.com-cleaning-os.live,Unknown
mail.com-cleaner-systems.live,Unknown
mail.com-cleaner-pc.live,Unknown
mail.collecttix.net,Unknown
mail.cocegypt.co,Unknown
mail.clickforlessons.com,Unknown
mail.cleanersnearyou.co.uk,Unknown
mail.claimprosflorida.com,Unknown
mail.citymark.com,Unknown
mail.citylink.qa,Unknown
mail.circlemakers.us,Unknown
mail.cicto.net,Unknown
mail.christophercanterbury.com,Unknown
mail.chrislockandkey.com,Unknown
mail.cheriekwan.top,Unknown
mail.chefasucasa.com,Unknown
mail.champiedouglas.com,Unknown
mail.chairmangao.com,Unknown
mail.centijo.net,Unknown
mail.catjn.com,Unknown
mail.carvercountywatchdog.com,Unknown
mail.carsandc.com,Unknown
mail.carpasdangiola.com,Unknown
mail.caracasip.com,Unknown
mail.calgarybookkeepingetc.ca,Unknown
mail.cadenaexportadora.com,Unknown
mail.cablefreak.com,Unknown
mail.bychloe.com,Unknown
mail.buyonlinecigarettes.com,Unknown
mail.brookfield.biz,Unknown
mail.broadcouriers.co.uk,Unknown
mail.brilliantchimp.com,Unknown
mail.bridgewayinsurance.com,Unknown
mail.bridgewayforgov.org,Unknown
mail.bostonmuseumguide.com,Unknown
mail.bollyreviews.com,Unknown
mail.bioimage.com,Unknown
mail.biltmorevacationrentals.com,Unknown
mail.bibletraits.com,Unknown
mail.bi-triaxialgeogrid.com,Unknown
mail.bglass.com,Unknown
mail.betr8.com,Unknown
mail.beststretchmarkproducts.com,Unknown
mail.bestorganicfood.org,Unknown
mail.berqos.info,Unknown
mail.bellingerweb.com,Unknown
mail.beehu.com,Unknown
mail.bao83.com,Unknown
mail.balbaagroup.com,Unknown
mail.bahrainrocks.com,Unknown
mail.avis.cm,Unknown
mail.average2outstanding.com,Unknown
mail.authops.com,Unknown
mail.audreytan.com,Unknown
mail.atyarisix.com,Unknown
mail.atlascrystal.co,Unknown
mail.atlas-glass.com,Unknown
mail.atlantanonprofitexpert.com,Unknown
mail.astrosatinal.com,Unknown
mail.asianservices.net,Unknown
mail.ashromedia.com,Unknown
mail.artcontroller.com,Unknown
mail.armitest.net,Unknown
mail.arabamericanart.org,Unknown
mail.apricotenergy.com.ng,Unknown
mail.appealslegalservices.com,Unknown
mail.americanhomecareprofessionals.net,Unknown
mail.americanapparelshop.com,Unknown
mail.american.hu,Unknown
mail.ambitsocial.com,Unknown
mail.almostpopular.com,Unknown
mail.alextiger.com,Unknown
mail.albertjsantoro.com,Unknown
mail.alacaksam.com,Unknown
mail.akifkucukbay.com,Unknown
mail.agilescaleups.com,Unknown
mail.agentz.org,Unknown
mail.agatex.me,Unknown
mail.adenca.co.uk,Unknown
mail.adamestrellado.com,Unknown
mail.actionconstructionteam.com,Unknown
mail.aconferenceline.net,Unknown
mail.abs-franchise.com,Unknown
mail.77kickxballs.com,Unknown
mail.51tongchuan.com,Unknown
mail.50onred.com,Unknown
mail.3d-printing.org,Unknown
mail.360cleaning.co.uk,Unknown
mail.333media.co.uk,Unknown
mail.2a2a.net,Unknown
mail.2613.co,Unknown
mail.1s3.com,Unknown
mail.1dogstudios.com,Unknown
mail.1969liberty.net,Unknown
mail.1969.mobi,Unknown
mail.189harwoodpromo.com,Unknown
mail.189bonheursgourmands.com,Unknown
mail.188gametransfer.net,Unknown
mail.188gametransfer.com,Unknown
mail.1855carloan.com,Unknown
mail.180businessloans.com,Unknown
mail.176089.com,Unknown
mail.1610group.us,Unknown
mail.1610group.org,Unknown
mail.1610group.net,Unknown
mail.1610group.mobi,Unknown
mail.1610group.info,Unknown
mail.1607belvedere.com,Unknown
mail.150771.com,Unknown
mail.1440guide.com,Unknown
mail.135i-bmw.com,Unknown
mail.13-70.com,Unknown
mail.12zero.com,Unknown
mail.12vcd.com,Unknown
mail.12grab.com,Unknown
mail.12betworldcup.com,Unknown
mail.129082.com,Unknown
mail.128060.com,Unknown
mail.123act.net,Unknown
mail.12253.net,Unknown
mail.120771.com,Unknown
mail.116568.com,Unknown
mail.10xdevs.us,Unknown
mail.10xdevs.org,Unknown
mail.10xdevs.com,Unknown
mail.10xdev.us,Unknown
mail.10xdev.org,Unknown
mail.10xdev.net,Unknown
mail.108150.com,Unknown
mail.1080guide.com,Unknown
mail.107862.com,Unknown
mail.10376.com,Unknown
mail.101escrow.com,Unknown
mail.100steps.org,Unknown
mail.100et.com,Unknown
mail.1000xia.com,Unknown
mail.0fo.org,Unknown
mail.045120.com,Unknown
mail.03967.com,Unknown
mail.03917.com,Unknown
mail.007s.us,Unknown
mail-requesterrortoken37491.webpayidath-appsid.com,Unknown
maihama.2jikai-p.net,Unknown
mahs.edu.bd,Unknown
mahcartel.ucgalleries.com,Unknown
magstuffcomtoolbar.mytowntoolbar.com,Unknown
maginnonlinev1beta.media-toolbar.com,Unknown
magickalenchantments.myforumtoolbar.com,Unknown
magic104.myradiotoolbar.com,Unknown
magic.jellemurr.com,Unknown
magiadadeusa.myradiotoolbar.com,Unknown
magento.dolphin247.com,Unknown
magazines.british-school.org,Unknown
magazine.mrckstudio.com,Unknown
magazine.asifabih.com,Unknown
magame.myradiotoolbar.com,Unknown
mag33.icehost.ro,Unknown
mag.unitehousemusic.com,Unknown
mag.goobzo.com,Unknown
maedwellresidential.mintbig.com,Unknown
madxakep2.hocomua.ru,Unknown
mads.firefox8.msdwnld.com,Unknown
madoko.jhfree.net,Unknown
maddradio.myradiotoolbar.com,Unknown
mactonicpro.esecureshoppe.com,Unknown
macmechanic.safecart.store,Unknown
mack.saitz.com,Unknown
machine1.gdmachinery.net,Unknown
machetestyle.media-toolbar.com,Unknown
macf.dcwdhosting.com,Unknown
macduck71.ucgalleries.com,Unknown
maccleanpro.esecureshoppe.com,Unknown
macandwin.yourbroadstablecontentsgreat.icu,Unknown
macandwin.yourbroadstablecontentinggreat.xyz,Unknown
macandwin.yourbroadstablecontentinggreat.icu,Unknown
macandwin.yourbroadstablecontentgreat.xyz,Unknown
macandwin.yourbroadstablecontentgreat.icu,Unknown
macandwin.thebroadstablecontentsgreat.xyz,Unknown
macandwin.thebroadstablecontentinggreat.xyz,Unknown
macandwin.thebroadstablecontentinggreat.icu,Unknown
macandwin.thebroadstablecontentgreat.xyz,Unknown
macandwin.thebroadstablecontentgreat.icu,Unknown
macandwin.thebestdownloadsonnet.icu,Unknown
macandwin.thebestdownloadingsite.icu,Unknown
macandwin.fastandgrear4upgradecontentsnew.icu,Unknown
macandwin.broadstablecontentsgreat.xyz,Unknown
macandwin.broadstablecontentnewgreat.xyz,Unknown
macandwin.broadstablecontentingnewgreat.xyz,Unknown
macandwin.broadstablecontentingnewgreat.icu,Unknown
macandwin.broadstablecontentinggreat.icu,Unknown
macandwin.bestdownloads.club,Unknown
macandwin.bestdownloading.club,Unknown
macandwin.bestappdownloads.icu,Unknown
macaddictads.snv.futurenet.nl,Unknown
mac.mf3x3.com,Unknown
maatuska.4711.se,Unknown
maantietprobetting.militarypopupweddings.com,Unknown
ma.owwwv.com,Unknown
m67-212.igss.net,Unknown
m4meble.mariusz.pl,Unknown
m2132.ehgaugysd.net,Unknown
m1g612ss3t.centde.com,Unknown
m1.iofoon.at,Unknown
m1-mona.dytech-hosting.de,Unknown
m02.webwise.org,Unknown
m02.oix.net,Unknown
m02.oix.com,Unknown
m01.webwise.org,Unknown
m01.oix.net,Unknown
m01.oix.com,Unknown
m.zombienewsapp.com,Unknown
m.zeroredirect.com,Unknown
m.yougotunfriended.com,Unknown
m.ymingjr.com,Unknown
m.xyyj58.com,Unknown
m.webshieldonline.com,Unknown
m.videodimmertool.com,Unknown
m.v88toto.net,Unknown
m.unfriendapp.com,Unknown
m.uc029.com,Unknown
m.trackstormalert.com,Unknown
m.trackhealthalert.com,Unknown
m.trackbreakingnews.com,Unknown
m.tamilmalls.com,Unknown
m.takemyoldfood.com,Unknown
m.sxbdf.com,Unknown
m.swamigames.com,Unknown
m.standardinteractive.com,Unknown
m.speedmy.co,Unknown
m.socialreviewer.com,Unknown
m.serulom.tk,Unknown
m.safewebonline.com,Unknown
m.qviqb.info,Unknown
m.qghqf.info,Unknown
m.pubger.com,Unknown
m.product-testing-uk-2054.com,Unknown
m.playjewelquest.com,Unknown
m.playdisasteroids.com,Unknown
m.playblasteroids.com,Unknown
m.phonex.tk,Unknown
m.networkadex.com,Unknown
m.moviemasterapp.com,Unknown
m.monteschiavo.com,Unknown
m.mobiusradio.com,Unknown
m.mimzw.com,Unknown
m.miaogosc.com,Unknown
m.magnetmarketingllc.com,Unknown
m.lyyfs.info,Unknown
m.lovefl.cn,Unknown
m.loldlxmy.com,Unknown
m.login-secured.liraon.com,Unknown
m.learn2fly2.com,Unknown
m.ldy520.com,Unknown
m.kgesq.com,Unknown
m.jiuqiyang.com,Unknown
m.instashareonline.com,Unknown
m.imitinjs.info,Unknown
m.idacz.info,Unknown
m.hu.yurmobile.com,Unknown
m.hellospy.com,Unknown
m.hdgame.mobi,Unknown
m.gruvvin.com,Unknown
m.gruppo-mps.com,Unknown
m.getspeedbrowserp.com,Unknown
m.getspeedbrowser.com,Unknown
m.getsharethis.com,Unknown
m.getsecurityalert.com,Unknown
m.freevideoconverterapp.com,Unknown
m.fkzbj.com,Unknown
m.figuren-spiele.de,Unknown
m.facebook.wildcard.spgtwdev.com,Unknown
m.facebook.iphoneappdevelopers.in,Unknown
m.facebook.com.solutions-hub.com,Unknown
m.facebook.com-login-ksakdosbcgi.spgtwdev.com,Unknown
m.emread.com,Unknown
m.dvhyb.info,Unknown
m.dm-lens.com,Unknown
m.diasatu.com,Unknown
m.dfycanyin.com,Unknown
m.dcoin.co,Unknown
m.dainigou.com,Unknown
m.cyberplusserice.banquepopulaire.fr.alpes.icgauth.websso.bp.13806.emparecoin.ro,Unknown
m.css2.com,Unknown
m.cnhuaya.com,Unknown
m.cnfvv.info,Unknown
m.chwkj.top,Unknown
m.chrome-info.ru,Unknown
m.chrome-alert.ru,Unknown
m.brmwmw.loan,Unknown
m.boxcolor.com.tw,Unknown
m.bhcia.info,Unknown
m.bhardwajfilms.com,Unknown
m.bgvdr.info,Unknown
m.besthairsaloncolumbia.com,Unknown
m.bcddrm.ltd,Unknown
m.asianjos.com,Unknown
m.asianhoki.com,Unknown
m.asiandd.com,Unknown
m.asian4dok.com,Unknown
m.asian4dku.com,Unknown
m.asian4d4.com,Unknown
m.asian4d2.com,Unknown
m.asian111.com,Unknown
m.asdfz.cn,Unknown
m.alreef.org,Unknown
m.abz.com,Unknown
m.abstractborn.cn,Unknown
m.9dal.com,Unknown
m.4dasian.com,Unknown
m-vk.urmas.tk,Unknown
m-vk.serulom.tk,Unknown
m-vk.myago.tk,Unknown
m-vk.fasting.tk,Unknown
lzprzzukmu.centde.com,Unknown
lzkdmdtt4x.centde.com,Unknown
lzjue8dkseu.mbservicesyorkshire.co.uk,Unknown
lzjue8dkseu.cedricchenevert.com,Unknown
lz.mainentrypoint.com,Unknown
lyris.asmestaff.org,Unknown
lyrics.seemoresee.com,Unknown
lynx.cjestel.net,Unknown
lygci.maclenet.com,Unknown
lycq.pcgame567.com,Unknown
lxzyrkrz.virtuegirls3.com,Unknown
lxhsf.saqibsiddiqui.com,Unknown
lxagfl6bwk.milpitascarservice.com,Unknown
lwwzoi3m-site.1tempurl.com,Unknown
lw6188h45v.centde.com,Unknown
lw1.lnkworld.com,Unknown
lw.mirkre.com,Unknown
lvuuhq1x-site.1tempurl.com,Unknown
lvbcnsa.browge.com,Unknown
lvapp.ishuaji.cn,Unknown
luxury.zhilady.com,Unknown
lusty-lesbians.boinkers.com,Unknown
lustasians.sexesporn.com,Unknown
lurialibrary.mylibrarytoolbar.com,Unknown
luoopds.browge.com,Unknown
lunacrecienteradio.myradiotoolbar.com,Unknown
luminous.myblogtoolbar.com,Unknown
lulz.oromiablog.com,Unknown
lulikandihighschool.edu.bd,Unknown
luj.sdsjweb.com,Unknown
luckygroups.myradiotoolbar.com,Unknown
luckybutt.viralgalleries.me,Unknown
lucid.trslack.com,Unknown
lu11.lusthdxpleasure.com,Unknown
ltpd.pinkydurham.com,Unknown
ltms.estrazavi.ir,Unknown
ltlyqgo6-site.1tempurl.com,Unknown
ltext.browge.com,Unknown
ltauenlineachile.carlosmoles.club,Unknown
ltauenlinea-chile.online-set.com,Unknown
ltauempresascl.frontendo.com,Unknown
ltauempresas.infoaccountant.net,Unknown
ltau-unibanco.j.dnr.kz,Unknown
lt2.yjxthy.com,Unknown
lt1.yjxthy.com,Unknown
lt02.datacomspecialists.net,Unknown
lt.tworivertech.com,Unknown
lt.guc258.com,Unknown
lt.authlogs.com,Unknown
lsxylh1e-site.1tempurl.com,Unknown
lss799.yourfiledownloader.org,Unknown
lss799.yourfdownloader.net,Unknown
lsn.standard-om.net,Unknown
lskq4ysd-site.1tempurl.com,Unknown
lsj.wbkjc.cn,Unknown
lse7wsab-site.1tempurl.com,Unknown
lsa.dev.tuut.com.br,Unknown
ls3ocnra-site.1tempurl.com,Unknown
ls.0pendns.org,Unknown
lrprealestate.vi-bus.com,Unknown
lrnisraelradio.myradiotoolbar.com,Unknown
lreatonmanopayguettenabelardetemanorogenacode93submi80a.saynmoprantonmeanloj.com,Unknown
lre4kngm-site.1tempurl.com,Unknown
lr3a94rqrohsi9e5zx5m.mbservicesyorkshire.co.uk,Unknown
lqlonqihgkco.kwik.to,Unknown
lqhnvuoi.lylguys.me,Unknown
lq8xnir0vf430jssip7p.maherstcottage.com.au,Unknown
lps.ezdownloadpro.info,Unknown
lpru.antalogic.com,Unknown
lplu0rpr-site.1tempurl.com,Unknown
lplo1ghs-site.1tempurl.com,Unknown
lp2xjm2umn.centde.com,Unknown
lp.zpdownload.info,Unknown
lp.winoptimizerutils.com,Unknown
lp.winmechanictools.com,Unknown
lp.weathertab4you.com,Unknown
lp.videos-free-downloaders.com,Unknown
lp.vaudix.com,Unknown
lp.techtipsforpc.com,Unknown
lp.smartpcmechanics.com,Unknown
lp.sharelive.net,Unknown
lp.pctonics.com,Unknown
lp.pcboosterutils.com,Unknown
lp.ncdownloader.com,Unknown
lp.moviesfanatic.com,Unknown
lp.moviesearchcenter.com,Unknown
lp.koyotelab.net,Unknown
lp.kingtranslate.com,Unknown
lp.installspeed.com,Unknown
lp.gosearchtab.com,Unknown
lp.globalsystools.com,Unknown
lp.gargizer.com,Unknown
lp.fuzezip.com,Unknown
lp.ezdownloadpro.info,Unknown
lp.expressdownload.net,Unknown
lp.epcdoctors.com,Unknown
lp.epcbooster.com,Unknown
lp.efixdrivers.com,Unknown
lp.doctoantivirus.com,Unknown
lp.customnewtab.com,Unknown
lp.cleanmypc.co,Unknown
lp.bestpckeeper.com,Unknown
lp.abahm.bid,Unknown
lp-n.districdn.com,Unknown
lozyska.fhwoko.pl,Unknown
lovegravy.media-toolbar.com,Unknown
love1989.fishdns.com,Unknown
love.thotiana.live,Unknown
love.magicsites.ru,Unknown
louwave.sublinemusic.com,Unknown
loulou.webrpg.info,Unknown
louise.mog422.net,Unknown
lot.tiguanbest.at,Unknown
lostempire.myblogtoolbar.com,Unknown
loss.babieswind.faith,Unknown
losos.caliane.com.br,Unknown
losmensajeros.mystoretoolbar.com,Unknown
losas.cabanaslanina.com.ar,Unknown
los.reconm.looks-recon-get.com,Unknown
lorne.diywebdesignguy.com,Unknown
lorie.france-escort-girls.com,Unknown
loop.myfamilytoolbar.com,Unknown
looky.hyves.org,Unknown
look1.traveloka-flight.com,Unknown
look.zeusmining.com,Unknown
long.nhatnghe.vn,Unknown
lomonosov2010.lingvograd.ru,Unknown
lolliradio.media-toolbar.com,Unknown
lolita4all1.xrensmagpost.com,Unknown
lol.r00ts.ninja,Unknown
lol.godlynet.cf,Unknown
lol.belinfo.by,Unknown
lokiz.wesharetables.com,Unknown
lokiz.dennyguestpost.ca,Unknown
lokihope.co.vu,Unknown
lokanou.webinview.com,Unknown
lojaopcao.mycorn.com.br,Unknown
lojaonline.eurobar.pt,Unknown
logz.ikimfm.my,Unknown
logs.onlineinputstorage.com,Unknown
logos.raisesoft.net,Unknown
logoon.nhnicrs0fthtnlinnne.configuurrationnnne.ativat.com,Unknown
logon.bangladeshclothing.com,Unknown
logo-redco.urbandrulabs.com,Unknown
loginyqvr.matthewandana.com,Unknown
loginwjf7wb0t.edcdefensetool.com,Unknown
logins-myspace-profiles.n3t.nl,Unknown
loginpajnudqmuuov.dnhnews.com,Unknown
loginp6uecnciygo.groupsolarusa.com,Unknown
loginodrwa1gl2r6u.anmc-lb.com,Unknown
logino0p4t0732c.eitms.org,Unknown
loginly2o6qmhdnv.sealbugoutbag.com,Unknown
loginle2csbti9nmq.natalieorvisallen.com,Unknown
loginexoxf459.sigmamentors.com,Unknown
logine.frooglia.ca,Unknown
logindyarakb3gbi.anmc-lb.com,Unknown
logindropaccountonlinedocumentsecure.com.sshcarp.com,Unknown
loginaccount.web-vip.com,Unknown
login8568956285478458956895685000848545.tunisia-today.org,Unknown
login4.globalbuilders.co,Unknown
login2y.anmc-lb.com,Unknown
login1.comcast.net.intertracker.org,Unknown
login.wellsfargo.online.validate.data.docrenewx.com,Unknown
login.vivecoolcity.com,Unknown
login.tracking101.com,Unknown
login.steamcomunity.de,Unknown
login.services.mail.reconfig.org,Unknown
login.secure.text.wfmobile.site,Unknown
login.secure.text.unlock.debit.wfmobile.world,Unknown
login.secure.confirmation-wfbnk.xyz,Unknown
login.peloclub.com,Unknown
login.paypal.update.scre-chkot.com,Unknown
login.pavypal-activity.com.2-24021994.com,Unknown
login.ozlee.com,Unknown
login.netflix-unlock.com,Unknown
login.netflix-lookup.com,Unknown
login.micrrosoftonlline.com,Unknown
login.microsotfonline.com.sesecurity.org,Unknown
login.microsoftonline.o0hi.icu,Unknown
login.microsoftonline.com.vidaparacolombia.org,Unknown
login.microsoftonline.com.sesecurity.org,Unknown
login.microsoftonline.com.oddjobsnetwork.com,Unknown
login.microsoftonline.com.commonoauth2.7counties.org,Unknown
login.microsoftonline.com.atomysales.com,Unknown
login.microsofteonline.cf,Unknown
login.live.com.alwanarts.com,Unknown
login.linkedin.update.secure.login.security.com-linkedin.login.pucknopener.com,Unknown
login.hhtxnet.com,Unknown
login.fric.cn,Unknown
login.fortunabase.com,Unknown
login.fidelity.com.ftgw.fas.fidelity.rtlcust.login.init.authredoltx.fidelity.com.ftgwfbc.ofsummary.defaultpage.acmeses.com,Unknown
login.educandus.com.br,Unknown
login.docaccountdownloadvesbestlinojneviewer.nboatclub.com,Unknown
login.chaseonline.uid40744.ekamperu.com,Unknown
login.cdrome.at,Unknown
login.americapsolutions.com,Unknown
login.affluentco.com,Unknown
login.access-mail.com,Unknown
login.178stu.com,Unknown
login-verify.23423423docu.sign.com345353453.colledeipini.it,Unknown
login-us-microsoftonline-officepreviewredir-office365.volvoledus.lt,Unknown
login-to-paypal.amin-telecom.pk,Unknown
login-secured.liraon.com,Unknown
login-paypalverificationscustomers.amfree.business,Unknown
login-microsoftonlline.megmaprintopack.com,Unknown
login-microsoftonline-corn.alltimelista.com,Unknown
login-ingles.core00x01.info,Unknown
login-in.monster-hackers.com,Unknown
login-facebook.internationalgiftideas.com,Unknown
login-auth.crotdidalem.com,Unknown
login-account.information-confirmed.work,Unknown
logiin3248.event-2017.net,Unknown
logicielle.06fr.com,Unknown
logiciel.quetelecharger.com,Unknown
logiciel-antivirus.ojolink.fr,Unknown
logiciel-antispyware.ojolink.fr,Unknown
logiciel-antimalware.ojolink.fr,Unknown
logiciel-anti-spyware.ojolink.fr,Unknown
logiciel-anti-malware.ojolink.fr,Unknown
logicalfm.myradiotoolbar.com,Unknown
logging03.wxs.org,Unknown
loggin98.info-2017.net,Unknown
logger.cash-media.de,Unknown
logemail.vapr.cc,Unknown
log.widgetstat.net,Unknown
log.onoh.info,Unknown
log.circle.com.ng,Unknown
log-upgrade-helpdata-isetting-data-us.akunnet.com,Unknown
log-in.pavypal-acc.com.3-24021994.com,Unknown
locate.ecookingrecipes.com,Unknown
local.it-desktop.com,Unknown
loca.betrule.com,Unknown
loan.modernising.com,Unknown
loadhost.2zzz.ru,Unknown
load.cascadeweaving.org,Unknown
loacl.ayidada.com,Unknown
lnx.whipart.it,Unknown
lnx.poggitazzi.com,Unknown
lnx.momingd.com,Unknown
lnx.kifachadhif.it,Unknown
lnx.iissrusso.gov.it,Unknown
lnx.hdmiservice.com,Unknown
lnx.esperienzaz.com,Unknown
lnx.eridanoweb.com,Unknown
lnterbank.pe-ib.com,Unknown
lnstall.player-update.site,Unknown
lnk.pragatisoftware.com,Unknown
lmts9wsw-site.1tempurl.com,Unknown
lmsat.topgoo.net,Unknown
lms.oxfordseniors.in,Unknown
lmok1234.230110.idcice.net,Unknown
lmccm.marcconstructora.com,Unknown
lma7vytui-site.1tempurl.com,Unknown
lma.2223.ru,Unknown
llyodank.managingbyod.com,Unknown
llx8exvg-site.1tempurl.com,Unknown
llwkucyy0oc6ahasjydp.ukhs.edu.bd,Unknown
llszw.saqibsiddiqui.com,Unknown
lls.onlineupgradeonline.com,Unknown
llrkgt0gvl.harrisdentalsolutions.com,Unknown
llrhkgkrll.com.ne.kr,Unknown
lloyd.www.creative-platform.net,Unknown
lloyd.creative-platform.net,Unknown
llm6bajx-site.1tempurl.com,Unknown
llm4yuvd-site.1tempurl.com,Unknown
lll.super1024.com,Unknown
llhp.allew.com,Unknown
llc-invest.drkvrvidyasagar.com,Unknown
llaob9vd-site.1tempurl.com,Unknown
lkvmjudf79754481.nota-fiscal01.com,Unknown
lkvmjudf74734025.nota-fiscal01.com,Unknown
lkvmjudf72360396.nota-fiscal01.com,Unknown
lkrccmxbv7632876.davidguetta06.xyz,Unknown
lkrccmxbv1343315.davidguetta06.xyz,Unknown
lkqajsajkgbs.co.vu,Unknown
lkdata.myradiotoolbar.com,Unknown
ljvixhf6i-site.1tempurl.com,Unknown
ljm9kvgf-site.1tempurl.com,Unknown
ljglobalservicespbc.co.zw,Unknown
liz.thedigitaldoctor.com,Unknown
livwell.devserver.co.in,Unknown
livre.wasastation.fi,Unknown
livin4himalwayz.myforumtoolbar.com,Unknown
liveupgrade.theupgradeawesomewebsitenowcontent.icu,Unknown
liveupgrade.theupgradeawesomewebsitenewcontent.icu,Unknown
liveupgrade.theupgradeawesomewebsitefreecontent.icu,Unknown
liveupgrade.theupgradeawesome-websitefreecontent.icu,Unknown
liveupgrade.theupgradeawesome-websitecontent.icu,Unknown
liveupgrade.thetimetogetlinkingnew.icu,Unknown
liveupgrade.thetime2getupgradesnew.icu,Unknown
liveupgrade.thefreshvideo4upgradingnew.trade,Unknown
liveupgrade.thefreshvideo4upgradingnew.bid,Unknown
liveupgrade.thefreshvideo4upgradesnew.win,Unknown
liveupgrade.thefreshvideo4upgradesnew.trade,Unknown
liveupgrade.thefreshvideo4upgradenew.review,Unknown
liveupgrade.thefastandgreatflashadsscenter.icu,Unknown
liveupgrade.thefastandgreatflashads.icu,Unknown
liveupgrade.thebeststreamingspotformacpcthismonth.download,Unknown
liveupgrade.thebestperformacespotforyourpcmacnow.trade,Unknown
liveupgrade.thebestperformacespotforyourpcmacnow.download,Unknown
liveupgrade.thebestperformacespotforyourpcmacalways.trade,Unknown
liveupgrade.thebestperformacespotforyourpcmacalways.download,Unknown
liveupgrade.media-centralfreetocontentsafe.download,Unknown
liveupgrade.freeofchargecontent.trade,Unknown
liveupgrade.freeofchargecontent.stream,Unknown
liveupgrade.freeofchargecontent.date,Unknown
liveupgrade.freeofcharge-content.win,Unknown
liveupgrade.freeofcharge-content.trade,Unknown
liveupgrade.freeofcharge-content.stream,Unknown
liveupgrade.freeofcharge-content.review,Unknown
liveupgrade.freeofcharge-content.date,Unknown
liveupdate.yoursetforgoodapps.icu,Unknown
liveupdate.yourset4goodapps.icu,Unknown
liveupdate.yoursecondbestplace-content.date,Unknown
liveupdate.yourreadyforgoodapp.icu,Unknown
liveupdate.yourready4goodapps.icu,Unknown
liveupdate.yourready4goodapp.icu,Unknown
liveupdate.yourprepareforgoodapps.icu,Unknown
liveupdate.yourprepareforgoodapp.icu,Unknown
liveupdate.yourprepare4goodapps.icu,Unknown
liveupdate.yourprepare4goodapp.icu,Unknown
liveupdate.yourbestplaceforfindcontents.icu,Unknown
liveupdate.yourbestplaceforfindcontent.icu,Unknown
liveupdate.yourbestplace4findcontents.icu,Unknown
liveupdate.topeasysofttoigetalwaysfree.website,Unknown
liveupdate.thesettosafestubs.xyz,Unknown
liveupdate.thesettosafestubs.icu,Unknown
liveupdate.thesettosafestub.xyz,Unknown
liveupdate.thesettosafestub.icu,Unknown
liveupdate.theset2safestubs.xyz,Unknown
liveupdate.theset2safestubs.icu,Unknown
liveupdate.theset2safestub.xyz,Unknown
liveupdate.theset2safestub.icu,Unknown
liveupdate.thereadytosafestubs.xyz,Unknown
liveupdate.thereadytosafestubs.icu,Unknown
liveupdate.thereadytosafestub.xyz,Unknown
liveupdate.thereadytosafestub.icu,Unknown
liveupdate.theready2safestubs.xyz,Unknown
liveupdate.theready2safestubs.icu,Unknown
liveupdate.theready2safestub.xyz,Unknown
liveupdate.theready2safestub.icu,Unknown
liveupdate.thepreparetosafestubs.xyz,Unknown
liveupdate.thepreparetosafestubs.icu,Unknown
liveupdate.thepreparetosafestub.xyz,Unknown
liveupdate.thepreparetosafestub.icu,Unknown
liveupdate.theprepare2safestubs.xyz,Unknown
liveupdate.theprepare2safestubs.icu,Unknown
liveupdate.theprepare2safestub.xyz,Unknown
liveupdate.theprepare2safestub.icu,Unknown
liveupdate.thegoodplaceforgettingcontents.icu,Unknown
liveupdate.thebeststreamingspotforeverymachinetoday.win,Unknown
liveupdate.thebeststreamingspotforeverymachinetoday.trade,Unknown
liveupdate.thebeststreamingspotforeverymachinetoday.review,Unknown
liveupdate.thebeststreamingspotforeverymachinetoday.download,Unknown
liveupdate.thebeststreamingspotforeverymachinetoday.date,Unknown
liveupdate.thebeststreamingspotforeverymachinethisweek.win,Unknown
liveupdate.thebestplaceforfindcontent.icu,Unknown
liveupdate.thebestperformancespotformachinealways.date,Unknown
liveupdate.softupdate2894612.pw,Unknown
liveupdate.softupdate2894612.download,Unknown
liveupdate.softupdate2894612.bid,Unknown
liveupdate.goodplace4gettingcontent.icu,Unknown
liveupdate.bestplace4findcontents.icu,Unknown
livetime.myblogtoolbar.com,Unknown
lives.sex-explorer.com,Unknown
liveradio.myradiotoolbar.com,Unknown
liveproperty.morsit.com,Unknown
livelifeproperties.co.zw,Unknown
livehousecomaulivebar.myblogtoolbar.com,Unknown
livecheck2update.updatingalwayswhatyouwantandneedthisweek.bid,Unknown
livecheck2update.thegreatandreliablewaystocontent.icu,Unknown
livecheck2update.thegreatandreliablewaysforcontent.icu,Unknown
livecheck2update.thegreatandreliablewayscontents.icu,Unknown
livecheck2update.thegreatandreliablewayscontent.icu,Unknown
livecheck2update.ready4maintainsafesystem4setnow.download,Unknown
livecheck2update.perfectcentralsysforupdating.review,Unknown
livecheck2update.perfectcentralsysforupdates.win,Unknown
livecheck2update.perfectcentralsysforupdates.trade,Unknown
livecheck2update.perfectcentralsysforupdates.download,Unknown
livecheck2update.perfectcentralsysforupdate.win,Unknown
livecheck2update.perfectcentralsysforupdate.date,Unknown
livecheck2update.freemaintenance256984.download,Unknown
livecheck2update.entersafetoupdating.stream,Unknown
livecheck2update.awesomemaandlystable4contentandglast.icu,Unknown
livecheck.thestableandgreatflashadssnow.icu,Unknown
livecheck.thestableandgreatflashadsnow.icu,Unknown
livecheck.thestableandgreatflashadsingnow.icu,Unknown
livecheck.thestableandgreatflashadsingnew.icu,Unknown
livecheck.thestableandgreatflashadsing.icu,Unknown
livecheck.thestableandgreatflashadscenter.icu,Unknown
livecheck.thesettosafestubs.xyz,Unknown
livecheck.thesettosafestubs.icu,Unknown
livecheck.thesettosafestub.xyz,Unknown
livecheck.thesettosafestub.icu,Unknown
livecheck.theset2safestubs.xyz,Unknown
livecheck.theset2safestubs.icu,Unknown
livecheck.theset2safestub.xyz,Unknown
livecheck.thereadytosafestubs.xyz,Unknown
livecheck.thereadytosafestub.xyz,Unknown
livecheck.thereadytosafestub.icu,Unknown
livecheck.theready2safestubs.xyz,Unknown
livecheck.theready2safestubs.icu,Unknown
livecheck.theready2safestub.xyz,Unknown
livecheck.thepreparetosafestubs.xyz,Unknown
livecheck.thepreparetosafestubs.icu,Unknown
livecheck.thepreparetosafestub.icu,Unknown
livecheck.theprepare2safestubs.xyz,Unknown
livecheck.theprepare2safestub.xyz,Unknown
livecheck.theprepare2safestub.icu,Unknown
livecheck.theperfectsystoupdating.trade,Unknown
livecheck.theperfectsystoupdating.download,Unknown
livecheck.theperfectsystoupdating.date,Unknown
livecheck.theperfectsystoupdating.bid,Unknown
livecheck.theperfectsystoupdates.trade,Unknown
livecheck.theperfectsystoupdate.review,Unknown
livecheck.theperfectsystoupdate.date,Unknown
livecheck.theperfectsystoupdate.bid,Unknown
livecheck.thefreetogetupdateenew.icu,Unknown
livecheck.stablewebsite2findcontentnow.icu,Unknown
livecheck.stablewebsite2findcontentfree.icu,Unknown
livecheck.stablewebsite-findcontentnow.icu,Unknown
livecheck.stablewebsite-findcontent.icu,Unknown
livecheck.safedownloadmacandwin.win,Unknown
livecheck.groupsofservice-contentgood.win,Unknown
livecheck.goodandsafeways2links.icu,Unknown
livecheck.friendlysystem2updates.stream,Unknown
livecheck.awesomemaandlystable4contentandglast.icu,Unknown
live.yourbestsiteforfindcontent.icu,Unknown
live.yourbestsite4findcontents.icu,Unknown
live.yourbestsite4findcontent.icu,Unknown
live.thetime2getupgradingnew.icu,Unknown
live.thefreetogetupdateingstable.icu,Unknown
live.thefree2getupdateingstable.icu,Unknown
live.thebetterandreliableupdate.win,Unknown
live.thebestperformacespotforyourmacpcthismonth.trade,Unknown
live.sex-explorer.com,Unknown
live.perfectlygoodplaceforcontents.win,Unknown
live.perfectlygoodplaceforcontents.trade,Unknown
live.perfectlygoodplaceforcontents.stream,Unknown
live.perfectlygoodplaceforcontents.review,Unknown
live.perfectlygoodplaceforcontents.bid,Unknown
live.perfectlygoodplaceforcontent.win,Unknown
live.perfectlygoodplaceforcontent.stream,Unknown
live.perfectlygoodplaceforcontent.date,Unknown
live.perfectlygoodplaceforcontent.bid,Unknown
live.perfectlygoodplace4contents.win,Unknown
live.perfectlygoodplace4contents.download,Unknown
live.perfectlygoodplace4contents.bid,Unknown
live.perfectlygoodplace4content.trade,Unknown
live.perfectlygoodplace4content.stream,Unknown
live.perfectlygoodplace4content.date,Unknown
live.perfectlygoodplace4content.bid,Unknown
live.mycondofit.com,Unknown
live.medicalsoft.co.kr,Unknown
live.loadfavoritecontent.trade,Unknown
live.keeprunning.com.br,Unknown
live.greatandonlygoodplacecontentperfect.review,Unknown
live.bestcenterfor.app,Unknown
live.24x7phpsupport.com,Unknown
liulanwangye.com246sjinzanylec.com,Unknown
liuhechaiwzkjsj.sb1320.com,Unknown
littlemalaysian.myblogtoolbar.com,Unknown
littlejump.boltpreview.com,Unknown
little.forexbrokerstoday.info,Unknown
little.flashticketswf.xyz,Unknown
litstenreadio.myuniversitytoolbar.com,Unknown
litigation.maxval-soft.com,Unknown
listen.myblogtoolbar.com,Unknown
lista.liveondns.com.br,Unknown
list.ivsor.net,Unknown
list.aquelequegostadecorrer.com,Unknown
lips106.myradiotoolbar.com,Unknown
lip.healthcakes.men,Unknown
linx.donbass.name,Unknown
linux.unitys3d.com,Unknown
linux.css2.com,Unknown
linux.cocoss2d.com,Unknown
links2go.media-toolbar.com,Unknown
links.onlinedownloads.org,Unknown
links.hotplugins.com,Unknown
links.crackportal.com,Unknown
links.crack.ru,Unknown
links.boloto.info,Unknown
linking-updating.01g.info,Unknown
linkedln.sahajcare.org,Unknown
linkedin.com.uas.consumer.captcha.v2challengeid.aqeq81smued4iwaaavetrwe5crrrqe.gl2uqazct0vuxx.laprima.com.au,Unknown
linkcounter.pornosite.com,Unknown
linkbbb.lnkredirect.com,Unknown
link2.drct-linkforward503.com,Unknown
link1.drct-linkforward503.com,Unknown
link.shaiyatr.net,Unknown
link.gocrazyflower.com,Unknown
link.erasmuus.com,Unknown
link.emotivellc.com,Unknown
link.chillgrp.com,Unknown
linhas2012.h19.ru,Unknown
line27-105.adsl.kirov.ru,Unknown
line106-86.adsl.kirov.ru,Unknown
lindencg.emicrodev.com,Unknown
lindasmensagens222.qipim.ru,Unknown
lindahaiverhaily.myfamilytoolbar.com,Unknown
linasunline.mytowntoolbar.com,Unknown
lin.0penssl.com,Unknown
lin.0pengl.com,Unknown
limnoplankton786.bestofpanorama.ws,Unknown
limelightradio.myradiotoolbar.com,Unknown
liligabor.myblogtoolbar.com,Unknown
liker.hublaa.com,Unknown
like.violet.la,Unknown
like.tripdrones.com,Unknown
like.myhousequotes.com,Unknown
like.likewut.net,Unknown
like.hublaa.com,Unknown
ligrfc.ncl.co.kr,Unknown
ligrebar.mytowntoolbar.com,Unknown
lightspeed.bestseedtodo.xyz,Unknown
lightroniccontractors.co.zw,Unknown
lightradio.myblogtoolbar.com,Unknown
lightbox.lbdev.co.uk,Unknown
light.wiseie.com,Unknown
light.confirmed.de,Unknown
liga.paraszczak.com,Unknown
lifestyle.peopleviewpoint.com,Unknown
lifestamp.myblogtoolbar.com,Unknown
lifehome.myfamilytoolbar.com,Unknown
lifecycle.co.zw,Unknown
lifeatcollege.mycollegetoolbar.com,Unknown
life.imagepix.org,Unknown
life.cx0.ru,Unknown
lichttechnik.familyofpraise.org,Unknown
licenses.egsolutions.com,Unknown
license.songplayr.com,Unknown
license.l0ckb0x.xyz,Unknown
lic.home-world.net,Unknown
libs.livelinkmobile.com,Unknown
librosdepoesia.vivir-poesia.com,Unknown
library8.bimvimdan.tk,Unknown
libradu.akerusservlces.com,Unknown
libbyquills.mystoretoolbar.com,Unknown
lib4.libstat.com,Unknown
lib.cy.co.kr,Unknown
liakopoulospellecom.myradiotoolbar.com,Unknown
lhzs.923yx.com,Unknown
lhquwynw.searching-for-joy.com,Unknown
lhqtz6bs-site.1tempurl.com,Unknown
lhoss.yx1999.com,Unknown
lhitlbtc.hosstinger.info,Unknown
lhfl6yto-site.1tempurl.com,Unknown
lhdowdie.blackbeancafe.com,Unknown
lhc038qkjjlyc.218sb.com,Unknown
lh41.isolutions.ae,Unknown
lgygsk.browge.com,Unknown
lgcdn1.alm.co.kr,Unknown
lg.prodigyprinting.com,Unknown
lg.honeybeetown.com,Unknown
lfjbafklgaga.co.vu,Unknown
lfdachijzuwx4bc4.zreknv.bid,Unknown
lfdachijzuwx4bc4.x4tk5c.bid,Unknown
lfdachijzuwx4bc4.w4629d.top,Unknown
lfdachijzuwx4bc4.vrgdrs.top,Unknown
lfdachijzuwx4bc4.u9fcji.bid,Unknown
lfdachijzuwx4bc4.twyjdx.bid,Unknown
lfdachijzuwx4bc4.m7f27y.bid,Unknown
lfdachijzuwx4bc4.le2brr.bid,Unknown
lfdachijzuwx4bc4.iuzppd.top,Unknown
lfdachijzuwx4bc4.fwzxnb.bid,Unknown
lfdachijzuwx4bc4.fe6cf2.top,Unknown
lfdachijzuwx4bc4.ex9n9v.top,Unknown
lfdachijzuwx4bc4.ev99l6.bid,Unknown
lfdachijzuwx4bc4.eujvrw.bid,Unknown
lfdachijzuwx4bc4.djintc.bid,Unknown
lfdachijzuwx4bc4.af38vz.top,Unknown
lfdachijzuwx4bc4.8dlgyg.bid,Unknown
lfdachijzuwx4bc4.83zw1f.bid,Unknown
lfdachijzuwx4bc4.6szfn7.top,Unknown
lfdachijzuwx4bc4.0ndl3j.bid,Unknown
lfcizjjtkbyjjk2ya5h8.maherstcottage.com.au,Unknown
lf.8124.cn,Unknown
lexusempresa.underpants.space,Unknown
lexusempresa.100chickens.me,Unknown
lexu.goggendorf.at,Unknown
lexir.rocks.us.kzpcmad.tk,Unknown
lexinbali.myfamilytoolbar.com,Unknown
leumicardtraveltouch.myteamtoolbar.com,Unknown
letude.btwstudio.ch,Unknown
letterenbibliotheek.mylibrarytoolbar.com,Unknown
letter.ryanharlow.com,Unknown
let.monkeywish.webcam,Unknown
lesplusdejulie.myfamilytoolbar.com,Unknown
lesechos.media-toolbar.com,Unknown
lescommeresdunet.larucheduweb.com,Unknown
lesbian.flashticketswf.xyz,Unknown
lerrynsbar.media-toolbar.com,Unknown
lepetitjournaliste.intranet-voiron.fr,Unknown
lenovo.installantivirus.us,Unknown
lenkwaffen.whiteboxdj.com,Unknown
length.flashticketswf.xyz,Unknown
lend772.101panorama.ws,Unknown
lemonsurf.media-toolbar.com,Unknown
lemmeronline.syncer.com,Unknown
leksvik.historielag.org,Unknown
lekeo.iut-lannion.fr,Unknown
lejournaldumed.myblogtoolbar.com,Unknown
leiros.media-toolbar.com,Unknown
leichtlebig.saveclients.com,Unknown
legend.virtualvision2020.com,Unknown
legalsoft.yourbetterplaceforgetcontentfree.icu,Unknown
legalsoft.yourbetterplace4getcontentfree.icu,Unknown
legalsoft.yourbestsafecontentingnew.icu,Unknown
legalsoft.thesteadysystem2upgrading.win,Unknown
legalsoft.thesteadysystem2upgrading.trade,Unknown
legalsoft.thesteadysystem2upgrading.download,Unknown
legalsoft.thesteadysystem2upgrading.bid,Unknown
legalsoft.thesteadysystem2upgrades.trade,Unknown
legalsoft.thesteadysystem2upgrades.date,Unknown
legalsoft.thesteadysystem2upgrades.bid,Unknown
legalsoft.thesteadysystem2upgrade.trade,Unknown
legalsoft.thesteadysystem2upgrade.stream,Unknown
legalsoft.thesteadysystem2upgrade.download,Unknown
legalsoft.thesteadysystem2upgrade.date,Unknown
legalsoft.thebetterplaceforgetcontentfree.icu,Unknown
legalsoft.thebetterplace4getcontentsfree.icu,Unknown
legalsoft.thebetterplace4getcontentfree.icu,Unknown
legalsoft.thebestcenteronnetcontents.stream,Unknown
legalsoft.thebestcenteronnetcontents.review,Unknown
legalsoft.thebestcenteronnetcontentingplace.review,Unknown
legalsoft.thebestcenteronnetcontentingplace.download,Unknown
legalsoft.thebestcenteronnetcontenting.download,Unknown
legalsoft.thebestcenteronnetcontent.download,Unknown
legalsoft.saferoundforupgrade.download,Unknown
legalsoft.mainperfectstableostocontent.icu,Unknown
legalsoft.mainperfectstableosforcontents.icu,Unknown
legalsoft.mainperfectstableosforcontent.icu,Unknown
legalsoft.mainperfectstableoscontents.icu,Unknown
legalsoft.maingetperfectstableoscontents.icu,Unknown
legalsoft.howtoupdate154312.top,Unknown
legalsoft.betterplaceforgetcontentsfree.icu,Unknown
legalsoft.betterplaceforgetcontentfree.icu,Unknown
legalsoft.betterplace4getcontentsfree.icu,Unknown
legalsoft.all4updatingyouwilleverneed.bid,Unknown
legalsoft.all4updateyouwilleverneed.win,Unknown
legalsoft.all4updateyouwilleverneed.stream,Unknown
legalsoft.all4updateyouwilleverneed.review,Unknown
legalsoft.all4updatesyouwilleverneed.bid,Unknown
leeuwejonguitgepot.automated-income.com,Unknown
leetmore.ctf.su,Unknown
leejie75.myblogtoolbar.com,Unknown
lecjc.cherryvirus.site,Unknown
leche.myradiotoolbar.com,Unknown
lecarnetier.myblogtoolbar.com,Unknown
leborse.getdayoffer.com,Unknown
lebensrechtgemeinschaften.mylibrarytoolbar.com,Unknown
leather.cside3.jp,Unknown
leaser.uni.hu,Unknown
learning.worldjumprope.org,Unknown
learning.myworldandi.co.uk,Unknown
learning.ipeary.com,Unknown
learn2upgrade.yourbetterandreliable2upgrades.download,Unknown
learn2upgrade.yourbetterandreliable2upgrades.bid,Unknown
learn2upgrade.theperfectupdates4everyone.xyz,Unknown
learn2upgrade.theperfectupdates4everyone.host,Unknown
learn2upgrade.theperfectupdates4all.host,Unknown
learn2upgrade.theperfectupdate4everyone.xyz,Unknown
learn2upgrade.theperfectupdate4everyone.host,Unknown
learn2upgrade.stablesite-clickupdatenew.icu,Unknown
learn2upgrade.stablesite-clickupdatefree.icu,Unknown
learn2upgrade.settingallreadyforupgradethismonth.stream,Unknown
learn2upgrade.freesystemcontents.stream,Unknown
learn2upgrade.freesystemcontents.review,Unknown
learn2upgrade.freesystem-contents.stream,Unknown
learn2upgrade.freesystem-contents.review,Unknown
learn2upgrade.freesystem-contents.bid,Unknown
learn2upgrade.freesystem-content.bid,Unknown
learn.efesmoldova.md,Unknown
leads.slwpath.co.uk,Unknown
lead.program3.com,Unknown
lead.bilisim2023.com,Unknown
le-crack-de-regclean-pro.ojolink.fr,Unknown
ldtmo3rv5c.centde.com,Unknown
ldsdaws.browge.com,Unknown
ldrzoqj5-site.1tempurl.com,Unknown
ldm.littlerocknews.org,Unknown
ldac4nag-site.1tempurl.com,Unknown
ld7.ldyzz.com,Unknown
ld5.ldyzz.com,Unknown
ld.winpalace-ads.com,Unknown
ld.temp74.com,Unknown
ld.media-get.com,Unknown
ld.clicktowebs.com,Unknown
ld.carpet72.com,Unknown
ld.asset48.com,Unknown
lcp0rkyg-site.1tempurl.com,Unknown
lcoc1nizcr.littleeinsteinz.org,Unknown
lcloudsecure.accountverifikation-lcloudservice.com,Unknown
lcloud-verifybillinginformation.ryhta.com,Unknown
lcloud-apple.hostitasap.com,Unknown
lcl7a0632hjxsmcwofm3.maherstcottage.com.au,Unknown
lcl7a0632hjxsmcwofm3.littlematchagirl.com.au,Unknown
lchbftv6fn1xmn3qagdw.tyremiart.com,Unknown
lcc.vtrbandaancha.net,Unknown
lbyvdoj.forgottenfolk.tk,Unknown
lbwdfxjwzmf.256sb.com,Unknown
lbw109hdxsjt.changyingwuzi.com,Unknown
lbum4w0wd9.centde.com,Unknown
lbgb9gmf-site.1tempurl.com,Unknown
lbbrqukf.herbaltabsoutlet.ru,Unknown
lb1.youbettersearch.com,Unknown
lb.nab.com.au.knottedstone.com,Unknown
lb.nab.com.au.camieandpetestrip.com,Unknown
lb.nab.com.au.agro-mation.com,Unknown
lazytime.outcropbd.com,Unknown
layout.dubhouse.com.br,Unknown
layering.wyattspaintbody.net,Unknown
laydahiorjaw.kyahalatbngi.com,Unknown
laxkxjcr.nationaldistributinggroup.com,Unknown
lawyfirmintls.01g.info,Unknown
lawyers.svwebserver.com,Unknown
lawsociety.org.ls,Unknown
lawnmarket.parachute.digital,Unknown
lawfirm.chungcheng.net,Unknown
law.vyudu.tech,Unknown
law.dekante.ru,Unknown
lavorai-novogodisnjim1.justaskhelpcentre.co.uk,Unknown
lava.hatchfactory.in,Unknown
lautresolution.dataconception.com,Unknown
laurahanly.robhanly.com,Unknown
launcher.cs-exclusive.ru,Unknown
latiradera.mytowntoolbar.com,Unknown
latinoradiousa.myradiotoolbar.com,Unknown
latest-457072.shemirta.info,Unknown
lastworking.yourstableforgreatcontentsnow.icu,Unknown
lastworking.yourstableforgreatcontentsnew.icu,Unknown
lastworking.yourstableforgreatcontentscenter.icu,Unknown
lastworking.yourstableforgreatcontentnow.icu,Unknown
lastworking.yourstableforgreatcontentingcenter.icu,Unknown
lastworking.yourstableforgreatcontentcenter.icu,Unknown
lastworking.yourstableforgreatcontent.icu,Unknown
lastworking.videosearchingforupdating.bid,Unknown
lastworking.video2updatingnow.win,Unknown
lastworking.thebigsystemstrafficforupdates.stream,Unknown
lastworking.thebeststreamingspotforyourmachinealways.review,Unknown
lastworking.thebeststreamingspotforyourmachinealways.download,Unknown
lastworking.thebeststreamingspotforyourmachinealways.date,Unknown
lastworking.thebeststreamingspotformachinealways.win,Unknown
lastworking.alltrafficforupdates.trade,Unknown
lastversion.yoursecondbestplace-content.bid,Unknown
lastversion.thesitetostreamsafevideo.xyz,Unknown
lastversion.thesitetostreamsafevideo.icu,Unknown
lastversion.thesiteforstreamsafevideo.xyz,Unknown
lastversion.thesiteforstreamsafevideo.icu,Unknown
lastversion.thesite4streamsafevideo.xyz,Unknown
lastversion.thesite4streamsafevideo.icu,Unknown
lastversion.thesite2streamsafevideo.xyz,Unknown
lastversion.thesite2streamsafevideo.icu,Unknown
lastversion.soft-freeandgreatupdatesloadtoday.date,Unknown
lastversion.soft-freeandgreatupdatesloadnow.review,Unknown
lastversion.sitetostreamsafevideo.xyz,Unknown
lastversion.sitetostreamsafevideo.icu,Unknown
lastversion.sitetostreamingsafevideo.xyz,Unknown
lastversion.sitetostreamingsafevideo.icu,Unknown
lastversion.siteforstreamsafevideo.xyz,Unknown
lastversion.siteforstreamsafevideo.icu,Unknown
lastversion.siteforstreamingsafevideo.xyz,Unknown
lastversion.siteforstreamingsafevideo.icu,Unknown
lastversion.site4streamsafevideo.xyz,Unknown
lastversion.site4streamsafevideo.icu,Unknown
lastversion.site4streamingsafevideo.xyz,Unknown
lastversion.site4streamingsafevideo.icu,Unknown
lastversion.site2streamsafevideo.xyz,Unknown
lastversion.site2streamsafevideo.icu,Unknown
lastversion.site2streamingsafevideo.xyz,Unknown
lastversion.site2streamingsafevideo.icu,Unknown
lastversion.freebetterlinksonnet.xyz,Unknown
lastversion.freebetterlink-onnet.xyz,Unknown
lastversion.freebestlinksonnet.xyz,Unknown
lastversion.entersafetoupdating.download,Unknown
lastversion.entersafetoupdates.win,Unknown
lastversion.entersafetoupdate.bid,Unknown
lastaffa.denunzio.it,Unknown
last.thermalpowersolutions.com,Unknown
last.linkitnet.com,Unknown
larose.jb2c.me,Unknown
laronde20.mystoretoolbar.com,Unknown
larhalt.mystoretoolbar.com,Unknown
laragrunthal.2gendev.net,Unknown
laradioisraelienne.myradiotoolbar.com,Unknown
laptop.07x.net,Unknown
lao.o01.net,Unknown
lanzar.publicidadweb.com,Unknown
lansing-factoring-companies.transportationfactoringcompany.org,Unknown
lanky.baxishop.ro,Unknown
lankanexpress.loyaltytoolbar.com,Unknown
laniebearsuk.myforumtoolbar.com,Unknown
languagehelpers.myuniversitytoolbar.com,Unknown
language.veiljump.fun,Unknown
landpagebrazil.whelastic.net,Unknown
landmarkgroup.com.bd,Unknown
landing.driverrestore.com,Unknown
landia.agrotex.com.ua,Unknown
land.14-18.ru,Unknown
lancjossy.wm01.to,Unknown
lancasterlincoln.goldenlands.vn,Unknown
lanbemzf9g.centde.com,Unknown
lan.free-lyrics-online.com,Unknown
lan-70-132.skynet.lt,Unknown
lamson.danang.today,Unknown
lamp.troublerifle.bid,Unknown
lalibrebe.media-toolbar.com,Unknown
laila.bestseedtodo.xyz,Unknown
laicsplaas.rikkisix.net,Unknown
lafoisexclusivefamily.myfamilytoolbar.com,Unknown
lafitte-info.myblogtoolbar.com,Unknown
ladyz.alyx.isthebe.st,Unknown
lady.qwertin.ru,Unknown
lado.laboudoirphotographer.com,Unknown
lacw.nnsdesigners.com,Unknown
lactating.ucgalleries.com,Unknown
lac.w2go.co.il,Unknown
lac.acctrue.com,Unknown
labs.otserv.pl,Unknown
labphon15.labphon.org,Unknown
labo.artenaire.com,Unknown
labanquepostale.fr.rebikissling.com,Unknown
lab1.ozaki-kyousei.com,Unknown
lab.netcomputer.be,Unknown
lab.net.bd,Unknown
lab.acc-soft.com,Unknown
la.tribpubads.com,Unknown
la.flvmplayer.com,Unknown
l8ixvhya.wangwangwang.info,Unknown
l7gfihdr-site.1tempurl.com,Unknown
l7fmkckmm7.centde.com,Unknown
l7biunpk-site.1tempurl.com,Unknown
l5sxhsaidb.centde.com,Unknown
l416khwl8uaopqx15yfaqjg7z2rtjk21d7nrhxjcbvbfeaag2oi3g4mn28bc.fitnesscuriosity.com,Unknown
l33t.brand-clothes.net,Unknown
l123d.feustude.at,Unknown
l.zombienewsapp.com,Unknown
l.zeroredirect.com,Unknown
l.webshieldonline.com,Unknown
l.videodimmertool.com,Unknown
l.unfriendapp.com,Unknown
l.trackstormalert.com,Unknown
l.trackhealthalert.com,Unknown
l.trackbreakingnews.com,Unknown
l.trabiudsfaum.net,Unknown
l.tmob.tk,Unknown
l.swamigames.com,Unknown
l.speedyhashstation.com,Unknown
l.socialreviewer.com,Unknown
l.safewebonline.com,Unknown
l.playjewelquestgame.com,Unknown
l.playjewelquest.com,Unknown
l.playdisasteroids.com,Unknown
l.playblasteroids.com,Unknown
l.plants-vs-zombies-game.com,Unknown
l.ocalhost.host,Unknown
l.moviemasterapp.com,Unknown
l.mobiusradio.com,Unknown
l.learn2fly2.com,Unknown
l.instashareonline.com,Unknown
l.in.intrust.cc,Unknown
l.gruvvin.com,Unknown
l.getspeedbrowserp.com,Unknown
l.getspeedbrowser.com,Unknown
l.getsharethis.com,Unknown
l.getsecurityalert.com,Unknown
l.freevideoconverterapp.com,Unknown
l.checkernow.com,Unknown
l-nv.tech.starkmedia.ru,Unknown
l-assurance-maladie-gouv-public.fr-particuliers.playgolfbali.com,Unknown
kzk101.myradiotoolbar.com,Unknown
kz.kupol.me,Unknown
kyrsu.frost-electric-supply.com,Unknown
kyaabfpe.boxcage.net,Unknown
kwpop.mscrack.com,Unknown
kwiecien2017.pdns.cz,Unknown
kwakjuwon.com.ne.kr,Unknown
kuzrab.maxpolezhaev.ru,Unknown
kurumsal.webprojemiz.com,Unknown
kursk.igid.ru,Unknown
kursdollara.f-noks.info,Unknown
kurou.bokunenjin.com,Unknown
kurenai.myblogtoolbar.com,Unknown
kurd.warez.net,Unknown
kuolemanhiljaisuus.lmayoneinsurance.com,Unknown
kunststudentenpohjolakin.repipeseattlenow.com,Unknown
kunj.minitunes.org,Unknown
kungfounded.gaboleon.com,Unknown
kundenservice-1278.dq3dq321dd.net,Unknown
kunbang.yinyue.fm,Unknown
kumud.myblogtoolbar.com,Unknown
kulttuurimaisema.ruthli.com,Unknown
kulro.csheaven.com,Unknown
kuligi.wislaa.pl,Unknown
kukuku0.alarmandburglarsystems.com.au,Unknown
kuglu.mymag250.co.uk,Unknown
kudaraertragsdifferenz.modelscientists.com,Unknown
kuaila.py6877.cn,Unknown
kuafor.aygungroup.com,Unknown
kuac.vtrbandaancha.net,Unknown
ktvac.ktvcss.org.ru,Unknown
ktgroup.mark-lab.biz,Unknown
ktalpzboiwhm.cleverloose.ru,Unknown
kt.garcom.kz,Unknown
kstore.globalhotelsmotels.com,Unknown
kssh.all4fast.com,Unknown
kspacebarv10.myblogtoolbar.com,Unknown
kskhhsgcacaca.co.vu,Unknown
ksjarek.namiotspotkania.pl,Unknown
ks.y-0.net,Unknown
krystexxaconnect.staging.neonglyph.com,Unknown
krusty.xnet.uz,Unknown
krsa2gno.youre-todays-lucky-sweeps-winner.com,Unknown
krsa2gno.todays-sweepstakes-winner.com,Unknown
krsa2gno.internet-security-alert.com,Unknown
kroatien-urlaub.com.hr,Unknown
kringelhockey.myblogtoolbar.com,Unknown
kremenchug.mytowntoolbar.com,Unknown
kreativne-mesto.governance.sk,Unknown
krb.3flow.eu,Unknown
krasr.skrollx.com.np,Unknown
kral.kingx.info,Unknown
kraken.giantrealm.com,Unknown
kqsjzryt.danielphalen.com,Unknown
kpzwkrozpc.ivertiipolska.com.pl,Unknown
kpzwkrozpc.bradul.creatory.org,Unknown
kpyzbmpj.seahillfarm.com,Unknown
kpopstarz.kienthucsong.info,Unknown
kpn.com-klantenservice.asiapopgirls.com,Unknown
kpli.courtindental.org,Unknown
kpai7cr7jxqkilp.torexplorer.com,Unknown
kp.css2.com,Unknown
kovimmfq.leiquan.me,Unknown
kotizacija.branding.ba,Unknown
kort.07x.net,Unknown
korczak.wielun.pl,Unknown
kor.nkhumanrights.or.kr,Unknown
kopliku.mytowntoolbar.com,Unknown
kooldzrz.pieforme.com,Unknown
koo.alkiliving.com,Unknown
konditer.portffolio.in.ua,Unknown
konangekizinharibako.letstalksalt.com,Unknown
komunikacije.viamedia.ba,Unknown
komplex2.psyradio.org,Unknown
kolhashofar.myradiotoolbar.com,Unknown
kokoutad.mi-website.es,Unknown
kokoblsalbaba.blossy.xyz,Unknown
koki.aoneinfotech.net,Unknown
kohvedel.media-toolbar.com,Unknown
kogal.bestseedtodo.xyz,Unknown
koffekupne.tlpdesignstudios.com,Unknown
kodipc.linkandzelda.com,Unknown
kobiremcos.punkdns.top,Unknown
ko5bf7lqqqhqjgh1l7lo.maherstcottage.com.au,Unknown
knlvlczlhn.centde.com,Unknown
knite.flashticketswf.xyz,Unknown
knightonlinegentr.myforumtoolbar.com,Unknown
kni.prz.rzeszow.pl,Unknown
kmjzb.saqibsiddiqui.com,Unknown
kmforum.myforumtoolbar.com,Unknown
kluch.legostore.kz,Unknown
kltg.241804.com,Unknown
klqaulwpb4.centde.com,Unknown
kliteroservicealex2003.mystoretoolbar.com,Unknown
klinkaeo.mytowntoolbar.com,Unknown
klimaksalepottawotomi.genespeaking.com,Unknown
klikanet.webzel.net,Unknown
klik.klikadvertising.com,Unknown
kleinanzeigen.ebay.de.e-nutzername.info,Unknown
kldy.kylienet.com,Unknown
klb.tunding.de,Unknown
klao.fincruit.co,Unknown
klantportaal.mwnh.staging.enixe.com,Unknown
kladusaonline.mycitytoolbar.com,Unknown
klack.thedisneygroup.biz,Unknown
kl82.belpravo.by,Unknown
kl.bar.need2find.com,Unknown
kkr4hbwdklf234bfl84uoqleflqwrfqwuelfh.brazabaya.com,Unknown
kknk-shop.dev.onnetdigital.com,Unknown
kk513.globalsolarmart.net,Unknown
kk493.dhhzb.cc,Unknown
kk487.loveyun.cc,Unknown
kk484.wxfenx.cc,Unknown
kk478.bodygo.cc,Unknown
kk.yxoi.com,Unknown
kjz.balirentalequipment.com,Unknown
kjysflqx.yjdata.me,Unknown
kjw.wzinfo.net.cn,Unknown
kjsdi.kalphinc.com,Unknown
kjoie0u5lc.centde.com,Unknown
kjaobemtbbptqnqe.4x4corps.com,Unknown
kj0827.com.ne.kr,Unknown
kiwibank1.com.space2upreview.net,Unknown
kivooexpress.media-toolbar.com,Unknown
kite.unixverse.de,Unknown
kit.sexequalite.com,Unknown
kit.arenagay.com,Unknown
kissmycrack.nichedsites.com,Unknown
kissfm895gamanadhlusta.myradiotoolbar.com,Unknown
kissable.myteamtoolbar.com,Unknown
kiss.oatmealscene.loan,Unknown
kiss.marketchickens.men,Unknown
kisker.czisza.hu,Unknown
kishiwata.sensyu.org,Unknown
kirkersoft.myteamtoolbar.com,Unknown
kirao.ashmarinc.com,Unknown
kinozu.myblogtoolbar.com,Unknown
kingrich.sopanselalu.com,Unknown
kine.web4me.fr,Unknown
kindlefire.technicalsupportcontact.net,Unknown
kindergarten.4760.at,Unknown
kimgelman.aios2.agentimage.net,Unknown
kimeya.aielber.com,Unknown
kimani.dommel.be,Unknown
kikkeuhtoolbar.myradiotoolbar.com,Unknown
kielitaitoisiazalega.teenkillers.com,Unknown
kieker.gymnasium-pasewalk.de,Unknown
kiefermania.myblogtoolbar.com,Unknown
kiecan.kzstage.com,Unknown
kidrse.co.vu,Unknown
kiana84.myblogtoolbar.com,Unknown
kiahs.edu.bd,Unknown
khs.arim.pe.kr,Unknown
khmdurdmadrasha.edu.bd,Unknown
khemi7.myuniversitytoolbar.com,Unknown
khaosstorm.100chickens.me,Unknown
khalidhacker.webobo.com,Unknown
kh5jfnvkk5twerfnku5twuilrnglnuw45yhlw.vealsithe.com,Unknown
kh5.teretettupsfvjp.site,Unknown
kgs.myblogtoolbar.com,Unknown
kgr.kirov.spb.ru,Unknown
kgohter.hugwerasoting.com,Unknown
kgile.grejt.pl,Unknown
kg6gs.5wrc.com,Unknown
kg.myuniversitytoolbar.com,Unknown
kfpkfeg.nabrowser.com,Unknown
keyupgrade.yourfreesearchupgrade.download,Unknown
keyupgrade.yourbetterandreliabletoupdating.download,Unknown
keyupgrade.thecentral2updating.bid,Unknown
keyupgrade.thebestandfreeupdating.icu,Unknown
keyupgrade.thebestandfreeupdates.icu,Unknown
keyupgrade.morecheaplinkexchangeperformance.download,Unknown
keyupgrade.livechecksafesystem4unow.download,Unknown
keyupgrade.legalwebsitetogetcontentnew.icu,Unknown
keyupgrade.legalwebsitetogetcontent.icu,Unknown
keyupgrade.legalwebsite2getcontentnow.icu,Unknown
keyupgrade.cool-andmaximumsoftupgradesyouneedtoday.bid,Unknown
keyupgrade.awesomemafreestable4updatesnow.icu,Unknown
keyupgrade.awesomemafreestable4updatenow.icu,Unknown
keylogger.friweb.hu,Unknown
key2heaven.myblogtoolbar.com,Unknown
kewu.cfpwealthcpp.net,Unknown
kety.myforumtoolbar.com,Unknown
ketofatburningsolution.com-today.info,Unknown
kerui.designmehair.net,Unknown
kernel8.wheatcom.com,Unknown
kernel6.wheatcom.com,Unknown
kernel4.wheatcom.com,Unknown
kernel3.wheatcom.com,Unknown
kernel10.wheatcom.com,Unknown
kermithefrog.searchmiracle.com,Unknown
kerman.omidantakhfif.ir,Unknown
ker.pic2pic.site,Unknown
kenny.cenlnd.com,Unknown
kennedy.sitoserver.com,Unknown
kenmollens.hackerz5.com,Unknown
kenix.debugnet.com,Unknown
ken.peregrinefalconxpress.com,Unknown
kelvin.solutionzhub.com,Unknown
keloa97w2.fanpage-serviese2.cf,Unknown
kellysimms.marqueeesolution.com,Unknown
kello.igg.biz,Unknown
keli-kartu.toptenders.com,Unknown
kelatedaily.myradiotoolbar.com,Unknown
kelant.wm01.to,Unknown
kegolk.wm01.to,Unknown
kefrq0wkie.da387v98cv.icu,Unknown
keeperofhope.myblogtoolbar.com,Unknown
keep.bitcoincardroom.com,Unknown
keavendotcom.myblogtoolbar.com,Unknown
ke8yuxzi4q.insais.org,Unknown
ke1oizqwlz.centde.com,Unknown
kdr6jmomc5yuoqhv9x95.maherstcottage.com.au,Unknown
kdmv.igg.biz,Unknown
kdm.bortian.net,Unknown
kdfhfh.idol-s.com,Unknown
kdeleener.dommel.be,Unknown
kde.nfcfhosting.com,Unknown
kdbx.3333shop.com,Unknown
kdbrj0psml.bradul.creatory.org,Unknown
kda.15211223344.com,Unknown
kd.mestving.co.uk,Unknown
kcvj.larlkcn.com,Unknown
kc.mv.bidsystem.com,Unknown
kbv5s.kylepasse.at,Unknown
kbtj.3333shop.com,Unknown
kbs.foksyazilim.com,Unknown
kbpark.media-toolbar.com,Unknown
kbonthebeat.b-side-solutions.com,Unknown
kbc.be.vcawmmv020.info,Unknown
kbc.be.qazispecialistclinic.com,Unknown
kbc.be.institut-blaisepascal.com,Unknown
kb19.mystoretoolbar.com,Unknown
kb.winantiviruspro.com,Unknown
kb.errorsafe.com,Unknown
kazorum.forumtoolbar.com,Unknown
kazan.zrus.org,Unknown
kazan.xrus.org,Unknown
kazak.zendo.in.ua,Unknown
kazaa.adserver.co.il,Unknown
kayserihabertoolbar.media-toolbar.com,Unknown
kaymak06.myradiotoolbar.com,Unknown
kawasaki.com.mm,Unknown
kawalpilkadabot.getacipta.co.id,Unknown
kaviar-dreams.be.tc,Unknown
katy.voyagemg.net,Unknown
katiusha.labitnangi-uo.ru,Unknown
katie.runtnc.net,Unknown
kathy.foceni.org,Unknown
katharina.schulmeister.nrw,Unknown
katanya.rame.yah.di.channel.violet.la,Unknown
katalog.enepi-media.pl,Unknown
kat-ads.torrenticity.com,Unknown
kaspersky.windlap.net,Unknown
kaspersky.installantivirus.us,Unknown
kaspersky-support.installantivirus.us,Unknown
kaspersky-antivirus.ojolink.fr,Unknown
kaschig.ems-server04.de,Unknown
karyailmiah.stks.ac.id,Unknown
karpa-diem.myblogtoolbar.com,Unknown
karmeluishinomo.skylineinsulation.com,Unknown
karmalita.mylibrarytoolbar.com,Unknown
kardinal.myforumtoolbar.com,Unknown
karanlikdusforumu.myforumtoolbar.com,Unknown
karaganda.xkaz.org,Unknown
karaelmasportal.myuniversitytoolbar.com,Unknown
kar.big-pro.com,Unknown
kapusyne.shariadivorce.com,Unknown
kappakappapsi.kkytbsonline.com,Unknown
kapieu3fsi.centde.com,Unknown
kaosradio.myradiotoolbar.com,Unknown
kaohs.apolomultimedia-server1.info,Unknown
kantoor.vescolub.nl,Unknown
kanmgltripodcom.myradiotoolbar.com,Unknown
kanishka.lankatillake.com,Unknown
kanboard.globalsoftm.com,Unknown
kamyst.websoft.kz,Unknown
kamupersonelicom.media-toolbar.com,Unknown
kamiju.myfamilytoolbar.com,Unknown
kamelot.marketing-pr.biz,Unknown
kamdhenu.technoexam.com,Unknown
kamaruka.vic.edu.au,Unknown
kalomira.myforumtoolbar.com,Unknown
kalo.onvid.xyz,Unknown
kalistaci-chaturbate.infosexcam.com,Unknown
kaks.enko.ee,Unknown
kakkospaikalta.garrettdoyle.us,Unknown
kajkuowu.lijianrou.cn,Unknown
kaidxqxxzh.dgqdpcdjre.madpendesign.com.au,Unknown
kahalgaondulmahighschool.edu.bd,Unknown
kaen.progaming-cheats.ru,Unknown
kacee.co.zw,Unknown
kabbalah.torah-code.org,Unknown
kaaza.de.sr,Unknown
kaax.fincruit.co.uk,Unknown
ka.7mas.cn,Unknown
k5dwwsm3u5kd2kjkm42l.viomil.ro,Unknown
k5btvbpr2a.a2zeeholidays.com,Unknown
k47d3.proporr.com,Unknown
k44sp5efyiar7fm4.onion.guide,Unknown
k40dwoifj1350815.dy4-nobody.com,Unknown
k3wjylqzmswmi3vsyq7y.maherstcottage.com.au,Unknown
k3cxd.pileanoted.com,Unknown
k34ew.keyedgell.com,Unknown
k2team.kyiv.ua,Unknown
k234s.ascotsprue.com,Unknown
k1q0skdoam.centde.com,Unknown
k17177.bins.lop.com,Unknown
k1.mobileadsserver.com,Unknown
k.zeroredirect.com,Unknown
k.oxvkeq.co,Unknown
k.ludong.tv,Unknown
k.ctsywy.com,Unknown
jzsvdiub.crestonhall.com,Unknown
jz5u.dun.123ch.cn,Unknown
jz5u.down.123ch.cn,Unknown
jygx.3333shop.com,Unknown
jydrxgqo.lengana.net,Unknown
jyareview-document.pdf-iso.webapps-security.review-2jk39w92.ab5nights.com,Unknown
jxgz0kijwc.bvvz1oh0an.madpendesign.com.au,Unknown
jxax.chirobinson.com,Unknown
jx.hamofo.com,Unknown
jx.greenhua.com,Unknown
jworld.monlineserviceplc.com,Unknown
jw.sdcjxy.com,Unknown
jvlqkkutcpgjtwyu2atl.maherstcottage.com.au,Unknown
jvlqkkutcpgjtwyu2atl.littlematchagirl.com.au,Unknown
jvelizg.vtrbandaancha.net,Unknown
jvanjcx4.impregnable.net,Unknown
juzi.xtxz.us,Unknown
justine1985.viralgalleries.me,Unknown
justformyconvenience.mycitytoolbar.com,Unknown
justbest.viralgalleries.me,Unknown
just764.apanorama.ws,Unknown
just-for-style.omur71.ru,Unknown
junkies.igg.biz,Unknown
junesky.myblogtoolbar.com,Unknown
jump.readclick.com,Unknown
jump.ewoss.net,Unknown
jump.aragontrack.com,Unknown
julio.xarold.com,Unknown
julija.progtest.ru,Unknown
juliasjournal.myblogtoolbar.com,Unknown
jukykq.linux-dude.net,Unknown
jugg-fuckers.enjoylust.com,Unknown
juegos.ircfast.com,Unknown
jue0jc.lukodorsai.info,Unknown
judges.ssm.net,Unknown
jud923847823t4geskjbkuyeuisf.andrequintao.com.br,Unknown
ju.interscope.co.kr,Unknown
jty.networkingsquare.info,Unknown
jty.faithfultoday.com,Unknown
jtxpquvym2.centde.com,Unknown
jtwxbjtes.baid1u.com,Unknown
jtpcooperation.media-toolbar.com,Unknown
jthl963t4s.centde.com,Unknown
jtcl.5130.cn,Unknown
jtbnjcj1qh.centde.com,Unknown
jt3e8vydhq.centde.com,Unknown
jsys.analogpoint.com,Unknown
jssdk.beetv.net,Unknown
jsryre.traviscountydefenselawyer.com,Unknown
jsp.drivecleaner.com,Unknown
jsngupdwxeoa.uglyas.com,Unknown
jsmzk94yva.centde.com,Unknown
jsl.infostatsvc.com,Unknown
jsjty.sprinklerrepairsfortworth.com,Unknown
jsjd.news315.org,Unknown
jsgc.gaggzy.com,Unknown
jsdx.91xiazai.com,Unknown
jscode.yavli.com,Unknown
jsbaden.jemk.ch,Unknown
js.xiazaicc.com,Unknown
js.union.doudouguo.net,Unknown
js.truthwithinplumbago.org,Unknown
js.toki-aiad.com,Unknown
js.stats.de,Unknown
js.softreklam.com,Unknown
js.securesoft.info,Unknown
js.mobileoffers-bm-download.com,Unknown
js.livehelper.com,Unknown
js.k0102.com,Unknown
js.freedownloadsoft.net,Unknown
js.foxitwebdisclosurecontent.com,Unknown
js.cybermonitor.com,Unknown
js.cleancentertours.com,Unknown
js.cdn.ac,Unknown
js.anbtr.com,Unknown
js.5689.nl,Unknown
js.36438.com,Unknown
js.1n-dobloebu3.ws,Unknown
jrfashion.sys.net.tw,Unknown
jqlb.4646u.com,Unknown
jq7aucqixr.centde.com,Unknown
jppost.picp.io,Unknown
jpmorganchaseauthe.ghaffarigroup.com,Unknown
jpkc.cztgi.cn,Unknown
jphandytool.myfamilytoolbar.com,Unknown
jpg.hardcore.pornparks.com,Unknown
jpedownload.joltid.com,Unknown
jp.lyricbus.com,Unknown
jp.codedcultures.net,Unknown
joylink.nku.cn,Unknown
joy.full.bless.christmas,Unknown
jowellino.niekdeweerd.nl,Unknown
journee.bien-etre.du.printemps.eriged.fr,Unknown
journal.haut-lac.net,Unknown
journal.egostile.net,Unknown
jou.thedisneygroup.com,Unknown
jotkzathku5uzxyzfv56.maherstcottage.com.au,Unknown
josie.comeque.com,Unknown
jort.mystoretoolbar.com,Unknown
jore.fortunersanjaya.com,Unknown
jordan.intrinsicality.org,Unknown
jondfe.co.vu,Unknown
jonashanssondk.mytowntoolbar.com,Unknown
jolu.kohlsic.net,Unknown
jokesandriddles.myblogtoolbar.com,Unknown
jokes.hotplugins.com,Unknown
jokadai.myblogtoolbar.com,Unknown
jojos.sexypleasure.com,Unknown
joinus.logicalatdemo.co.in,Unknown
join.thebossxxx.com,Unknown
join.midgetcum.com,Unknown
join.latinbootygirls.com,Unknown
join.iloveblackcum.com,Unknown
join.humantoiletbowls.com,Unknown
join.filthydatez.com,Unknown
join.exitfuel.com,Unknown
join.cumbrushers.com,Unknown
join.coedslovebigdicks.com,Unknown
join.clonecashsystem.com,Unknown
join.arabstreethookers.com,Unknown
johnsoncityfamilyretreatcom.domainstel.org,Unknown
john635.goodtreasure.rocks,Unknown
john.countrydreamacres.com,Unknown
joe.ziraat-helpdesk.com,Unknown
jockersoft.toolshape.com,Unknown
jochuwz50k.zl9ep5zzxe.madpendesign.com.au,Unknown
jobsdb.topklik.com,Unknown
jobs.spyreporters.com,Unknown
jobs.araby-host.com,Unknown
joban.apiktechsolution.com,Unknown
job.softline.top,Unknown
joansplace.myfamilytoolbar.com,Unknown
jo3qfqjsojqkn9bhsvdg.viomil.ro,Unknown
jo.zan.hu,Unknown
jntyir.pressurewashingdallastx.com,Unknown
jntgsn0h9v.centde.com,Unknown
jnrts.southwesternartpaintings.com,Unknown
jmtom4jm8z.centde.com,Unknown
jmtc.91756.cn,Unknown
jms.theprogressteam.com,Unknown
jmriba.endoterapiavegetal.com,Unknown
jmoney.daniel2you.com,Unknown
jmgui.ejjymqm.xyz,Unknown
jmf.uptpkkediri.info,Unknown
jmdomega.myradiotoolbar.com,Unknown
jmcoru.fagdns.com,Unknown
jm6y4zxuwo.harrisdentalsolutions.com,Unknown
jm.4biz.fr,Unknown
jl.shoppingmall.com.cn,Unknown
jkpf.mytowntoolbar.com,Unknown
jkonl1.qipim.ru,Unknown
jk.yeawindows.com,Unknown
jjoyqxu0or.centde.com,Unknown
jjl2au.6y7eiv6v.com,Unknown
jjl2au.5z5e03szn.com,Unknown
jjj.snprobbx.pbz.r.de.a2ip.ru,Unknown
jjee.uygbdfg.com,Unknown
jj.kuai-go.com,Unknown
jj.k2grillpizza.co.uk,Unknown
jj.duola123.com,Unknown
jj.bonniewarrenmusic.com,Unknown
jj.aresgame.info,Unknown
jj.abtc.edu.cn,Unknown
jj.2hew7rtu.ru,Unknown
jixguzfaxdajzhhasiqd.ahdaaf.org,Unknown
jishu.sa186.com,Unknown
jishu.sa181.com,Unknown
jishu.sa153.com,Unknown
jishu.sa130.com,Unknown
jishu.sa095.com,Unknown
jishu.sa090.com,Unknown
jishu.sa089.com,Unknown
jishu.sa056.com,Unknown
jishu.sa032.com,Unknown
jishu.sa026.com,Unknown
jishu.sa017.com,Unknown
jinan.pengai.com.cn,Unknown
jimot.igg.biz,Unknown
jimdandeez.mystoretoolbar.com,Unknown
jimcu.edu.m1dcountry.com,Unknown
jimcrew.venaah.com,Unknown
jim.patnett.com,Unknown
jiidgyfnzk.centde.com,Unknown
jicu.personalista.com,Unknown
jhyrtge4.ariesbusinessvaluationadvisors.com,Unknown
jhy67.amarte.us,Unknown
jhwm.igg.biz,Unknown
jhgfds.ariesbusinessvaluationadvisor.com,Unknown
jhf.neurology-nurse.net,Unknown
jhbp2.sa010.com,Unknown
jhaa.org.bd,Unknown
jh.xcvftftech.xyz,Unknown
jh.fdhjdfyg.xyz,Unknown
jh.dfghgo.xyz,Unknown
jh.01lm.com,Unknown
jgxy.lygtc.cn,Unknown
jgoode7.busa345.com,Unknown
jgh.szbaiila.com,Unknown
jg.itxinshikong.com,Unknown
jfrf.sa035.com,Unknown
jf4pfgrk0spdhzztuyzf.ukhs.edu.bd,Unknown
jeyhne.120dxb.com,Unknown
jeu.nuitsexy.fr,Unknown
jesterbar.loyaltytoolbar.com,Unknown
jessejoeboy.myradiotoolbar.com,Unknown
jeryy.streamclassy.pw,Unknown
jersooz.loyaltytoolbar.com,Unknown
jeanmarcperfetti.myradiotoolbar.com,Unknown
je.jetexpo.ru,Unknown
jdxz.1yxgw.com,Unknown
jdownloader.packfr.com,Unknown
jdownloader.download-tools.org,Unknown
jdi4nxe1gbjxb7eav8lw.littlematchagirl.com.au,Unknown
jddizh1xofciswt1ehvz.thequalitycheck.com,Unknown
jcki.unlockmyphonee.com,Unknown
jcacdgd.bqdqnmwwnz.com,Unknown
jbfrdww3p5.centde.com,Unknown
jb51.down.123ch.cn,Unknown
jawns.ucgalleries.com,Unknown
javascript.nwbox.com,Unknown
java.fackidremioso.com,Unknown
jauxkpjx.yuhong.me,Unknown
jaume-mestres.en-construccio.link,Unknown
jasper.drivethrough.top,Unknown
jasmin.sx33.net,Unknown
jarededelsonnet.media-toolbar.com,Unknown
japonte.mccdgm.net,Unknown
japanese.ircfast.com,Unknown
jansblues.myfamilytoolbar.com,Unknown
jans.myblogtoolbar.com,Unknown
jannick.los-system.de,Unknown
janhaintu.igg.biz,Unknown
jampotauctionscom.mystoretoolbar.com,Unknown
jamies2.wm01.to,Unknown
jamfmlive.myradiotoolbar.com,Unknown
jameschanstoolbar.myblogtoolbar.com,Unknown
jalalabbad.relationshipwithlove.com,Unknown
jakub.horky.net,Unknown
jake.bavin.us.kzpcmad.tk,Unknown
jakbar.ppg.or.id,Unknown
jainriteshtk.mystoretoolbar.com,Unknown
jaimatadi.mycitytoolbar.com,Unknown
jaifornhs.edu.bd,Unknown
jahat.myblogtoolbar.com,Unknown
jah.skateparkvr.com,Unknown
jafaron.media-toolbar.com,Unknown
jacuziio.igg.biz,Unknown
jacomoto.iwoly.com,Unknown
jacob.aa978.com,Unknown
jacksonville-factoring-companies.truckfactor.org,Unknown
jackpreet.myblogtoolbar.com,Unknown
jacke.batcd.com,Unknown
jabbba.co.vu,Unknown
jaba56yu.alarmandburglarsystems.com.au,Unknown
jab.clairdress.ru,Unknown
ja1.media-toolbar.com,Unknown
j7b5ovjdp0gyan3zph0y.littlematchagirl.com.au,Unknown
j49f2ihpk0gtubabhlqd.businessrulesanalysis.com,Unknown
j44n2.sa072.com,Unknown
j30-amc.ssc-web.be,Unknown
j1ti2.5515385.com,Unknown
j1g9.myblogtoolbar.com,Unknown
j10updata.johnywalkerup.com,Unknown
j10.wrs.mcboo.com,Unknown
j0fajh.allpornpass.com,Unknown
j0c5je5flc.bbpsldh.org,Unknown
j.zeroredirect.com,Unknown
j.theadsnet.com,Unknown
j.kyryl.ru,Unknown
j.j-sup.tk,Unknown
j.atrigxolme.com,Unknown
izzsi1987.sitegoz.com,Unknown
izuu.guaranteedbusinessaccounts.com,Unknown
izumi.com.bd,Unknown
izmiraol.mycollegetoolbar.com,Unknown
iyuurrfdfd.gobnd.com,Unknown
iyp.91tryc.com,Unknown
iyiauauissa.iiyioapyiyiu.xyz,Unknown
iygouoy8d4.centde.com,Unknown
iy2.ooeqys.ml,Unknown
ixzvmeud59111877.freebackup.space,Unknown
ixsvzsf5ee.bradul.creatory.org,Unknown
ixpornstarsrjg.ontheweb.nu,Unknown
ixoox.csheaven.com,Unknown
ixmwqbvtibvv428mu4as.maherstcottage.com.au,Unknown
iwhab.randbinternationaltravel.com,Unknown
ivscomputershop.myfamilytoolbar.com,Unknown
ivgvsveb.lengana.net,Unknown
iuwrwcvz.applekid.cn,Unknown
iutai.tec.ve,Unknown
ius.uyghuri.com,Unknown
iumu8.coypufeykv.site,Unknown
iuhbjhjn.co.vu,Unknown
iturdu.myforumtoolbar.com,Unknown
itunesconnect.apple.com-webobjects-itunesconnect.woa.archiefvernietigen.nu,Unknown
itunes.music2716-sudis-appleid.vrs-gravsdelectronic-electronicalverification.arteirapatchwork.com.br,Unknown
itunes.mail.sxyre.cn,Unknown
itunes-supporto-apple-ufficiale-id-apple.insove.com,Unknown
itt.supporto-whtsuypp.com,Unknown
itrc.nice-group.com,Unknown
itp.unoseistres.com,Unknown
itix-lol.noip.biz,Unknown
itisthebestwhatisaw.sitegoz.com,Unknown
itisestfortlora.net-gen.uk,Unknown
ithyk.frenchgerlemanelectric.com,Unknown
ithumb.myblogtoolbar.com,Unknown
itaxilight.secretagents.us,Unknown
itau30horas.atualizaonlinenovo.com.br,Unknown
itau.banking-30hrs.com,Unknown
itau-looking.oni.cc,Unknown
italiavirtuale.mytowntoolbar.com,Unknown
italiano.redflushcasino.eu,Unknown
italian.ircfast.com,Unknown
it.win-install.info,Unknown
it.support4u.pl,Unknown
it.ligavtom.ru,Unknown
it.jalansalngero.com,Unknown
it.infophlino.com,Unknown
it.goofull.com,Unknown
it.fergonolhad.com,Unknown
it.emeraldsurfsciences.info,Unknown
it-cdn.windapp.net,Unknown
isulibrary.mylibrarytoolbar.com,Unknown
isube.kuveyiturk.com,Unknown
istol.bjmt010.com,Unknown
isthisgoodorwhat.viralgalleries.me,Unknown
istatic.eshopcomp.com,Unknown
iss-02.cba-loteria.com.ar,Unknown
israswiss.media-toolbar.com,Unknown
israelradiotuner.myradiotoolbar.com,Unknown
israelradiocoil.myradiotoolbar.com,Unknown
isonsyi.inboxread28.review,Unknown
isolapulita.mytowntoolbar.com,Unknown
islingtouristinfo.media-toolbar.com,Unknown
islay.myblogtoolbar.com,Unknown
islamalemiforumu.media-toolbar.com,Unknown
isidore.wheatcom.com,Unknown
isgcpgxb.mollycolman.com,Unknown
isearch.omiga-plus.com,Unknown
isearch.fantastigames.com,Unknown
iscep.play-google.site,Unknown
is7vwyxpor.centde.com,Unknown
is58jmjfb8.centde.com,Unknown
is4u-e.url4life.com,Unknown
irvpsa01.adimcorp.com,Unknown
irvingl.wm01.to,Unknown
irudhkunrlfu25fhkaqw34blr5qlby4tgq43t.orrisbirth.com,Unknown
irsgov.nswsoccer.com.au,Unknown
irs.jaggerbabuinreviews.com,Unknown
irs.gov.sgn-irs.com,Unknown
irs.gov.nuestrasmanualidades.cl,Unknown
irs.gov.mdnmsv.voltwisecontrols.co.ke,Unknown
irs.gov.irs-qus.com,Unknown
irs.gov.dnmsv.vapeshop.co.ke,Unknown
irs.gov.customgolfonline.com,Unknown
irs.gov.com.alfaisalenterprise.com,Unknown
iron.zbane.com,Unknown
irm.skofirm.net,Unknown
irk.24abcd.ru,Unknown
irjlh2qdiu.centde.com,Unknown
irish.ircfast.com,Unknown
irhng84nfaslbv243ljtblwqjrb.pinnafaon.at,Unknown
irena.spacepel.com,Unknown
ircraft.mystoretoolbar.com,Unknown
irc.xposed.org,Unknown
irc.xerologic.net,Unknown
irc.hologramm.de,Unknown
irc.devil.tokyo,Unknown
irc.blackunix.us,Unknown
irbas.academyirmbr.com,Unknown
iraiiewq.danielphalen.com,Unknown
iqq4rcma6v.besthairtransplantpunjab.com,Unknown
iqdmpeassk.centde.com,Unknown
ipyxel.easymacdownload.com,Unknown
ipv4.ipv6.la,Unknown
iptv.megasoft.com.tn,Unknown
ipralevh.leiquan.me,Unknown
ipl.t-liga.ru,Unknown
iphone.hellospy.com,Unknown
iphone.berintuzlic.ba,Unknown
iphone.androiddatacenter.com,Unknown
ipesa.galetto.com.ar,Unknown
ipack.pugmarker.com,Unknown
ipa.viamedia.ba,Unknown
ip104-c1.pyskowice.jotanet.pl,Unknown
ip.softcdn.ru,Unknown
ip.installpack.download,Unknown
ip.93se.com,Unknown
ip-77-252-89-188.eurocom.olkusz.pl,Unknown
ip-77-222-236-148.spray.net.pl,Unknown
ip-77-222-224-108.spray.net.pl,Unknown
ios.calls8.top,Unknown
ios.calls8.co,Unknown
ios.callnow4.top,Unknown
ios.callnow.top,Unknown
ios.call7.top,Unknown
ios.call6.top,Unknown
ios.call-now.top,Unknown
ios.apps-connects.com,Unknown
ios.0pengl.com,Unknown
iolkqcxvv9134894.residentevil06.xyz,Unknown
io.taqirok.at,Unknown
io.rinch.at,Unknown
inyxl.saqibsiddiqui.com,Unknown
inwolweb.anyhome.co.kr,Unknown
invoiceupdite.igg.biz,Unknown
invoicedropbox.digitalsurveyorske.com,Unknown
invoice.rofcunc.com,Unknown
invitatii.kids-mania.com,Unknown
invisiblehackers.queroumforum.com,Unknown
inviitm688.qipim.ru,Unknown
investors.healthysmileclub.com,Unknown
investinthessaloniki.demolink.gr,Unknown
investing.myfamilytoolbar.com,Unknown
inventory.siesoft.com,Unknown
inventory.homedecorsuppliers.tk,Unknown
invention.festinolente.cl,Unknown
invalid-theory.kaiernweb.net,Unknown
inv-compte-assurecle.prodmsminf.com,Unknown
intva31.technologyventures.info,Unknown
intva31.originalcase1.info,Unknown
intuit.securityupdateserver-1.com,Unknown
intro.branding.ba,Unknown
intranet.vdxml.nl,Unknown
intranet.grupojarbet.com,Unknown
intranet.germani.com.br,Unknown
intranet.fordoctor.co.kr,Unknown
intranet.champagne-clerambault.com,Unknown
intraburry.co.zw,Unknown
intra.multigroup.asia,Unknown
intra.mapro.co.kr,Unknown
intovision.solero-web.co.il,Unknown
intl.0353.ws,Unknown
intimerrance.jepose.com,Unknown
intimates.myradiotoolbar.com,Unknown
intheloop.myblogtoolbar.com,Unknown
interyield.jmp9.com,Unknown
intertourisme.unoeilneuf.net,Unknown
interstitial.powered-by.securesoft.info,Unknown
intershare.zapto.net,Unknown
internetradio.myradiotoolbar.com,Unknown
internetinspirationusers.myblogtoolbar.com,Unknown
internetfor-free-surf.ezin.cz,Unknown
internetbanking24hrs.autentication.com,Unknown
internet-download-manager-avec-crack.ojolink.fr,Unknown
internal.schoolsfirslfcu.org,Unknown
internal.pafe1oc.org,Unknown
internal.hashfoundry.com,Unknown
intern.hsg-gremmendorf-angelmodde.de,Unknown
interfere.marionunezcampusano.com,Unknown
interace-transfer.panku.in,Unknown
interac8808.hmakshor.com,Unknown
interac.toront-hydro.com,Unknown
interac.online1.verified.deposit-funds-canada.jaimorishop.id,Unknown
interac.clients-valo.com,Unknown
interac.canada.revenue-tax-agencys.austrollantas.com,Unknown
interac.ca.deposit.hopperscrossingrotary.org.au,Unknown
interac.arc-refund.ca,Unknown
interac-online-prepaid-service.habibico.ir,Unknown
interac-e-transfer-consumer.inc-cyberplus.fr,Unknown
interac-e-transfer-bell-refund.manachetalks.com,Unknown
interac-deposit.rathorekriti.com,Unknown
intelligence-software.ardel.com,Unknown
intelifi.webappmate.in,Unknown
integration.bpconnection.com,Unknown
integrated.innisdale.ca,Unknown
int.dev.tuut.com.br,Unknown
int-found-online.bizpartner.biz,Unknown
insurance.buyremedy.com,Unknown
insulation.toko-abi.com,Unknown
instpa.wikihow2go.com,Unknown
instlog.errorsafe.com,Unknown
instink.smkmfsudimoro.sch.id,Unknown
instantonlineverification.usaabank.verification.fajitaritas.com,Unknown
instant-access.sex-explorer.com,Unknown
instant-access.nocreditcard.net,Unknown
installworking.yourhubwebsite4contenting.icu,Unknown
installworking.yourhubwebsite4contentfree.icu,Unknown
installworking.yourhubwebsite4content.icu,Unknown
installworking.thereadysystemsforsitesnow.icu,Unknown
installworking.thereadysystemsforsitenow.icu,Unknown
installworking.thereadysystemsforsiteingnow.icu,Unknown
installworking.thereadysystems4sitesnow.icu,Unknown
installworking.thereadysystems4sitenow.xyz,Unknown
installworking.thereadysystems4sitenow.icu,Unknown
installworking.thereadysystems4siteingnow.icu,Unknown
installworking.stablesite-clickupdatenew.icu,Unknown
installworking.readysystemsforsitesnow.xyz,Unknown
installworking.readysystemsforsitesnow.icu,Unknown
installworking.readysystemsforsitenow.icu,Unknown
installworking.readysystemsforsiteingnow.icu,Unknown
installworking.readysystems4sitesnow.icu,Unknown
installworking.readysystems4sitenow.icu,Unknown
installworking.readysystems4siteingnow.icu,Unknown
installworking.mainspaceforcontentfree.icu,Unknown
installworking.goodplace4getcontents.icu,Unknown
installworking.gettingadsandsoftyouneediseasythisweek.date,Unknown
installworking.freeperfectstableostocontents.icu,Unknown
installworking.freeperfectstableostocontent.icu,Unknown
installworking.freeperfectstableosforcontents.icu,Unknown
installworking.freeperfectstableos2contents.icu,Unknown
installworking.finalandstablecontenting.icu,Unknown
installworking.awesomemaandlyreliable4contentnew.icu,Unknown
installworking.awesomemaandlyreliable4contentandgnow.icu,Unknown
installworking.4updatenewsafeandfree12.club,Unknown
installupgradenow.yourbestgameplaces.stream,Unknown
installupgradenow.yourbestgameplaces.review,Unknown
installupgradenow.yourbestgameplaces.download,Unknown
installupgradenow.yourbestgameplace.stream,Unknown
installupgradenow.yourbestgameplace.bid,Unknown
installupgradenow.thegreatesthighworking4systems.stream,Unknown
installupgradenow.thegreatesthighworking4systems.download,Unknown
installupgradenow.thegreatesthighworking4system.bid,Unknown
installupgradenow.thegreatesthighworking-4systems.bid,Unknown
installupgradenow.thebettersourceof-content.bid,Unknown
installupgradenow.fastandgoodcontentjust4youtodownloadthisweek.stream,Unknown
installupgradenow.centersitetoclickcontentnew.icu,Unknown
installupgradenow.centersitetoclickcontent.icu,Unknown
installupgradenow.centersite-clickcontent.icu,Unknown
installupgradenow.bestmainlystable4contentingnew.icu,Unknown
installupgradenow.bestmainlystable4contentinglast.icu,Unknown
installupgradenow.allwilleverneedupdating.download,Unknown
installupgrade.yourbestsourceofcontentfree.xyz,Unknown
installupgrade.yourbestsource4linkreliable.xyz,Unknown
installupgrade.topeasysofttoigetalwaysfree.website,Unknown
installupgrade.thebestsourceoflinkreliable.xyz,Unknown
installupgrade.thebestsource4linkreliable.icu,Unknown
installupgrade.thebestreliablecontents.xyz,Unknown
installupgrade.biggerandlongerforupdating.win,Unknown
installupgrade.biggerandlongerforupdating.stream,Unknown
installupgrade.biggerandlongerforupdates.stream,Unknown
installupgrade.biggerandlongerforupdates.download,Unknown
installupgrade.bestsource4linkreliable.icu,Unknown
installupgrade.bestmainlyreliable4contentsnow.icu,Unknown
installupgrade.bestmainlyreliable4contentnow.icu,Unknown
installs.sevas-s.com,Unknown
installs.rupass.com,Unknown
installs.innovativesys.co,Unknown
installs.bitacc.com,Unknown
installs.180solutions.com,Unknown
installercdn.filebulldog.com,Unknown
installer.tangotoolbar.com,Unknown
installer.filebulldog.com,Unknown
install38.yupsearch.com,Unknown
install30.searchmiracle.com,Unknown
install.yhnmju.com,Unknown
install.xxxtoolbar.com,Unknown
install.wunderweb.biz,Unknown
install.webwaltz.net,Unknown
install.websparkle.biz,Unknown
install.weblayers.co,Unknown
install.webinternetsecurity.com,Unknown
install.webconnect.co,Unknown
install.weather-genie.com,Unknown
install.video-browse.com,Unknown
install.vebergreat.net,Unknown
install.utilitooltech.com,Unknown
install.utilitool.co,Unknown
install.useclearthink.com,Unknown
install.ttessab.net,Unknown
install.trolatunt.co,Unknown
install.tracknfollow.com,Unknown
install.towertilt.com,Unknown
install.topradiostationsonline.com,Unknown
install.topictorch.com,Unknown
install.thegamesearcher.com,Unknown
install.swissfist.com,Unknown
install.swiftbrowse.net,Unknown
install.streamit-online.com,Unknown
install.streamingworldcup.com,Unknown
install.streaming-time.com,Unknown
install.streamfrenzy.com,Unknown
install.stream24hour.com,Unknown
install.stream-it.online,Unknown
install.stream-all.com,Unknown
install.stardialer.de,Unknown
install.squirrelweb.org,Unknown
install.speedomizer.com,Unknown
install.skywebber.com,Unknown
install.sitesimple.co,Unknown
install.shopping-day.com,Unknown
install.sharingprojekt.de,Unknown
install.shamanul.biz,Unknown
install.serviceurl.de,Unknown
install.securesoft.info,Unknown
install.secretsauce.biz,Unknown
install.searchtab.net,Unknown
install.searchmiracle.com,Unknown
install.searchfrit.com,Unknown
install.searchallweb.com,Unknown
install.search-private-online.com,Unknown
install.saltarsmart.biz,Unknown
install.salahweb.com,Unknown
install.rolimno.net,Unknown
install.rinkela.net,Unknown
install.rightsurf.info,Unknown
install.qualitink.net,Unknown
install.privacy-search.com,Unknown
install.power-url.de,Unknown
install.plurpush.net,Unknown
install.play3w.com,Unknown
install.perfetnight.com,Unknown
install.pdf-maker.com,Unknown
install.pastcost.com,Unknown
install.pagerpost.com,Unknown
install.package-tracer.com,Unknown
install.outobox.net,Unknown
install.osxappdownload.com,Unknown
install.optimum-installer.com,Unknown
install.online-live-streaming.com,Unknown
install.network118.com,Unknown
install.netcrawl.info,Unknown
install.myvideotab.com,Unknown
install.mysporttab.com,Unknown
install.myrazorweb.com,Unknown
install.myinternetprogram.com,Unknown
install.moviegoat.com,Unknown
install.movie-browse.com,Unknown
install.movie-box.online,Unknown
install.marketresearchhelper.com,Unknown
install.live-streaming.online,Unknown
install.linkswift.co,Unknown
install.lightboltvpn.com,Unknown
install.lemurleap.info,Unknown
install.kuklorest.com,Unknown
install.kozaka.net,Unknown
install.kasimos.net,Unknown
install.jumpflip.net,Unknown
install.jamboxlive.com,Unknown
install.jakecares.com,Unknown
install.internetclearing.de,Unknown
install.incognitosearches.com,Unknown
install.higher-aurum.co,Unknown
install.gwenrose.com,Unknown
install.greygray.biz,Unknown
install.getsportscore.com,Unknown
install.get-maps.com,Unknown
install.gamez4us.com,Unknown
install.galaplayer.com,Unknown
install.funkystreams.com,Unknown
install.freedownloadsoft.net,Unknown
install.frameddisplay.com,Unknown
install.fozhand.com,Unknown
install.feelbegin.com,Unknown
install.fassurun.co,Unknown
install.fanhoosh.biz,Unknown
install.express-downloader.com,Unknown
install.ebooks-club.com,Unknown
install.easy-pdf.com,Unknown
install.diamondata.net,Unknown
install.cryptoverto.com,Unknown
install.complitly.com,Unknown
install.combo-search.com,Unknown
install.clingclang.biz,Unknown
install.cleanmybrowser.com,Unknown
install.chill-tab.com,Unknown
install.browsertoolbar.com,Unknown
install.browsersafeguard.com,Unknown
install.browsemark.net,Unknown
install.browsebeyond.net,Unknown
install.bomlabio.biz,Unknown
install.betterbrowse.net,Unknown
install.avensys.fr,Unknown
install.amazingtab.com,Unknown
install.albrechto.co,Unknown
install.24-stream.com,Unknown
install.007guard.com,Unknown
install-cdn.surftastic.net,Unknown
install-cdn.spadecast.info,Unknown
install-cdn.sourceapp.info,Unknown
install-cdn.scantack.net,Unknown
install-cdn.rockresult.net,Unknown
install-cdn.reversepage.com,Unknown
install-cdn.krabweb.net,Unknown
install-cdn.holdingmypage.com,Unknown
install-cdn.getmyprimaryresult.com,Unknown
install-cdn.gatesnapper.com,Unknown
install-cdn.enterdigital.info,Unknown
install-cdn.digihelp.info,Unknown
install-cdn.commonshare.net,Unknown
install-cdn.browsestudio.com,Unknown
install-cdn.browsergood.info,Unknown
install-cdn.brass-search.net,Unknown
install-cdn.appenable.info,Unknown
instaladores.gooofull.com,Unknown
instagramverification.com.jawaez.win,Unknown
instagram.server-indo.com,Unknown
instagram.serulom.tk,Unknown
instagram.myago.tk,Unknown
inst.express-files.com,Unknown
inspections.bumitech.org,Unknown
insider.infobytesmedia.com.au,Unknown
inside.winzix.com,Unknown
inside.dljtjt.com,Unknown
insanity2.thezeroworld.com,Unknown
insaatmuhendisligi.ismailtorlak.com,Unknown
ins.smartpcmechanics.com,Unknown
ins.entireactiv.com,Unknown
inrsulj.forgottenfolk.tk,Unknown
inqzz.super-promo.quhu.info,Unknown
innovative.badhawkworkshop.com,Unknown
innovations.viamedia.ba,Unknown
inneverebbero815.panoramabase.ws,Unknown
innesota.rus-shine.ru,Unknown
innan.thejennie.se,Unknown
inline.playbryte.com,Unknown
inknee.morgansruthin.co.uk,Unknown
ink.donkeychurch.icu,Unknown
ini.egkj.com,Unknown
ini.58qz.com,Unknown
ini.588b.com,Unknown
ingress.kannste.net,Unknown
ingles.natal.br,Unknown
ingeorgia.com.ge,Unknown
ing.tanktech.be,Unknown
ing-diba.de-ssl-kundensicherheit3.ru,Unknown
infoweb.cfpsdevweb.ch,Unknown
infosoft.sitesshare.com,Unknown
infoserver.mb.ba-ravensburg.de,Unknown
infos.apple.stores.icloud.ebfve.vaporymarket.com,Unknown
inforntetlimisterreply.mys-o-lf-acc.com,Unknown
informverif.le-net.info,Unknown
information76565323896.main9875867659.cable7658759757.ranilaxmibaisanstha.com,Unknown
informatio.igg.biz,Unknown
informasi.smapluspgri.sch.id,Unknown
infomitglieder.de-kontaktaktualisierung.eu,Unknown
infoget.searchmiracle.com,Unknown
infodibar.myblogtoolbar.com,Unknown
infocs.rio.br,Unknown
info.wasanders.com,Unknown
info.singupforporno.com,Unknown
info.searchprivacy.info,Unknown
info.searchprivacy.co,Unknown
info.search-privacy.info,Unknown
info.search-privacy.co,Unknown
info.sarcasticmonkeys.com,Unknown
info.sandssecure.net,Unknown
info.safety-notic.com,Unknown
info.privacysearch.co,Unknown
info.newsrental.net,Unknown
info.millhouserealestate.info,Unknown
info.keepingbusinesslocal.com,Unknown
info.ipkvko.kz,Unknown
info.instantmixcup.com,Unknown
info.gpemail.de,Unknown
info.ebookbi.com,Unknown
info.donkeyp2p.com,Unknown
info.dadafarada.com,Unknown
info.browserdirect.net,Unknown
info.biofarmasrl.it,Unknown
info.adsearchescdn.com,Unknown
info.7h4uk.com,Unknown
info-facebook.hitowy.pl,Unknown
info-daily.boilerhouse.digital,Unknown
infinititoolbar.myblogtoolbar.com,Unknown
infect.pietersucks.com,Unknown
inf.paradiskus.com,Unknown
inf.deepteep.com,Unknown
indy.go-tisk.si,Unknown
industrial.gruporhino.com,Unknown
induryon.j55.eu,Unknown
indissolvablysemiworks.makemoneywithmegan.net,Unknown
indir.2on.com,Unknown
indieclick.3janecdn.com,Unknown
indianmasala.ucgalleries.com,Unknown
indiana.phone.directory.sms13.de,Unknown
index.isthebe.st,Unknown
index.buckshost.com,Unknown
index.ackques.com,Unknown
index-pdf-admin-profile00000000.renusasrl.com,Unknown
incontestable-sonorisation-touching.slyip.com,Unknown
incontestable-approachable-touching.slyip.com,Unknown
incognito.privacyplus.org,Unknown
includes.atualizaobrigatorio.com,Unknown
include.service.eassy-field-follow.com,Unknown
incestporn.jed.pl,Unknown
incest.allbestporn.com,Unknown
inceptionradio.planetparanormal.com,Unknown
incedere.mycitytoolbar.com,Unknown
inc.robatop.at,Unknown
inc-apple-id-887698123-verification2016-ios.productostrazzo.com,Unknown
in.webcounter.cc,Unknown
in.termas.at,Unknown
in.teen-mail4free.com,Unknown
in.popupblocker.com,Unknown
in.paycounter.com,Unknown
in.mainentrypoint.com,Unknown
in.infocusgirls.com,Unknown
in.iamabhinav.ml,Unknown
in.ff5.com,Unknown
in.extremas.at,Unknown
in.amateurxxxmag.com,Unknown
in.11zz.com,Unknown
in-magazine.ast-com.ru,Unknown
imtiaz250.viralgalleries.me,Unknown
imss.feminagroup.com,Unknown
impots.fr.secur-id-orange-france.com,Unknown
importation.neodif.eu,Unknown
importantdocuments.kratoscreations.com,Unknown
import.ydgdev3.com,Unknown
impit.tradedouble.com,Unknown
imphal.ezwebdesignandseo.com,Unknown
imp.hemailaccessonline.com,Unknown
imp.dsearchm3f2.com,Unknown
imonitor.mkt.cz,Unknown
immeria.kupivoice.ru,Unknown
imgur.viralgalleries.me,Unknown
img2.sankakustatic.com,Unknown
img2.fromtube8.com,Unknown
img1.nanxinwang.com,Unknown
img1.iphone.mxweas.com,Unknown
img1.erotism.nl,Unknown
img.zmedia.com,Unknown
img.yelin-dega.com,Unknown
img.xratedbucks.com,Unknown
img.wawosodadol.com,Unknown
img.volarocdn.com,Unknown
img.tadanadanet.com,Unknown
img.superdownloadsbrcdn.com,Unknown
img.spywarestrike.com,Unknown
img.softwarenetcdn.com,Unknown
img.softportalcdn.com,Unknown
img.softpickscdn.com,Unknown
img.smarttweakcdn.com,Unknown
img.sinagaj.com,Unknown
img.simumisasu.com,Unknown
img.sexyescortads.com,Unknown
img.securesoft.info,Unknown
img.secureddownloadcdn.com,Unknown
img.robotitor.com,Unknown
img.rmb777.me,Unknown
img.putenbrust.net,Unknown
img.promoddl.com,Unknown
img.programsplcdn.com,Unknown
img.programasgratiscdn.com,Unknown
img.prodzynes.com,Unknown
img.pinanapana.com,Unknown
img.mscracks.com,Unknown
img.mobaily.tk,Unknown
img.mhotspotcdn.com,Unknown
img.mebasayisi.com,Unknown
img.lop.com,Unknown
img.kuaigen.net,Unknown
img.jyycloud.cn,Unknown
img.iwangshang.com,Unknown
img.hitttedohenale.com,Unknown
img.haohutu.com,Unknown
img.gigatagu.com,Unknown
img.fwtdlmcdn.com,Unknown
img.freedownloadsoft.net,Unknown
img.fodidodasal1.com,Unknown
img.fixiocdn.com,Unknown
img.findmysoftcdn.com,Unknown
img.fclassroom.com,Unknown
img.etypecdn.com,Unknown
img.ess-id.com,Unknown
img.downloadmixcdn.com,Unknown
img.download4windowscdn.com,Unknown
img.downbt.com,Unknown
img.dewayowede.com,Unknown
img.cururaracur.com,Unknown
img.currenttagcontent.com,Unknown
img.coolchat.cn,Unknown
img.comococolor.com,Unknown
img.coldstoragemn.com,Unknown
img.ceromoto.com,Unknown
img.bugeiqian.com,Unknown
img.browsergamesdecdn.com,Unknown
img.bapanasehoma.com,Unknown
img.baixakicdn.com,Unknown
img.apponiccdn.com,Unknown
img.an99.cn,Unknown
img.61gequ.com,Unknown
img.3393.com,Unknown
img.1n-dobloebu3.ws,Unknown
img.1n-dobloebu2.ws,Unknown
imex.cezard.imcserver.ro,Unknown
imd.mycollegetoolbar.com,Unknown
imap.sportgoods.discount,Unknown
imap.spamcero.com,Unknown
imap.seznnam.cz,Unknown
imap.secci.it,Unknown
imap.nyron.com,Unknown
imap.hamnail.net,Unknown
imap.drbill.de,Unknown
imap.dpsl.net,Unknown
imap.creativity.it,Unknown
imap.aquaticarttechnologies.com,Unknown
imap.anoxa.de,Unknown
imalaseko.win.co.tz,Unknown
images1.paycounter.com,Unknown
images.vietnamvisit.ru,Unknown
images.turkeyvisit.ru,Unknown
images.tunisvisit.ru,Unknown
images.topguncustomz.com,Unknown
images.thailandturizm.ru,Unknown
images.texasdiminishedvalue.com,Unknown
images.spainbay.ru,Unknown
images.russian-caviar-house.hk,Unknown
images.pornspinner.com,Unknown
images.marketscreentypographic.com,Unknown
images.hitwise.co.uk,Unknown
images.hbsc-banking.com,Unknown
images.gyffu.com,Unknown
images.greeceturizm.ru,Unknown
images.googlewebcache.com,Unknown
images.flagmana.net,Unknown
images.egyptguides.ru,Unknown
images.e-mailcom.co.uk,Unknown
images.drivelinemedia.com,Unknown
images.dailydiscounts.com,Unknown
images.cyprusturizm.ru,Unknown
images.cybereps.com,Unknown
images.chernogoriatravel.ru,Unknown
images.brainfox.com,Unknown
images.bmnq.com,Unknown
images.blogomer.com,Unknown
images.affiliator.com,Unknown
images-72-26-207-6.assets.qhosted.com,Unknown
image.yyxp2019.com,Unknown
image.succe2018.com,Unknown
image.pply2018.com,Unknown
image.nsk-sys.com,Unknown
image.lobopharm.hr,Unknown
image.japchn2018.com,Unknown
image.i1img.com,Unknown
image.gxb2018.com,Unknown
image.eimg.com,Unknown
image.docu2018.com,Unknown
image.ddianle.com,Unknown
image.cheap2019.com,Unknown
im.risun.com,Unknown
im.gumpany.com,Unknown
ilya.webzel.net,Unknown
ilumina.fundasana.com,Unknown
ilovetosquirt.nichedsites.com,Unknown
ilovesaturday.myfamilytoolbar.com,Unknown
ilovecrickets.100chickens.biz,Unknown
iloveamateurs.ucgalleries.com,Unknown
ilocated-service.hostitasap.com,Unknown
ilnj.saqibsiddiqui.com,Unknown
illustration.ezratucker.com,Unknown
illusive.gamemc.eu,Unknown
illdy.azteam.vn,Unknown
ilbuonpinna.myteamtoolbar.com,Unknown
ilblogdimarcocamisanicalzolari.myblogtoolbar.com,Unknown
il.joydownload.com,Unknown
ikhwanweb.myblogtoolbar.com,Unknown
ikeeneremadu.dnjj.ga,Unknown
ikc7zol5z.areospolis.gr,Unknown
ikat.ha.cked.net,Unknown
ikanco.itui778.business,Unknown
ik4dm.mazerunci.at,Unknown
ijeti.imeti.org,Unknown
iiql34hie9552982.cavaleira6.xyz,Unknown
iiql34hie4374303.cavaleira6.xyz,Unknown
ii0b3udl4g.centde.com,Unknown
ihyxyqpzntfmq.ivydancefloors.com,Unknown
ihllbhec.crestonwood.com,Unknown
igtbf.myblogtoolbar.com,Unknown
igor32.herbalbrasil.com.br,Unknown
igoi.media-toolbar.com,Unknown
igoby.frost-electric-supply.com,Unknown
igm7voxih3.centde.com,Unknown
iglesiacristorefugioeternotoolbar.myforumtoolbar.com,Unknown
igagh.tourstogo.us,Unknown
ig.insightgrit.com,Unknown
ig.fp.oix.net,Unknown
ifunnyvideos.viralgalleries.me,Unknown
ifs.ezdownloadpro.info,Unknown
iframes.prettyincash.com,Unknown
iframe.whitelabelpros.com,Unknown
iframe.mediaplazza.com,Unknown
ifp.milanoschool.org,Unknown
ifomzrs7ap7353oky4vr.littlematchagirl.com.au,Unknown
ifkbltbj5r.centde.com,Unknown
iex.2012new.biz.platwo.com,Unknown
ieur.yzxfzdh.com,Unknown
ieopen.yhgames.com,Unknown
ie.marketdart.com,Unknown
ie.conduit-download.com,Unknown
idv.acharge.bimastro.4p.org,Unknown
idtheftsecrets.myblogtoolbar.com,Unknown
idoljapan.ucgalleries.com,Unknown
idocemail.netfinity.net,Unknown
idmsa.gsx.recoverappkey12k0449r02f3402p339j00k903.driv-tv.com,Unknown
idm-crack-patch-5.19-gratuit.ojolink.fr,Unknown
idm-6.015-crak-serial-number.ojolink.fr,Unknown
idevicesdsdsd.wse.hostitasap.com,Unknown
idcheckonline.bankofamerica.com.accid0e5b6e0b5e9ba0e5b69.idverificationcloud.online,Unknown
idcheckonline-configurationchecker.security.bankofamerica-check.online,Unknown
idc.885.la,Unknown
idas-sex-story.gocunt.com,Unknown
id405441215-8305493831.h121h9.com,Unknown
id.xc.wenpie.com,Unknown
id.ttz9.cn,Unknown
id.ttz2.cn,Unknown
id.tth1.cn,Unknown
id.ttd7.cn,Unknown
id.system.update.cgi.icloud.aspx.webscmd.apple-id.apple.com.eu0.customersignin-appleid.com,Unknown
id.paypal.com.webappsresolutions.the-protectionsz.com,Unknown
id.paypal.com-securitylimited.special-contentz.com,Unknown
id.newtab-media.com,Unknown
id.locked-applle.com,Unknown
id.get35.com,Unknown
id-supp.paymentsrev.srv928.com-paypacc73.com,Unknown
id-apple.com-apple.it-italia.apple.inaitt.com,Unknown
id-apple.com-apple-ufficiale.idpaia.com,Unknown
icwrae.astrelita.host,Unknown
icscards.3d-rekeningnl.info,Unknown
icr7j8uukj.itcf20.com,Unknown
iconholidays.com.bd,Unknown
iconconstructor.say-it-now.com,Unknown
icog.futtsociety.com,Unknown
ico.havven.info,Unknown
icn.tectrade.bg,Unknown
iclouds-appleid.app.com.anuscca5xlrmbd4.com,Unknown
icloud.mail.srnve.cn,Unknown
icloud.iphone.srnve.cn,Unknown
icloud.iphone.snrye.cn,Unknown
icloud.find.snrye.cn,Unknown
icloud.com.srnve.cn,Unknown
icloud.com.snrye.cn,Unknown
icloud.com.in-eng.info,Unknown
icloud.com.applefmi.care,Unknown
icloud.com-itunesconnect.gandu.com.br,Unknown
icloud.account-id.com,Unknown
icloud-storejp.verifyaccount-informationicloud.com,Unknown
icloud-apple-id-security-information-restore-onlineprocess.legalindonesia.com,Unknown
icitdkgp.yjdata.me,Unknown
icioudsupportteamref46532.topslearningsystem.org,Unknown
ici.agnichakra.com,Unknown
icetest.gectcr.ac.in,Unknown
icefever.ucgalleries.com,Unknown
ice.ip64.net,Unknown
icdn.pivotrepository.com,Unknown
icdn.mypivotfiles.com,Unknown
icdn.mirovideoconverterfiles.com,Unknown
icdn.hostedrepositoryfiles.com,Unknown
icdn.camstudiofiles.org,Unknown
icdn.camstudio2016files.com,Unknown
icctvgvk.qxqvdkvhdn.com,Unknown
icache.cnaz.com,Unknown
ic.mousebaby.cn,Unknown
ic-dc.signhostingtown.com,Unknown
ic-dc.farmmetacontent.com,Unknown
ic-dc.deliverydlcenter.com,Unknown
ic-dc.conceptsheadbundles.com,Unknown
ic-dc.chucklesafeheart.com,Unknown
ic-dc.byteheadtoday.com,Unknown
ic-dc.bundlessafevault.com,Unknown
ic-dc.bundlesafevault.com,Unknown
ic-dc.bundleheartpackage.com,Unknown
ibot2000.myblogtoolbar.com,Unknown
ibm.dmcast.com,Unknown
ibjtk.loyaltytoolbar.com,Unknown
ibanners.empoweredcomms.com.au,Unknown
ib.nabinfo.com,Unknown
ib.nab.com.au.verify-nab.ga,Unknown
ib.nab.com.au.verify-acc.ml,Unknown
ib.nab.com.au.nabib.301.start.pl.index.vapourfrog.co.uk,Unknown
ib.nab.com.au.nabib-verify.ga,Unknown
ib.nab.com.au.nabib-acc.ga,Unknown
ib.nab.com.au.nabib-2fa.ga,Unknown
ib.nab.com.au.nab-professionnel.com,Unknown
ib.nab.com.au.mccannlabs.com,Unknown
ib.nab.com.au.feel-pleasant.com,Unknown
ib.nab.com.au.bankmain.ml,Unknown
ib.nab.com.au.banking3.ga,Unknown
ib.nab.com.au.activate-na.ga,Unknown
ib.nab.com.au.account-2fa.ga,Unknown
ib.nab.com.au.acc-recovery.online,Unknown
ib.hsbacess.com,Unknown
ib.absa.co.za.absa-online.login.jsp.zarmobilefx.cf,Unknown
ib-nab.com.au.verify-inett.ga,Unknown
iaxax.byinter.net,Unknown
iasec.myuniversitytoolbar.com,Unknown
iar.webprojemiz.com,Unknown
iaqymntg.mushabi.com,Unknown
iapplsslserviceupgrade.settingaccountsslsupport.com,Unknown
iam.best.lt.ua,Unknown
iahffs2ca1.bradul.creatory.org,Unknown
iacops.mylibrarytoolbar.com,Unknown
iac-cb.olympuswaymarketing.com,Unknown
i8dzuyvpdj.bradul.creatory.org,Unknown
i6.nqvtaoqfmumms.review,Unknown
i5ndw.titlecorta.at,Unknown
i3ylqao0nc.centde.com,Unknown
i3tesamcom.myforumtoolbar.com,Unknown
i3jtguygecrr6ub6avc2.missingfound.net,Unknown
i2.storagenl.info,Unknown
i2.reportbox3.info,Unknown
i1.storagenl.info,Unknown
i1.reportbox3.info,Unknown
i1.baoruan.com,Unknown
i.zeroredirect.com,Unknown
i.yoursmartrewards.com,Unknown
i.yourfiledownloader.com,Unknown
i.vcads.com,Unknown
i.trynowturbofix.com,Unknown
i.trkjmp.com,Unknown
i.track112.site,Unknown
i.tanogtech.com,Unknown
i.stroymartspb.ru,Unknown
i.storm-alerts00.storm-alerts.net,Unknown
i.softplanet.com,Unknown
i.ringtonejunkiez.com,Unknown
i.ptfecablemanufacturer.com,Unknown
i.pd1.com.br,Unknown
i.nfil.es,Unknown
i.mypasswordbox.com,Unknown
i.isoftik.kz,Unknown
i.haotukankan.com,Unknown
i.greetingmoods.com,Unknown
i.funmoods.com,Unknown
i.fluffy.cc,Unknown
i.demblickfine.com,Unknown
i.crbsjs.info,Unknown
i.cr3ation.co.uk,Unknown
i.brainbuzz.com,Unknown
i.bigbn.com.ua,Unknown
i.aplus100.com,Unknown
i.abz.com,Unknown
i.46sdzf3zdg1dxg2.us,Unknown
i.11zz.com,Unknown
i-see.co.zw,Unknown
hzptm5cmvg.ua3opqyvf2.madpendesign.com.au,Unknown
hzlhczlsgnnttm.sb1344.com,Unknown
hzhailiao.jiankang.cn,Unknown
hyundaimemphistn.gossetthyundaisouth.com,Unknown
hyperion.safe-order.net,Unknown
hyper.parakaro.co.jp,Unknown
hynk.kgune.com,Unknown
hyl-zh.lentor.net,Unknown
hygfv.igg.biz,Unknown
hyfie.cementvendor.site,Unknown
hydrocodone.buyremedy.com,Unknown
hydra100.staroundi.com,Unknown
hyareview-document.pdf-iso.webapps-security.review-2jk39w92.ccloemb.gq,Unknown
hy-ell.nawow.net,Unknown
hy-brasil.mhwang.com,Unknown
hx.58oa.net,Unknown
hwu.edu.gl,Unknown
hwrqk6cjf5.i0u8a3wvk7lw2.icu,Unknown
hwjk2llysi.centde.com,Unknown
hw.srca.org,Unknown
hvvv6.sa026.com,Unknown
hvtzz.pcloadletter.quhu.info,Unknown
hvfugfrfbv.campbreatheeasy.org,Unknown
hv40l.sa053.com,Unknown
hupai.8mov.net,Unknown
huostaan-eksperten.makemoneywithmegan.net,Unknown
hunshop.natureflower.com,Unknown
humourqc.myblogtoolbar.com,Unknown
huksosyal.mylibrarytoolbar.com,Unknown
hukmuhendislik.mylibrarytoolbar.com,Unknown
hujii.qplanner.cf,Unknown
huevp.byinter.net,Unknown
hud.thesourcechagrin.net,Unknown
hubs.toikgame.com,Unknown
huboflove.tourimage.com,Unknown
hub3.toikgame.com,Unknown
hub.nigerian.net,Unknown
huaweisearch.myxangatoolbar.com,Unknown
hu.yurmobile.com,Unknown
hu.ecologicindustries.com,Unknown
httpsso.anbtr.com,Unknown
https.www.paypal.com.nl.c91e7f018a4ea68d6864a7d21f663c9a.alert-21nna.be,Unknown
https-logiri-live-com.swanandhealthfoods.com,Unknown
http.sodium.lon.periodicnetwork.com,Unknown
http.radon.lon.periodicnetwork.com,Unknown
http.pc-rekcah.com,Unknown
http.pay-update-log.id.bin.webscr.cmd.login.submit.15.biothreadimplants.com,Unknown
http.ackques.com,Unknown
htr5.amarteusa.com,Unknown
htr.kaitycarter.com,Unknown
htr.dermatoglyphicsindia.com,Unknown
htr.cyberebook.com,Unknown
htmldialer.parisvoyeur.com,Unknown
html.beekmedia.com,Unknown
htgrfed.igg.biz,Unknown
htgre4.ariesbizval.com,Unknown
ht54.ariesbusinessvaluationadvisers.com,Unknown
ht.sulang.com,Unknown
ht.letosos.at,Unknown
hsyxucwqn4.centde.com,Unknown
hswork.aielber.com,Unknown
hstjs.roofingarlington.info,Unknown
hsnsiteweb.hsbsitenet.com,Unknown
hsjtry.sprinklerrepairdallastx.com,Unknown
hsdsbv.co.vu,Unknown
hsbc.personal-gb.org,Unknown
hs.pibiloye.club,Unknown
hrz.cmcra.com,Unknown
hry5u64.simonamanu.com,Unknown
hrt.netflea.org,Unknown
hrt.freecarpooling.com,Unknown
hrt.cometonetwork.org,Unknown
hrm.faizasoftware.com,Unknown
hrfgd74nfksjdcnnklnwefvdsf.materdunst.com,Unknown
hqzkgjdgkmmfvibw6gwp.littlematchagirl.com.au,Unknown
hq-sex.ucgalleries.com,Unknown
hppl.mylibrarytoolbar.com,Unknown
hpintermedia.tintel.nl,Unknown
hpcbxnddgwqjwiwdcphl.ahdaaf.org,Unknown
hp.prodigyprinting.com,Unknown
howupdateworks.yourupdatefunhousecontent.icu,Unknown
howupdateworks.yourultimatetestedforupgrades.top,Unknown
howupdateworks.yourbettercontentsbuddy.review,Unknown
howupdateworks.yourbettercontentbuddy.win,Unknown
howupdateworks.yourbettercontentbuddy.stream,Unknown
howupdateworks.yourbettercontentbuddy.review,Unknown
howupdateworks.theperfectcentralsys2updating.review,Unknown
howupdateworks.theperfectcentralsys2updating.download,Unknown
howupdateworks.theperfectcentralsys2updating.bid,Unknown
howupdateworks.theperfectcentralsys2updates.win,Unknown
howupdateworks.theperfectcentralsys2update.trade,Unknown
howupdateworks.thegoodandcleanflashupgrades.xyz,Unknown
howupdateworks.thegoodandcleanflashupgrades.icu,Unknown
howupdateworks.thegoodandcleanflashupgrade.xyz,Unknown
howupdateworks.thegoodandcleanflashupgrade.icu,Unknown
howupdateworks.thegoodandcleanflashupdates.xyz,Unknown
howupdateworks.thegoodandcleanflashupdates.icu,Unknown
howupdateworks.thegoodandcleanflashupdate.xyz,Unknown
howupdateworks.thegoodandcleanflashupdate.icu,Unknown
howupdateworks.thegoodandcleanflash.xyz,Unknown
howupdateworks.thegoodandcleanflash.icu,Unknown
howupdateworks.readygreatupdate.review,Unknown
howupdateworks.readygreatupdate.download,Unknown
howupdateworks.goodandcleanflashupgrades.xyz,Unknown
howupdateworks.goodandcleanflashupgrades.icu,Unknown
howupdateworks.goodandcleanflashupgrade.icu,Unknown
howupdateworks.goodandcleanflashupdates.xyz,Unknown
howupdateworks.goodandcleanflashupdates.icu,Unknown
howupdateworks.goodandcleanflashupdate.xyz,Unknown
howupdateworks.goodandcleanflash.xyz,Unknown
howupdateworks.bettersiteoflinksitenew.xyz,Unknown
howupdateworks.bestsiteoflinksitenew.xyz,Unknown
howtoupdate.thesitetorunvideostable.xyz,Unknown
howtoupdate.thesitetorunvideostable.icu,Unknown
howtoupdate.thesiteforrunvideostable.icu,Unknown
howtoupdate.thebestsite4linksitenow.icu,Unknown
howtoupdate.mainwebsitetogetcontentnow.icu,Unknown
howtoupdate.mainwebsite2getcontentnow.icu,Unknown
howtoupdate.mainwebsite2getcontent.icu,Unknown
howtoupdate.mainwebsite-getcontentnow.icu,Unknown
howtoupdate.mainwebsite-getcontentnew.icu,Unknown
howtoupdate.mainwebsite-getcontentfree.icu,Unknown
howtoupdate.goodforyou4updates.stream,Unknown
howtoupdate.goodforyou4update.win,Unknown
howtoupdate.goodforyou4update.stream,Unknown
howtoupdate.getgreatandsecurecontentstable.icu,Unknown
howtoupdate.getgreatandsecurecontentsfree.icu,Unknown
howtoupdate.getgreatandsecurecontents.icu,Unknown
howtoupdate.getgreatandsecurecontentingstable.icu,Unknown
howtoupdate.getgreatandsecurecontentingfree.icu,Unknown
howtoupdate.getgreatandsecurecontenting.icu,Unknown
howtoupdate.getgreatandsecurecontentfree.icu,Unknown
howtoupdate.getgreatandsecurecontent.icu,Unknown
howart.oroit.com,Unknown
how2update.yourgreatcontent-tosite.review,Unknown
how2update.yourgreatcontent-tosite.bid,Unknown
how2update.thesetforgreatapp.host,Unknown
how2update.theset4greatapps.icu,Unknown
how2update.theset4greatapps.host,Unknown
how2update.theset4greatapp.icu,Unknown
how2update.theset4greatapp.host,Unknown
how2update.therestoftoupdates.stream,Unknown
how2update.therestoftoupdate.stream,Unknown
how2update.therestoftoupdate.bid,Unknown
how2update.thereadyforgreatapps.icu,Unknown
how2update.thereadyforgreatapps.host,Unknown
how2update.thereadyforgreatapp.host,Unknown
how2update.theready4greatapps.icu,Unknown
how2update.theready4greatapp.host,Unknown
how2update.theprepareforgreatapps.icu,Unknown
how2update.theprepareforgreatapps.host,Unknown
how2update.theprepare4greatapps.icu,Unknown
how2update.theperfectcentralsys4upgrading.download,Unknown
how2update.theperfectcentralsys4upgrading.bid,Unknown
how2update.theperfectcentralsys4upgrades.win,Unknown
how2update.theperfectcentralsys4upgrades.trade,Unknown
how2update.theperfectcentralsys4upgrades.bid,Unknown
how2update.theperfectcentralsys4upgrade.download,Unknown
how2update.thebestofupgrades.stream,Unknown
how2update.havinggreatamazingupdtallthetime.stream,Unknown
how2update.havinggreatamazingupdtallthetime.bid,Unknown
houseofjoy.viralgalleries.me,Unknown
hour.b4upetit.com,Unknown
hoturdu.mycitytoolbar.com,Unknown
hotteengirls.ucgalleries.com,Unknown
hotteengirl.ucgalleries.com,Unknown
hotsex.xxxx.net,Unknown
hotrock.myradiotoolbar.com,Unknown
hotproxy.20ii.com,Unknown
hotmusic.vipereskariot.ru,Unknown
hotmailclub.myradiotoolbar.com,Unknown
hotelmurah.panduanwisata.id,Unknown
hotel.rzeszow.net,Unknown
hotel.beatissimatech.com,Unknown
hostwired.loyaltytoolbar.com,Unknown
hostname.com.ug,Unknown
hostit.trade-general.xyz,Unknown
hosting13.5ci.lt,Unknown
hosting.timkhuyenmai.net,Unknown
hosting.nlog.ch,Unknown
hosting.imortgage.net,Unknown
hosting.free2w.com,Unknown
hosting.dnspass.com,Unknown
hosting.cyberton.ca,Unknown
hosted.justteensite.com,Unknown
host5.kozanh.gr,Unknown
host3.swenabler.com,Unknown
host28.200.80.36.ifxnw.com.ar,Unknown
host2.swenabler.com,Unknown
host1.teresasgourmetcafenyc.com,Unknown
host1.tenjapanesecuisinenyc.com,Unknown
host1.tengdaasianbistrowestport.com,Unknown
host1.tengdaasianbistrogreenwich.com,Unknown
host1.tenfullsunnyside.com,Unknown
host1.teleoncafenyc.com,Unknown
host1.teedathaicuisinebrooklyn.com,Unknown
host1.teagardennyc.com,Unknown
host1.teafragrancehouseberkeley.com,Unknown
host1.tazcafepingourmetnyc.com,Unknown
host1.tazacafenyc.com,Unknown
host1.tawannathaitest.com,Unknown
host1.tavern29nyc.com,Unknown
host1.tastysdinernyc.com,Unknown
host1.tastyhandpullednoodlesincnyc.com,Unknown
host1.tastychickennyc.com,Unknown
host1.tasty3queens.com,Unknown
host1.tastidliteupperwest.com,Unknown
host1.tasteonmelrosewesthollywood.com,Unknown
host1.tasteoftokyonyc.com,Unknown
host1.tasteoflahorejacksonheights.com,Unknown
host1.tasteofindiabrooklyn.com,Unknown
host1.tasteofchinaglendale.com,Unknown
host1.tasteofbengalastoria.com,Unknown
host1.tastegrillozonepark.com,Unknown
host1.tasteecornernyc.com,Unknown
host1.tasteatthepalisades.com,Unknown
host1.tartinewestvillage.com,Unknown
host1.tarathaidc.com,Unknown
host1.taquitosmexicobk.com,Unknown
host1.taqueriavivamexicokitchencafenj.com,Unknown
host1.taqueriamiguadaluperogerspark.com,Unknown
host1.taqueriamanasf.com,Unknown
host1.taquerialowereastside.com,Unknown
host1.taquerialosreyesbx.com,Unknown
host1.taquerialospoblanosbk.com,Unknown
host1.taqueriakermesridgewood.com,Unknown
host1.taqueriaguerroerocateringwestminster.com,Unknown
host1.taqueriaguadalupenyc.com,Unknown
host1.taqueriaelfogonnyc.com,Unknown
host1.taqueriacocoyocbk.com,Unknown
host1.taproom307nyc.com,Unknown
host1.taoyinsanfran.com,Unknown
host1.tantodulcecafenyc.com,Unknown
host1.tankojapanesefusionnyc.com,Unknown
host1.tanisushiasiangrillenglewood.com,Unknown
host1.tandtpizzerianyc.com,Unknown
host1.tandrpizzanyc.com,Unknown
host1.tandoorinyc.com,Unknown
host1.tandoorindianbellerose.com,Unknown
host1.tandoorimahalsanfran.com,Unknown
host1.tampopocafenyc.com,Unknown
host1.tallgrassburgernyc.com,Unknown
host1.talkofthetownqueens.com,Unknown
host1.taliassteakhousenyc.com,Unknown
host1.talbagelsuppereastside.com,Unknown
host1.talbagelsmidtowneast.com,Unknown
host1.taksimsquare2bk.com,Unknown
host1.taksimnyc.com,Unknown
host1.takieoutiechicago.com,Unknown
host1.takemehomerotisserianyc.com,Unknown
host1.takeawayandcafenyc.com,Unknown
host1.takarasushiwhitestone.com,Unknown
host1.takarajapanesesteakhouseoakhurst.com,Unknown
host1.tajmahaluniversityvillage.com,Unknown
host1.tajmahalofindiawestla.com,Unknown
host1.tajmahalindianchinesethaijamaica.com,Unknown
host1.tajmahalencino.com,Unknown
host1.tajkababwilliamsburg.com,Unknown
host1.tajinnyc.com,Unknown
host1.taikoonbrentwood.com,Unknown
host1.taikoinbrentwood.com,Unknown
host1.tacosyburritogrillbrooklyn.com,Unknown
host1.tacosyantojitosmexicanosbx.com,Unknown
host1.tacosmorelosnyc.com,Unknown
host1.tacosmexicocorona.com,Unknown
host1.tacosmexicoastoria.com,Unknown
host1.tacoslosgemelosnewrochelle.com,Unknown
host1.tacoselcatrinbk.com,Unknown
host1.tacombinyc.com,Unknown
host1.tacokingbk.com,Unknown
host1.tacochulobk.com,Unknown
host1.tacochinoirvingpark.com,Unknown
host1.tacoburritokingchicago.com,Unknown
host1.tacoburritohousechicago.com,Unknown
host1.table87coalovenpizzabk.com,Unknown
host1.tabatanoodlenyc.com,Unknown
host1.taamtovcatering.com,Unknown
host1.swenabler.com,Unknown
host1.regobagelregopark.com,Unknown
host1.reginaspizzerialynbrook.com,Unknown
host1.redtoquedc.com,Unknown
host1.redstarbx.com,Unknown
host1.redmoonnyc.com,Unknown
host1.redkoiorganicsushiloungenyc.com,Unknown
host1.redhousebk.com,Unknown
host1.redhotiinyc.com,Unknown
host1.redhookmarkspizzanyc.com,Unknown
host1.redflamedinernyc.com,Unknown
host1.redbowlchinesebk.com,Unknown
host1.redbeanasianbistronorwalk.com,Unknown
host1.redbasilthaikitchenastoria.com,Unknown
host1.redapplerestaurantchicago.com,Unknown
host1.realthainyc.com,Unknown
host1.realsantafewoodside.info,Unknown
host1.rayspizzarestauranttallman.com,Unknown
host1.rayspizzarestaurantnyc.com,Unknown
host1.rayspizzabagelcafenyc.com,Unknown
host1.raysmarketnyc.com,Unknown
host1.ravaghmidtown.com,Unknown
host1.ranimahalnyc.com,Unknown
host1.raniindianbistrobrookline.com,Unknown
host1.rangzencambridge.com,Unknown
host1.ranchmarketnyc.com,Unknown
host1.ranchhousebbqgrillvannuys.com,Unknown
host1.ranchdelinyc.com,Unknown
host1.ranch1originalsoupmannyc.com,Unknown
host1.ranch1midtownwest.com,Unknown
host1.ranallischicago.com,Unknown
host1.ramiskosherpizzabk.com,Unknown
host1.ramentakuminyc.com,Unknown
host1.ramasrotishopbk.com,Unknown
host1.ralphandrickeyspizzasouthphilly.com,Unknown
host1.rakuupperwest.com,Unknown
host1.rajmahalnyc.com,Unknown
host1.rajdhaniindianqueensvillage.com,Unknown
host1.rajdarbarindianchicago.com,Unknown
host1.rajajicurryhouseindiancuisinedc.com,Unknown
host1.rainbowthaiwestport.com,Unknown
host1.rainbowgourmetnyc.com,Unknown
host1.rainbowfangchinesewoodside.com,Unknown
host1.ragaindianbrooklynheights.com,Unknown
host1.raffaellosjc.com,Unknown
host1.rafdelihoboken.com,Unknown
host1.rachelstaquerianyc.com,Unknown
host1.racanellispizzabrew.com,Unknown
host1.rabbitscafenyc.com,Unknown
host1.inwestnet.com,Unknown
host1.eatboccanyc.com,Unknown
host1.eatbocadocafenyc.com,Unknown
host1.eatbluesushiwillistonpark.com,Unknown
host1.eatbluesmokenyc.com,Unknown
host1.eatbluelotusfortlee.com,Unknown
host1.eatblossomdujournyc.com,Unknown
host1.eatblackthaijacksonheights.com,Unknown
host1.eatbimboscantinaseattle.com,Unknown
host1.eatbigmamaspapaspizzeriala.com,Unknown
host1.eatbigarcchickennyc.com,Unknown
host1.eatbhojannycvegetarian.com,Unknown
host1.eatbeyondsushinyc.com,Unknown
host1.eatbettolonanyc.com,Unknown
host1.eatbestollipizzadc.com,Unknown
host1.eatbestcoffeeshopbk.com,Unknown
host1.eatbesonyc.com,Unknown
host1.eatberriscafela.com,Unknown
host1.eatbenaresnyc.com,Unknown
host1.eatbelmarcafe.com,Unknown
host1.eatbellerosedeli.com,Unknown
host1.eatbellapizzaastoria.com,Unknown
host1.eatbeijingnyc.com,Unknown
host1.eatbeetnyc.com,Unknown
host1.eatbayleafnyc.com,Unknown
host1.eatbarkingdognyc.com,Unknown
host1.eatbariosstatenisland.com,Unknown
host1.eatbareburgerhoboken.com,Unknown
host1.eatbarbruno.com,Unknown
host1.eatbangkokthai9philly.com,Unknown
host1.eatbangkokbistro.com,Unknown
host1.eatbananasgrillseattle.com,Unknown
host1.eatbamboo52nyc.com,Unknown
host1.eatbaitandhooknyc.com,Unknown
host1.eatbaisomthaikitchensf.com,Unknown
host1.eatbagelsonthehudsonhoboken.com,Unknown
host1.eatbagelsandmorenyc.com,Unknown
host1.eatbagelexpresshawthorne.com,Unknown
host1.eatbabapitachicago.com,Unknown
host1.eatawashethiopiannyc.com,Unknown
host1.eatauntbutchiesofbrooklyn.com,Unknown
host1.eatathensdc.com,Unknown
host1.eataspirationscafelounge.com,Unknown
host1.eatasianterracebayside.com,Unknown
host1.eatasiankitchenjerseycity.com,Unknown
host1.eatasiadognyc.com,Unknown
host1.eatasasushisf.com,Unknown
host1.eatasarisushinyc.com,Unknown
host1.eataromecafenyc.com,Unknown
host1.eatardsleymarketfresh.com,Unknown
host1.eatarborbistronyc.com,Unknown
host1.eatapplejackdinernyc.com,Unknown
host1.eatapnamasalanyc.com,Unknown
host1.eatapitalakewood.com,Unknown
host1.eatankagrillnyc.com,Unknown
host1.eatandyschinesecuisinesf.com,Unknown
host1.eatamsterdamdelinyc.com,Unknown
host1.eatamigosnyc.com,Unknown
host1.eatametispizzaclifton.com,Unknown
host1.eatameerkabobchicago.com,Unknown
host1.eatalsbeefchicago.com,Unknown
host1.eatalmayassnyc.com,Unknown
host1.eatalhamrasf.com,Unknown
host1.eataldentenyc.com,Unknown
host1.eatalamodeorientalnyc.com,Unknown
host1.eatagbistronyc.com,Unknown
host1.eataddeosriverdalepizzabx.com,Unknown
host1.eatabumisushinyc.com,Unknown
host1.eatabuminyc.com,Unknown
host1.eatabsolutenoodledc.com,Unknown
host1.eata1pizzarestaurant.com,Unknown
host1.eat38thstreetdinernyc.com,Unknown
host1.eat25degreeschicago.com,Unknown
host1.eat1fish2fish.com,Unknown
host1.eat161streetpizzala.com,Unknown
host1.eastwickbk.com,Unknown
host1.eastvillagegrocerynyc.com,Unknown
host1.eastsidebagelnyc.com,Unknown
host1.eastjapaneseteaneck.com,Unknown
host1.eastgardenchineseastoria.com,Unknown
host1.easternchinesequeensvillage.com,Unknown
host1.easterncarryoutdc.com,Unknown
host1.eastendbarandgrillnyc.com,Unknown
host1.eastcoastcateringdeli.com,Unknown
host1.eastbaydinermurrayhill.co,Unknown
host1.earthwindandflourla.com,Unknown
host1.earthrestaurantnyc.com,Unknown
host1.earthhealthbarnyc.com,Unknown
host1.earthhealthbarny.com,Unknown
host1.earlofsandwichnyc.com,Unknown
host1.eandegrillhousenyc.com,Unknown
host1.eaglepizzeriasf.com,Unknown
host.yelin-dega.com,Unknown
host.workskillsweb.net,Unknown
host.minezool.com,Unknown
host.kerefireretote.com,Unknown
host.d-ns.ga,Unknown
host.checkerbiz.com,Unknown
host.anastech.org,Unknown
host-94-231-51-29.ip.jarsat.pl,Unknown
host-89-167-69-153.nplay.net.pl,Unknown
host-89-167-54-53.nplay.net.pl,Unknown
host-86-63-153-160.nplay.net.pl,Unknown
host-86-63-152-46.nplay.net.pl,Unknown
host-86-63-150-156.nplay.net.pl,Unknown
host-86-63-147-236.nplay.net.pl,Unknown
host-86-63-144-205.nplay.net.pl,Unknown
host-86-63-136-39.nplay.net.pl,Unknown
host-86-111-97-138.tvk.torun.pl,Unknown
host-86-111-96-72.tvk.torun.pl,Unknown
host-86-111-105-218.tvk.torun.pl,Unknown
host-86-111-103-194.tvk.torun.pl,Unknown
host-86-111-103-127.tvk.torun.pl,Unknown
host-3-167.a3.cmm.com.py,Unknown
host-19-12.b3.cmm.com.py,Unknown
host-12-169-239-81.accesshsd.net,Unknown
host-12-169-239-73.accesshsd.net,Unknown
host-12-150-225-207.watvc.com,Unknown
host-12-150-224-20.watvc.com,Unknown
horstherfertarcorde.zzwumwaysl.in,Unknown
horrorspottoolbox.loyaltytoolbar.com,Unknown
hornbytrainsets.secure.assimilatedservers.net,Unknown
horn.matchthrill.bid,Unknown
hope.webcreatorteam.com,Unknown
hopak-odesa.ved.bz,Unknown
hop.mywebhop.org,Unknown
honor.agitaattori.fi,Unknown
honka2.isthebe.st,Unknown
honeypot.egdevcenter.com,Unknown
hondafuerza.dhdinc.info,Unknown
homolog.welisonsilva.com.br,Unknown
hometownradio.myradiotoolbar.com,Unknown
hometgarsdev.popcorn-communication.com,Unknown
hometecuk.emirhasham.com,Unknown
homeschoolblessings.ourchurchtoolbar.com,Unknown
homes.myhousequote.com,Unknown
homerbbs2015.tianv.org,Unknown
homens.flashticketswf.xyz,Unknown
homely.gutterheaters4u.com,Unknown
homefamily.mystoretoolbar.com,Unknown
home.thomas.pp.ua,Unknown
home.supersonik.xyz,Unknown
home.solis-tek.net,Unknown
home.sol.se,Unknown
home.phnix-e.com,Unknown
home.openmediasoft.com,Unknown
home.najd.us,Unknown
home.marinadunesrv.com,Unknown
home.kaos.to,Unknown
home.imeps.co.kr,Unknown
home.ibmsupports.com,Unknown
home.housequotenow.com,Unknown
home.gopetrom.com,Unknown
home.funmoods.com,Unknown
home.country.locale.x.id.igrmqi7.com,Unknown
home.copyclub.ru,Unknown
home.com.cgi-bin-webscr.log-dispatch-updat-account.cg-bin-team.updat.server-crypt.cg-bint.securly.data4678744dbj.portal.gruporaf,Unknown
home.com.cgi-bin-webscr.log-dispatch-updat-account.cg-bin-team.updat.server-crypt.cg-bint.securly.data4678744dbj.portal.grupora,Unknown
home.buildren.com,Unknown
home.bt.bt.custhelp.signin1.bt.com.appanswersdetail.puntoblu.me,Unknown
home-paypal.default-accesdatalockcountry.tercyduktaek.com,Unknown
home-offre.up-your.com,Unknown
holykoran.myblogtoolbar.com,Unknown
holy.mldlandfrantz.com,Unknown
holy.animehackers.com,Unknown
holladayphotography.tantumservices.com,Unknown
hoithao.webdoctor.com.vn,Unknown
hohidukuyo.mizubasyou.com,Unknown
hogwelaw.co.zw,Unknown
hoggradio.myradiotoolbar.com,Unknown
hoffmanspencer.entadsl.com,Unknown
hockeygoalie.myforumtoolbar.com,Unknown
hobbycar.puntocl.com,Unknown
hoawy.frost-electric-supply.com,Unknown
hoangthuy.dongaphu.vn,Unknown
hoaminhchau.bmt.city,Unknown
ho2.ukdj3d.cn,Unknown
hnmseminar.aamraresources.com,Unknown
hndxxq.b17.23dns.net,Unknown
hnb.myblogtoolbar.com,Unknown
hmrevenue.gov.uk.claim-tax-refunds.overview.danpn.com,Unknown
hmrc.logincorpssl.com,Unknown
hmrc.gsi.gov.uk.jhasd76hi3r87gsaf773efha8sgf76fd.auto-welt-transporte.de,Unknown
hmora.fred-build.tk,Unknown
hmc.uxuixsw0b.top,Unknown
hl.udogs.net,Unknown
hkyt.miswelt.com,Unknown
hk168.edo2008.com,Unknown
hk03291.cname.jggogo.net,Unknown
hk.darwd.com,Unknown
hjrqo.outspeakjmthovy.site,Unknown
hjlhczxkjqkwz.218sb.com,Unknown
hjhqmbxyinislkkt.1xynaz.top,Unknown
hjhqmbxyinislkkt.1w5iy8.top,Unknown
hjhqmbxyinislkkt.1qk2un.top,Unknown
hjhqmbxyinislkkt.1qjl23.top,Unknown
hjhqmbxyinislkkt.1q7pwb.top,Unknown
hjhqmbxyinislkkt.1pxbfh.top,Unknown
hjhqmbxyinislkkt.1ppto6.top,Unknown
hjhqmbxyinislkkt.1pcvko.top,Unknown
hjhqmbxyinislkkt.1ntyds.top,Unknown
hjhqmbxyinislkkt.1npg9s.top,Unknown
hjhqmbxyinislkkt.1nm62r.top,Unknown
hjhqmbxyinislkkt.1mwvgh.top,Unknown
hjhqmbxyinislkkt.1mvku2.top,Unknown
hjhqmbxyinislkkt.1mswjm.top,Unknown
hjhqmbxyinislkkt.1mqvsc.top,Unknown
hjhqmbxyinislkkt.1mee2x.top,Unknown
hjhqmbxyinislkkt.1mat7v.top,Unknown
hjhqmbxyinislkkt.1ltyev.top,Unknown
hjhqmbxyinislkkt.1lqrja.top,Unknown
hjhqmbxyinislkkt.1kw51p.top,Unknown
hjhqmbxyinislkkt.1kraqn.top,Unknown
hjhqmbxyinislkkt.1kjhhf.top,Unknown
hjhqmbxyinislkkt.1khwro.top,Unknown
hjhqmbxyinislkkt.1kge5a.top,Unknown
hjhqmbxyinislkkt.1k6bas.top,Unknown
hjhqmbxyinislkkt.1jwuaa.top,Unknown
hjhqmbxyinislkkt.1jnhdc.top,Unknown
hjhqmbxyinislkkt.1jmip6.top,Unknown
hjhqmbxyinislkkt.1j43kf.top,Unknown
hjhqmbxyinislkkt.1hapca.top,Unknown
hjhqmbxyinislkkt.1gzjuc.top,Unknown
hjhqmbxyinislkkt.1gxfxt.top,Unknown
hjhqmbxyinislkkt.1gvyo8.top,Unknown
hjhqmbxyinislkkt.1gunao.top,Unknown
hjhqmbxyinislkkt.1gu5um.top,Unknown
hjhqmbxyinislkkt.1gswwp.top,Unknown
hjhqmbxyinislkkt.1grvue.top,Unknown
hjhqmbxyinislkkt.1gredn.top,Unknown
hjhqmbxyinislkkt.1gqrpq.top,Unknown
hjhqmbxyinislkkt.1gjpzp.top,Unknown
hjhqmbxyinislkkt.1fzz7a.top,Unknown
hjhqmbxyinislkkt.1fzjn3.top,Unknown
hjhqmbxyinislkkt.1fygsg.top,Unknown
hjhqmbxyinislkkt.1fy93v.top,Unknown
hjhqmbxyinislkkt.1fttxm.top,Unknown
hjhqmbxyinislkkt.1fnjrj.top,Unknown
hjhqmbxyinislkkt.1fgsmc.top,Unknown
hjhqmbxyinislkkt.1efxa8.top,Unknown
hjhqmbxyinislkkt.1eeyaj.top,Unknown
hjhqmbxyinislkkt.1eagrj.top,Unknown
hjhqmbxyinislkkt.1e47tj.top,Unknown
hjhqmbxyinislkkt.1dvqvh.top,Unknown
hjhqmbxyinislkkt.1dq6nd.top,Unknown
hjhqmbxyinislkkt.1csesc.top,Unknown
hjhqmbxyinislkkt.1cnkik.top,Unknown
hjhqmbxyinislkkt.1cdqfv.top,Unknown
hjhqmbxyinislkkt.1c1ajf.top,Unknown
hjhqmbxyinislkkt.1bu9xu.top,Unknown
hjhqmbxyinislkkt.1bcxcs.top,Unknown
hjhqmbxyinislkkt.1bcnad.top,Unknown
hjhqmbxyinislkkt.1bas8q.top,Unknown
hjhqmbxyinislkkt.1b8tmn.top,Unknown
hjhqmbxyinislkkt.1aqq5k.top,Unknown
hjhqmbxyinislkkt.1aq4sz.top,Unknown
hjhqmbxyinislkkt.1adh2r.top,Unknown
hjhqmbxyinislkkt.1acfka.top,Unknown
hjhqmbxyinislkkt.1accfa.top,Unknown
hjhqmbxyinislkkt.1aamtz.top,Unknown
hjhqmbxyinislkkt.1aajb7.top,Unknown
hjhqmbxyinislkkt.1a8u1r.top,Unknown
hjhqmbxyinislkkt.1a2xx3.top,Unknown
hjhqmbxyinislkkt.19xvyd.top,Unknown
hjhqmbxyinislkkt.19xdpm.top,Unknown
hjhqmbxyinislkkt.19s7gy.top,Unknown
hjhqmbxyinislkkt.19hj4f.top,Unknown
hjhqmbxyinislkkt.19b6nk.top,Unknown
hjhqmbxyinislkkt.18zrup.top,Unknown
hjhqmbxyinislkkt.18yzmj.top,Unknown
hjhqmbxyinislkkt.18nepv.top,Unknown
hjhqmbxyinislkkt.18lmhb.top,Unknown
hjhqmbxyinislkkt.18f5bw.top,Unknown
hjhqmbxyinislkkt.17rm9b.top,Unknown
hjhqmbxyinislkkt.17kc8y.top,Unknown
hjhqmbxyinislkkt.16l1zt.top,Unknown
hjhqmbxyinislkkt.16ke1t.top,Unknown
hjhqmbxyinislkkt.15u3kg.top,Unknown
hjhqmbxyinislkkt.15mwt4.top,Unknown
hjhqmbxyinislkkt.15e8hv.top,Unknown
hjhqmbxyinislkkt.14yppf.top,Unknown
hjhqmbxyinislkkt.14stvt.top,Unknown
hjhqmbxyinislkkt.14o2wp.top,Unknown
hjhqmbxyinislkkt.14klmz.top,Unknown
hjhqmbxyinislkkt.142djp.top,Unknown
hjhqmbxyinislkkt.13ydzv.top,Unknown
hjhqmbxyinislkkt.13qgdd.top,Unknown
hjhqmbxyinislkkt.13kn4l.top,Unknown
hjhqmbxyinislkkt.13khiv.top,Unknown
hjhqmbxyinislkkt.13fmby.top,Unknown
hjhqmbxyinislkkt.13eymq.top,Unknown
hjhqmbxyinislkkt.13bcem.top,Unknown
hjhqmbxyinislkkt.12zucf.top,Unknown
hjhqmbxyinislkkt.12m58x.top,Unknown
hjhqmbxyinislkkt.12gsjz.top,Unknown
hjhqmbxyinislkkt.12ct4c.top,Unknown
hjhqmbxyinislkkt.12bxp9.top,Unknown
hjhqmbxyinislkkt.127axt.top,Unknown
hjhqmbxyinislkkt.11bwgu.top,Unknown
hjasgdkjad.co.vu,Unknown
hizmet.sitegoz.com,Unknown
hiweb.1sthoster.com,Unknown
hive.tubetitties.com,Unknown
hiuvmc.tohk5ja.cc,Unknown
hitx.statistics.ro,Unknown
hits80and90.myradiotoolbar.com,Unknown
hits.sys.lv,Unknown
hits.icdirect.com,Unknown
hits.gureport.co.uk,Unknown
hits.e.cl,Unknown
hitmancitytoolbar.mycitytoolbar.com,Unknown
hitler.citizenhack.me,Unknown
hit37.chark.dk,Unknown
hit.toppickled.com,Unknown
hit.moviezone.mobi,Unknown
hit.clickaider.com,Unknown
hit-counter.udub.com,Unknown
histotheek.mylibrarytoolbar.com,Unknown
hisbunny1-chaturbate.sexesporn.com,Unknown
hiritseek.saveclients.com,Unknown
hireme.slugcorner.com,Unknown
hiphopkustomz.myradiotoolbar.com,Unknown
hiphopboard.mycitytoolbar.com,Unknown
hiphop2.myradiotoolbar.com,Unknown
hindimovies.itztoday.com,Unknown
himwcw.gigy.gq,Unknown
hiltrud.probst.cx,Unknown
hilfulschool.edu.bd,Unknown
hilfeforum.myforumtoolbar.com,Unknown
hilarymagazine.media-toolbar.com,Unknown
hikoukinet.myblogtoolbar.com,Unknown
hijack.css2.com,Unknown
highwiresellers.media-toolbar.com,Unknown
higher.dwebsi.tk,Unknown
hie286dai9513768.chromiunxewaa.website,Unknown
hidrocalidoscom.mycitytoolbar.com,Unknown
hidemyass.st20.com,Unknown
hidemyass.inc5.com,Unknown
hidemyass.2u-2.com,Unknown
hide.fh50.com,Unknown
hide.dostav.ru,Unknown
hide-your-computer.webovka.eu,Unknown
hidden.ipv6.red,Unknown
hidd0.ucgalleries.com,Unknown
hiby.wodekfk.com,Unknown
hibe.hibersabun.co.id,Unknown
hi8.ss.la,Unknown
hhwwhoj.forgottenfolk.tk,Unknown
hgopu.saqibsiddiqui.com,Unknown
hgf.ariesbusinessvaluation.com,Unknown
hfx-online.co.uk.cgi-bin-webscr.cmd-login-submit.webscr-640-20101004-1.redirect.51u.org,Unknown
hfuisuno.nationaldistributinggroup.com,Unknown
hfs.ezdownloadpro.info,Unknown
hfmid.bjcma.top,Unknown
hfmgosmyrnanet.mycitytoolbar.com,Unknown
hfkxgwd.qok.me,Unknown
hf96366.hftj.org,Unknown
hexenlandradio.media-toolbar.com,Unknown
hexadl.line55.net,Unknown
hethaf.mycitytoolbar.com,Unknown
hesaplamalar.ssksorgula.mobi,Unknown
hesap.hawzentr.com,Unknown
herold.163-co.com,Unknown
heroes.waigame.com,Unknown
hero.theoscloud.com,Unknown
herkansingswedstrijden.rightnowcapital.com,Unknown
here.violation-fanpage1.tk,Unknown
herbsall.4yz.com,Unknown
her.thedisneygroup.net,Unknown
henry.efa-light.com,Unknown
hengshui.interchange.space,Unknown
helsinkitimes.mycitytoolbar.com,Unknown
helpdesknow-amzn-account-verifyonline-inc-jpbill.demetkentsitesi.com,Unknown
helpdesk.xcolabs.com,Unknown
helpdesk.keldon.info,Unknown
helpdesk.hellermanntyton.co.uk,Unknown
help.zmhl.net,Unknown
help.thewindows8center.com,Unknown
help.stardialer.de,Unknown
help.payment.online.gharjamaimatrimonial.com,Unknown
help.map3q.com,Unknown
help.globalappz.club,Unknown
help.eogu.com,Unknown
help.0pengl.com,Unknown
help-confirmation.yalexander.alakmalak.org,Unknown
hellomiss.belcultural.com,Unknown
hell.lamer.la,Unknown
heliplaya.hotellatortugaspa.com,Unknown
heli.zooka.io,Unknown
helgi.vinirketils.com,Unknown
helal.net.bd,Unknown
hektor-design.com.hr,Unknown
hejban.youwatch.org,Unknown
hejagtlk.lengana.net,Unknown
hehe.suckmyass.gq,Unknown
hegel.joelburton.com,Unknown
heavyindustries.viuu.site,Unknown
healthy.gmsto.com,Unknown
healthandmarket.media-toolbar.com,Unknown
healthandfun.myforumtoolbar.com,Unknown
headless.ebkfwd.com,Unknown
he.janssen.photography,Unknown
hdxxlhcdyxczb.ddaytrade.com,Unknown
hdv1sk62nn56gtrozwrc.viomil.ro,Unknown
hdv.searchbooks.xyz,Unknown
hdv.bestseedtodo.xyz,Unknown
hdsr.matemes.com,Unknown
hddown.down.123ch.cn,Unknown
hd1.ukdj3d.cn,Unknown
hcrmouudjxzhhfdfimnj.maherstcottage.com.au,Unknown
hcrmouudjxzhhfdfimnj.littlematchagirl.com.au,Unknown
hcb.ucgalleries.com,Unknown
hbm5g0fj5xh.nagts.org,Unknown
hbm5g0fj5xh.invoicenotice.com,Unknown
hb.lojodev.com,Unknown
hb-redlink-com-ar.servicesar.com,Unknown
hayday.topapk.mobi,Unknown
hayateowatatu.naga-masa.com,Unknown
hax.tor.hu,Unknown
hatbam.mytowntoolbar.com,Unknown
hashmi.webdesigning.name,Unknown
harvest.kovec.space,Unknown
harsachtummodelnd.simplecert.co,Unknown
harry.bradweb.co.uk,Unknown
harrow.aa978.com,Unknown
haris.myuniversitytoolbar.com,Unknown
hardwaremania.myforumtoolbar.com,Unknown
hardcoregay.just404.com,Unknown
haproxy1.production.ofp.io,Unknown
happystationde.mystoretoolbar.com,Unknown
happysnapple.myblogtoolbar.com,Unknown
happysky.ucgalleries.com,Unknown
happy.hd8.chpsec.com,Unknown
happy.bless.christmas,Unknown
hap4.gabmixer.com,Unknown
hannes.gameplanet.cz,Unknown
handwerkeranzeiger.media-toolbar.com,Unknown
handicapped.divadeva.org,Unknown
handball.sv-kornwestheim.de,Unknown
hanamasa.hot.lc,Unknown
hanafos.digitalnames.net,Unknown
hamzayounus.viralgalleries.me,Unknown
halifax-online.co.uk.userset.net,Unknown
half.goodlandbeer.com,Unknown
hakoblog.myblogtoolbar.com,Unknown
haiyou123456.host3.tedaweb.com,Unknown
haiphong.theodoibaochi.com,Unknown
haine2.webrevolutionfactory.com,Unknown
haifbar.mycitytoolbar.com,Unknown
hai3ymtnvi.sfdtewrgfc.madpendesign.com.au,Unknown
hackz.zweipage.de,Unknown
hacks.dlux.hu,Unknown
hackney.levitrawelloch.in,Unknown
hacking.livreforum.com,Unknown
hackfbpass.hackification.com,Unknown
hackeryoucef.webobo.com,Unknown
hacker.bi.webobo.com,Unknown
hacker.4u.to,Unknown
hack.simonbenfeldt.dk,Unknown
hack.1128.me,Unknown
habtechs.myradiotoolbar.com,Unknown
habrock.myradiotoolbar.com,Unknown
habobikes.myradiotoolbar.com,Unknown
habmusic.loyaltytoolbar.com,Unknown
habbowaterwaves.myradiotoolbar.com,Unknown
habboschip.mytowntoolbar.com,Unknown
habborevolution.myradiotoolbar.com,Unknown
habbohitsfm.myradiotoolbar.com,Unknown
habbodragonss.myradiotoolbar.com,Unknown
habbobartoolbar.media-toolbar.com,Unknown
haag.sebastian-busshardt.de,Unknown
h7.rinch.at,Unknown
h5nuwefkuh134ljngkasdbasfg.corolbugan.com,Unknown
h59ec068f.dkkobye.dyn.perspektivbredband.net,Unknown
h59ec0680.dkkobye.dyn.perspektivbredband.net,Unknown
h55eb178d.dkkobye.dyn.perspektivbredband.net,Unknown
h54dc.leverdaze.at,Unknown
h4qrpdal25iwe6arsmlm.littlematchagirl.com.au,Unknown
h4i4rjwo06kowj4aqd19.maherstcottage.com.au,Unknown
h4i4rjwo06kowj4aqd19.littlematchagirl.com.au,Unknown
h4hzmbgr6d.centde.com,Unknown
h3ds4.maconslab.com,Unknown
h2aplxtbut.basrabrothers.com,Unknown
h24413.tfil.com,Unknown
h061-195-074-061.kwins.net,Unknown
h028.sa180.com,Unknown
h004rd.sa032.com,Unknown
h.zeroredirect.com,Unknown
h.starsystem.biz,Unknown
h.mypasswordbox.com,Unknown
h.imitinjs.info,Unknown
h.crdrjs.info,Unknown
gzy.funkg.com,Unknown
gzw.3389.hk,Unknown
gzpro.mycitytoolbar.com,Unknown
gz66mgyhxd.centde.com,Unknown
gymstarsusa.myuniversitytoolbar.com,Unknown
gymkr3vd3ykpdk521wj0.maherstcottage.com.au,Unknown
gyen.4646u.com,Unknown
gy9.gyddos.com,Unknown
gy.nuecesbend.com,Unknown
gy.libatu.com,Unknown
gxx8295865.dwonxiazai.com,Unknown
gxx8295857.dwonxiazai.com,Unknown
gxx8295842.dwonxiazai.com,Unknown
gxx8295834.dwonxiazai.com,Unknown
gxx8295771.dwonxiazai.com,Unknown
gxx8295724.dwonxiazai.com,Unknown
gxx8295561.dwonxiazai.com,Unknown
gxx8295560.dwonxiazai.com,Unknown
gxx8295559.dwonxiazai.com,Unknown
gxx8295543.dwonxiazai.com,Unknown
gxx8295470.dwonxiazai.com,Unknown
gxx82.dwonxiazai.com,Unknown
gxtbumnb.seahillfarm.com,Unknown
gxb2rkfgb2xlheyyv48c.littlematchagirl.com.au,Unknown
gx.cleverqq.net,Unknown
gwuluhvwzh.centde.com,Unknown
gwofbxkx.afgktv.cn,Unknown
gwerucity.org.zw,Unknown
gwe32fdr74bhfsyujb34gfszfv.zatcurr.com,Unknown
gwbak.nickymaru.com,Unknown
gwb2015.clicks2orders.com,Unknown
gwams.mycitytoolbar.com,Unknown
gw.yelin-dega.com,Unknown
gw.pihehixifonare.com,Unknown
gw.masadaftiloya.com,Unknown
gw.greenwalls.net,Unknown
gw.daeshinplant.com,Unknown
gvwalnizi.webtopgroup.ru,Unknown
gurde.tourstogo.us,Unknown
guomanhotels.todaycouponcode.com,Unknown
gunbrookefiction.mylibrarytoolbar.com,Unknown
gun.vrfitnesscoach.com,Unknown
guliver.viamedia.ba,Unknown
guildtw.natursektgirls.live,Unknown
guildone.natursektgirls.live,Unknown
guildlinks.myfamilytoolbar.com,Unknown
guildford.propertysale.co.uk,Unknown
guide.windowsfileopener.com,Unknown
guide-application-bnpparibas.ma-cle-fr.net,Unknown
guiatenerifecom.mytowntoolbar.com,Unknown
guenzo.ivoire-blog.com,Unknown
gudxwsxyhr.centde.com,Unknown
gucci-handbag.thestas.com,Unknown
guardian-antivirus.ojolink.fr,Unknown
guajfskajiw.43242.com,Unknown
gu76alwuqt.centde.com,Unknown
gtvwxezr.searching-for-joy.com,Unknown
gttour.anyhome.co.kr,Unknown
gtomktw.braincall.win,Unknown
gtcx1ykzyrv9cmmwqi2l.maherstcottage.com.au,Unknown
gtb.fhg-shockingcash.com,Unknown
gtaworldozpl.myblogtoolbar.com,Unknown
gtav5onlinehack.5x.pl,Unknown
gtaturkmania.mytowntoolbar.com,Unknown
gtasanandreas.myblogtoolbar.com,Unknown
gsx.apple.com.webapps565s.support.updates.ro,Unknown
gstrefund.arcrevenue-interac.com,Unknown
gssjwk.nameyourspace.net,Unknown
gsmdc.edu.bd,Unknown
gsf.forumtoolbar.com,Unknown
gsafe.safemedia.today,Unknown
gsafe.globalappz.club,Unknown
gsafe.getawesome9.com,Unknown
gsafe.getawesome8.com,Unknown
gsafe.getawesome7.com,Unknown
gsafe.getawesome6.com,Unknown
gsafe.getawesome5.com,Unknown
gsafe.getawesome4.com,Unknown
gsafe.getawesome2.com,Unknown
gsafe.getawesome10.com,Unknown
gsafe.getawesome1.com,Unknown
gs4net.loyaltytoolbar.com,Unknown
grzegorz.zurek.co,Unknown
grycs.mycitytoolbar.com,Unknown
grxje.sexchats.mobi,Unknown
grt.neurologynurseonline.info,Unknown
grset4.boomersandshakers.com,Unknown
group.oafress.org,Unknown
groovezasia.com.mm,Unknown
groningerjongleerweekend.kaptein-online.nl,Unknown
grodziczno.diecezja.torun.pl,Unknown
groax.mymag250.co.uk,Unknown
grmc.media-toolbar.com,Unknown
grinif.fonicweb.com,Unknown
grimm.mycitytoolbar.com,Unknown
grimbold.ucgalleries.com,Unknown
grim.modstudio.eu,Unknown
grim.miamihouseparty.net,Unknown
grigorsblog.myblogtoolbar.com,Unknown
grf.webflea.org,Unknown
grf.web-flea.org,Unknown
grey.best4cover.com,Unknown
gref.year2018.com,Unknown
greev.randbinternationaltravel.com,Unknown
greenxf.down.123ch.cn,Unknown
greentic.univcasa.ma,Unknown
green.virtual-nights.com,Unknown
green.datota.it,Unknown
green.cibariefoodconsulting.com,Unknown
green.cal-sal.net,Unknown
green.4107irishivy.info,Unknown
green-card.alkurnwork.in,Unknown
greek.warez.net,Unknown
greatquizzard.myblogtoolbar.com,Unknown
greaternoakhali.net.bd,Unknown
grease.yodyiam.com,Unknown
gre.thesorcha.com,Unknown
gre.cyberebook.com,Unknown
gre.cometonetwork.com,Unknown
grdboonyfa.centde.com,Unknown
gravitysucks.thingsmicro.com,Unknown
gratishabbomyntnu.modellfoto.se,Unknown
gratishabbomyntblirik.modellfoto.se,Unknown
gratishabbocredits.v3host.be,Unknown
gratisgratis.mycitytoolbar.com,Unknown
gratis.sms.senden.sms13.de,Unknown
gratis.nl.sms.sms13.de,Unknown
grannies.stoporn.net,Unknown
grandtour.com.ge,Unknown
grandteamwarez.forumtoolbar.com,Unknown
grandpa.thebehrs.ca,Unknown
grammar.ewriteright.in,Unknown
gradue.questresulttwo.com,Unknown
grade.zwankysearch.com,Unknown
grade.zinkzo.com,Unknown
grade.winkzink.com,Unknown
grade.tabdiscover.com,Unknown
grade.spacequery.com,Unknown
grade.resulturl.com,Unknown
grade.resultdns.com,Unknown
grade.resultbrowsertwo.com,Unknown
grade.resultbrowse.com,Unknown
grade.questscantwo.com,Unknown
grade.inventionsleet.icu,Unknown
gracetoday.myforumtoolbar.com,Unknown
grace-teen-lesbians-mara.blogomer.com,Unknown
grabowski.media-toolbar.com,Unknown
grabbag.alacorncomputer.com,Unknown
gr4j2gn813.qqonrjhl3.icu,Unknown
gq.takeitalyhome.com,Unknown
gpsradio.mycitytoolbar.com,Unknown
gp387a.sazzip.com,Unknown
gp.ziikd.pw,Unknown
govo.wa.edu.au,Unknown
gov.uk.claim-tax-refund.authc.pw,Unknown
gov.uk-revenue-customs.sytcbdata.com,Unknown
gouv.impots.fr.fusiontek.com.ar,Unknown
goto.dirsite.com,Unknown
goto.astdn.com,Unknown
goto.4bc.co,Unknown
gossip.lak.news,Unknown
gosd.keepingbalanced.com.au,Unknown
gop.eventsandbusiness.com,Unknown
goomes.topvpn.reviews,Unknown
goole.authorizeddns.us,Unknown
gool.frieghtiger.com,Unknown
googlesearch.mycitytoolbar.com,Unknown
googlefestas.agropecuariacaxambu.com.br,Unknown
googledrivedocument.beechdrift.co.uk,Unknown
googledrive.com.securedocument.view.wdvts.be,Unknown
googledoc.raganinfotech.com,Unknown
googledoc.hpo.biz,Unknown
googlecentreservices.rockhillrealtytx.com,Unknown
google.ryantoddrose.com,Unknown
google.poultrymiddleeast.com,Unknown
google.open.pdf.ep-stock.com,Unknown
google.hjkluygoogle.com,Unknown
google.drive.out.pesanfiforlif.com,Unknown
google.com.d-dns.co,Unknown
google.com-document-view.alibabatradegroup.com,Unknown
google-hacks.ojolink.fr,Unknown
google-dropbox.sakthiheattreatment.com,Unknown
googl3docu.importadoragranandina.com,Unknown
goofy.jescali.net,Unknown
goodscanid.thewomanizer.net,Unknown
good.pinnacletitlegroup.net,Unknown
gongzheng.120.net.cn,Unknown
gomsde.mycitytoolbar.com,Unknown
gom-player.gooofull.com,Unknown
golfonetwork.mycitytoolbar.com,Unknown
goldi-stadsjeugd.sportsconcerttickets.com,Unknown
gold2008.mystoretoolbar.com,Unknown
gold.powerstring.bid,Unknown
golaba.segera.live,Unknown
gojnox.boxtomarket.com,Unknown
gogobe.com.ne.kr,Unknown
gogo.fishdns.com,Unknown
gogamego.thewhizproducts.com,Unknown
goeyoyoo.blackbeancafe.com,Unknown
godisgood.sweetkylebear.com,Unknown
godfatherallparts.blogs-blogs.com,Unknown
godfather3movies.blogs-blogs.com,Unknown
godaddy.greattoolbars.com,Unknown
gobigteamcomunity.media-toolbar.com,Unknown
go.winantispyware.com,Unknown
go.webgeofwd.com,Unknown
go.turboloves.net,Unknown
go.systemdoctor.com,Unknown
go.sharewilly.de,Unknown
go.seoclubs.pw,Unknown
go.searchanyway.com,Unknown
go.pushnative.com,Unknown
go.onclasrv.com,Unknown
go.neocbn.co.kr,Unknown
go.mooncklick.com,Unknown
go.jxvector.com,Unknown
go.jinglz.online,Unknown
go.gengxinsys.com,Unknown
go.game2me.cn,Unknown
go.everli-killz.xyz,Unknown
go.errorsafe.com,Unknown
go.drivecleaner.com,Unknown
go.appdomain-11.com,Unknown
go.aceadsys.net,Unknown
go.007wood.insanegb.com,Unknown
gnxr.igg.biz,Unknown
gnplx.natursektgirls.live,Unknown
gnjcexms4b5u49hh3v7e.bosch-web-marketing.co.uk,Unknown
gngacrpk.sygfysp.xyz,Unknown
gmsgazjqii.centde.com,Unknown
gmfiles.brothergames.com,Unknown
gmfdysn8at.centde.com,Unknown
gm2an3r.dedefererer3r3e3r.cn,Unknown
gm21ets.dedefererer3r3e3r.cn,Unknown
gm1s9bz.dedefererer3r3e3r.cn,Unknown
glovein.says.it,Unknown
globofesta.agropecuariacaxambu.com.br,Unknown
globalvoicesinfo.myforumtoolbar.com,Unknown
globaltravel.mycitytoolbar.com,Unknown
globalpinoy.automaticgeek.com,Unknown
globalgrind.peoplefindthis.com,Unknown
globalexpo.co.bw,Unknown
globalconnects.mystoretoolbar.com,Unknown
global.pcclear.com,Unknown
global.ncsoft.to,Unknown
global.americanexpress.com.harryhartmann.com.br,Unknown
global-community.nkemandsly.com,Unknown
glob.pavlodesign.com.ua,Unknown
gleyi.stretchtunnel.icu,Unknown
glee.videoresourse.com,Unknown
glb.it-desktop.com,Unknown
gl.immereeako.info,Unknown
gk.rts.sparkstudios.com,Unknown
gitrgc17.gribbio.com,Unknown
gismo54370.bboard.it,Unknown
girlsfack2321.viralgalleries.me,Unknown
gir.driveropti.net,Unknown
giko.emeraldsurfscience.com,Unknown
gigiregulatorul.us.qtgpqio.tk,Unknown
giggle.rdmadnetwork.com,Unknown
gigasearchcity.mycitytoolbar.com,Unknown
giftsofglamourcom.mystoretoolbar.com,Unknown
giftskeys.ts9.ru,Unknown
gifts.invity.com,Unknown
giftreflections.mystoretoolbar.com,Unknown
gift.roadsterbox.org,Unknown
gift.e-hyundai.com,Unknown
gift-4542.limitedusers.net,Unknown
gif.doter.at,Unknown
gid.sad136.ru,Unknown
gibbs.mystoretoolbar.com,Unknown
giants.yourzip.co,Unknown
gianostorecom.mystoretoolbar.com,Unknown
gianniamato.myblogtoolbar.com,Unknown
giallaz.tuttotone.com,Unknown
ghoul.fragstore.net,Unknown
ghostsbar.mycitytoolbar.com,Unknown
ghostfackekillerclan.myradiotoolbar.com,Unknown
ghost246630.worldhosts.ru,Unknown
ghme.media-toolbar.com,Unknown
ghido.isthebe.st,Unknown
ghib.iewical.eu,Unknown
ghcugjxx.thegourmandmag.com,Unknown
gh.dsaj2a1.org,Unknown
ggz.gargizer.com,Unknown
ggz.esecurepctools.com,Unknown
ggxlchatcom.myforumtoolbar.com,Unknown
ggwwquzxdkaqwerob3-dd257mbsrsenuindsps.dsnxg.57670.net,Unknown
ggtnbmzy9l.centde.com,Unknown
gghzskncx3.harrisdentalsolutions.com,Unknown
ggames.myforumtoolbar.com,Unknown
gg.usdipc.com,Unknown
gg.synhi.com,Unknown
gg.angelpush.com,Unknown
gfyecp.hopbeandollar.gdn,Unknown
gfs.ezdownloadpro.info,Unknown
gfoymnesee.bradul.creatory.org,Unknown
gfobhk.peak-serving.com,Unknown
gfkuwflbhsjdabnu4nfukerfqwlfwr4rw.ringbalor.com,Unknown
gfhrdrdfg.ghel.com.cn,Unknown
gfh.netflea.net,Unknown
gfh.drkeithsavell.com,Unknown
gf.65ysz7.cn,Unknown
gezelim.myblogtoolbar.com,Unknown
getupgrade.yourthegreatandsafewayscontents.icu,Unknown
getupgrade.video2updatingnow.stream,Unknown
getupgrade.video2updatingnow.download,Unknown
getupgrade.video2updatenow.download,Unknown
getupgrade.thecentersite2downloadcontentfree.icu,Unknown
getupgrade.thecentersite-downloadcontentnow.icu,Unknown
getupgrade.perfectstableosforcontents.icu,Unknown
getupgrade.perfectstableoscontents.icu,Unknown
getupgrade.perfectstableos2contents.icu,Unknown
getupgrade.perfectstableos2content.icu,Unknown
getupgrade.havinggreatamazingupdtallthetimethisyear.review,Unknown
getupgrade.havinggreatamazingupdtallthetimenow.date,Unknown
getupgrade.12updatenew894663.win,Unknown
getupgrade.12updatenew894663.top,Unknown
getupgrade.12updatenew894663.pw,Unknown
getupgrade.12updatenew894663.download,Unknown
getupgrade.12updatenew894663.club,Unknown
getupdate.yourgreatsitetofindlinkfree.icu,Unknown
getupdate.yourgreatsite2findlinknew.icu,Unknown
getupdate.yourgreatsite-findlinknow.icu,Unknown
getupdate.yourgreatsite-findlinknew.icu,Unknown
getupdate.yourgreatsite-findlinkfree.icu,Unknown
getupdate.yourgreatsite-findlink.icu,Unknown
getupdate.yourbroadstableupgrading.xyz,Unknown
getupdate.yourbroadstableupgrading.icu,Unknown
getupdate.yourbroadstableupgrades.xyz,Unknown
getupdate.yourbroadstableupgrades.icu,Unknown
getupdate.yourbroadstableupgrade.xyz,Unknown
getupdate.yourbroadstableupgrade.icu,Unknown
getupdate.yourbestsourceofcontentfree.xyz,Unknown
getupdate.yourbestsourceforcontentfree.xyz,Unknown
getupdate.yourbestsource4contentfree.xyz,Unknown
getupdate.yourbestsoftwarestuffgreat.stream,Unknown
getupdate.yourbestsoftwarestuffgreat.date,Unknown
getupdate.yourbestsoftwarestuff.win,Unknown
getupdate.yourbestsoftwarestuff.bid,Unknown
getupdate.yourbestfreeforupdatering.win,Unknown
getupdate.thebroadstableupgrading.xyz,Unknown
getupdate.thebroadstableupgrading.icu,Unknown
getupdate.thebroadstableupgrades.xyz,Unknown
getupdate.thebroadstableupgrades.icu,Unknown
getupdate.thebroadstableupgrade.xyz,Unknown
getupdate.thebroadstableupgrade.icu,Unknown
getupdate.thebigandsaferforupgrading.bid,Unknown
getupdate.thebigandsaferforupgrades.download,Unknown
getupdate.thebigandsaferforupgrade.stream,Unknown
getupdate.thebetterofferingplaces.host,Unknown
getupdate.thebetterofferingplace.host,Unknown
getupdate.thebestandfreeupdatingnow.icu,Unknown
getupdate.thebestandfreeupdates.icu,Unknown
getupdate.stablewebsitetoclicksnow.icu,Unknown
getupdate.stablewebsitetoclicksnew.icu,Unknown
getupdate.stablewebsitetoclicksfree.icu,Unknown
getupdate.stablewebsitetoclicks.icu,Unknown
getupdate.stablewebsite2clicksfree.icu,Unknown
getupdate.stablewebsite-clicks.icu,Unknown
getupdate.greatsitetofindcontent.icu,Unknown
getupdate.greatsite2findcontentfree.icu,Unknown
getupdate.greatsite-findcontentnow.icu,Unknown
getupdate.greatsite-findcontentnew.icu,Unknown
getupdate.greatsite-findcontent.icu,Unknown
getupdate.gettingallyouneedinonelink4u.bid,Unknown
getupdate.broadstableupgradingnew.xyz,Unknown
getupdate.broadstableupgradingnew.icu,Unknown
getupdate.broadstableupgrading.xyz,Unknown
getupdate.broadstableupgrading.icu,Unknown
getupdate.broadstableupgradesnew.xyz,Unknown
getupdate.broadstableupgradesnew.icu,Unknown
getupdate.broadstableupgrades.xyz,Unknown
getupdate.broadstableupgrades.icu,Unknown
getupdate.broadstableupgradenew.xyz,Unknown
getupdate.broadstableupgradenew.icu,Unknown
getupdate.broadstableupgrade.xyz,Unknown
getupdate.broadstableupgrade.icu,Unknown
getupdate.betteroffersplaces.icu,Unknown
getupdate.betteroffersplaces.host,Unknown
getupdate.betteroffersplace.icu,Unknown
getupdate.betteroffersplace.host,Unknown
getupdate.betterofferingplaces.host,Unknown
getupdate.bestsourceofcontent.xyz,Unknown
getupdate.12updatenew894663.top,Unknown
getupdate.12updatenew894663.pw,Unknown
getupdate.12updatenew894663.download,Unknown
getsupport.apple.com-apple.it-supporto.apple.intamie.com,Unknown
getstartedafrica.cloud.thebignow.it,Unknown
getstarted.ciie.co,Unknown
getsoftnow.yourbestsoftwarestuffgreat.stream,Unknown
getsoftnow.yourbestsoftwarestuff.win,Unknown
getsoftnow.yourbestsoftwarestuff.stream,Unknown
getsoftnow.yourbestsoftwarestuff.bid,Unknown
getsoftnow.video2updatingnow.bid,Unknown
getsoftnow.video2updatesnow.download,Unknown
getsoftnow.video2updatesnow.bid,Unknown
getsoftnow.video2updatenow.win,Unknown
getsoftnow.thewidevariety4contenting.date,Unknown
getsoftnow.thesitetorunvideobetter.icu,Unknown
getsoftnow.thesitetoplayworkingflash.xyz,Unknown
getsoftnow.thesitetoplayworkingflash.icu,Unknown
getsoftnow.thesiteforrunvideobetter.icu,Unknown
getsoftnow.thesiteforplayworkingflash.xyz,Unknown
getsoftnow.thesiteforplayworkingflash.icu,Unknown
getsoftnow.thesite4playworkingflash.xyz,Unknown
getsoftnow.thesite2runvideobetter.icu,Unknown
getsoftnow.thesite2playworkingflash.xyz,Unknown
getsoftnow.thesite2playworkingflash.icu,Unknown
getsoftnow.thebestcenteronnetcontent.review,Unknown
getsoftnow.sitetoplayworkingflash.xyz,Unknown
getsoftnow.sitetoplayworkingflash.icu,Unknown
getsoftnow.sitetoplayingworkingflash.xyz,Unknown
getsoftnow.sitetoplayingworkingflash.icu,Unknown
getsoftnow.siteforplayworkingflash.xyz,Unknown
getsoftnow.siteforplayworkingflash.icu,Unknown
getsoftnow.siteforplayingworkingflash.xyz,Unknown
getsoftnow.siteforplayingworkingflash.icu,Unknown
getsoftnow.site4playworkingflash.xyz,Unknown
getsoftnow.site4playworkingflash.icu,Unknown
getsoftnow.site4playingworkingflash.xyz,Unknown
getsoftnow.site4playingworkingflash.icu,Unknown
getsoftnow.site2playworkingflash.xyz,Unknown
getsoftnow.site2playworkingflash.icu,Unknown
getsoftnow.site2playingworkingflash.xyz,Unknown
getsoftnow.site2playingworkingflash.icu,Unknown
getsoftnow.goodtheperfectstableoslinks.icu,Unknown
getsoftnow.goodperfectstableoslink.icu,Unknown
getsoftnow.goodperfectstableos4link.icu,Unknown
getsearchles.media-toolbar.com,Unknown
getoilde.media-toolbar.com,Unknown
getnewsoft.thesitetoplayworkingflash.xyz,Unknown
getnewsoft.thesitetoplayworkingflash.icu,Unknown
getnewsoft.thesiteforplayworkingflash.icu,Unknown
getnewsoft.thesite4playworkingflash.xyz,Unknown
getnewsoft.thesite4playworkingflash.icu,Unknown
getnewsoft.stable2updates.review,Unknown
getnewsoft.sitetoplayworkingflash.icu,Unknown
getnewsoft.sitetoplayingworkingflash.xyz,Unknown
getnewsoft.sitetoplayingworkingflash.icu,Unknown
getnewsoft.siteforplayworkingflash.xyz,Unknown
getnewsoft.siteforplayworkingflash.icu,Unknown
getnewsoft.siteforplayingworkingflash.xyz,Unknown
getnewsoft.siteforplayingworkingflash.icu,Unknown
getnewsoft.site4playworkingflash.xyz,Unknown
getnewsoft.site4playworkingflash.icu,Unknown
getnewsoft.site4playingworkingflash.xyz,Unknown
getnewsoft.site4playingworkingflash.icu,Unknown
getnewsoft.site2playworkingflash.xyz,Unknown
getnewsoft.site2playingworkingflash.icu,Unknown
getnewsoft.macbestplayers.bid,Unknown
getnewsoft.macbestplayer.download,Unknown
getnewsoft.macbest-players.stream,Unknown
getnewsoft.macbest-players.download,Unknown
getnewsoft.macbest-players.date,Unknown
getnewsoft.apptraffic2updates.win,Unknown
getnewsoft.alltimecontentservicefree.trade,Unknown
getnewsoft.alltimecontentservicefree.stream,Unknown
getnewsoft.alltimecontent-service.bid,Unknown
gethost.lnkredirect.com,Unknown
getgaaldr.mi-website.es,Unknown
getfiles.chelae.com,Unknown
getfamilycom.myfamilytoolbar.com,Unknown
getdatas.olferleonardo.com,Unknown
getdatas.lovlicr.com,Unknown
getapp.paradiskus.com,Unknown
getapp.arbigov.com,Unknown
get24update.yourreliableforgreatcontentsnow.icu,Unknown
get24update.havingbestcenter2sitestreamingnow.trade,Unknown
get24update.freesystemcontent.bid,Unknown
get24update.freesystem-contents.stream,Unknown
get24update.freeofchargecontent.trade,Unknown
get1.file8desktop.com,Unknown
get1.file2desktop.com,Unknown
get.zoomdownloader.com,Unknown
get.updateversionswf.xyz,Unknown
get.up1004.info,Unknown
get.thefile.me,Unknown
get.terraarcade.com,Unknown
get.support5.online,Unknown
get.spysheriff.com,Unknown
get.spy-sheriff.com,Unknown
get.slotocash.com,Unknown
get.setheo.com,Unknown
get.searchsafe.co,Unknown
get.rubyroyal.com,Unknown
get.retrocarsearch.xyz,Unknown
get.ppdownload.com,Unknown
get.pettrap.com,Unknown
get.outbrowse.com,Unknown
get.oldschoolgames.org,Unknown
get.iestharvest.club,Unknown
get.gunnightmar.club,Unknown
get.giraffe.com.cn,Unknown
get.gamestab.org,Unknown
get.file8desktop.com,Unknown
get.file3desktop.com,Unknown
get.file2desktop.com,Unknown
get.file24desktop.com,Unknown
get.file21desktop.com,Unknown
get.file20desktop.com,Unknown
get.file170desktop.info,Unknown
get.file16desktop.com,Unknown
get.file169desktop.info,Unknown
get.file154desktop.info,Unknown
get.file14desktop.com,Unknown
get.file145desktop.info,Unknown
get.file141desktop.info,Unknown
get.file139desktop.info,Unknown
get.file133desktop.info,Unknown
get.file113desktop.info,Unknown
get.ercationiv.club,Unknown
get.erattempth.club,Unknown
get.enomenalco.club,Unknown
get.ecosmartfilter.com,Unknown
get.downloaddesktop3.info,Unknown
get.download4desktop.com,Unknown
get.download2desktop.com,Unknown
get.down2desk.com,Unknown
get.down2208tech.info,Unknown
get.down2208life.info,Unknown
get.down1702tech.info,Unknown
get.doetit.com,Unknown
get.default-page.com,Unknown
get.deardiary.my,Unknown
get.arcadetab.com,Unknown
get.app2desktop.com,Unknown
get.addonreviews.com,Unknown
gesundheit.alles-im-inter.net,Unknown
gesumariagiuseppe.arcidiocesi.palermo.it,Unknown
gestione.easyreplica.com,Unknown
geschuldetes-termingeschaefte.thesquare.us,Unknown
geschenkideen.mystoretoolbar.com,Unknown
germany.rub.to,Unknown
gerenfa.chungcheng.net,Unknown
gerandong.07x.net,Unknown
ger.networkingsquare.info,Unknown
ger.freecarpooling.com,Unknown
ger.clicebooks.org,Unknown
ger.bibliebooks.org,Unknown
gephesf.pontocritico.org,Unknown
geobanner.socialflirt.com,Unknown
geobanner.fuckbookhookups.com,Unknown
geobanner.blacksexmatch.com,Unknown
geo.frtyd.com,Unknown
geo.frtya.com,Unknown
geo.connexionsecure.com,Unknown
geo.camazon.com,Unknown
genius.healthnestuganda.org,Unknown
genisgoteverythingyouneedtoknow.myfamilytoolbar.com,Unknown
geni.anas.it,Unknown
genevieve.grafbb.com,Unknown
generator.carsdream.com,Unknown
geltex.digi-artstudio.com,Unknown
gelar.comprarrapido.com.br,Unknown
gel.federachi.cl,Unknown
gekp909e21.fzrmm38kgm.madpendesign.com.au,Unknown
gej.flashticketswf.xyz,Unknown
geil.alon3.tk,Unknown
gehol.aielber.com,Unknown
gef.cometonetwork.info,Unknown
geertsite.mycitytoolbar.com,Unknown
geertruidenberg.artventus.nl,Unknown
geely.emgrand-shop.com,Unknown
geekstogo.media-toolbar.com,Unknown
geeeek.myblogtoolbar.com,Unknown
gecynsjy.leiquan.me,Unknown
ge-ge.snprobbx.pbz.r.de.a2ip.ru,Unknown
gdsfes.bondflowe.co.za,Unknown
gdn.segera.live,Unknown
gdhalk.aielber.com,Unknown
gdgnt5ibwy.centde.com,Unknown
gde.coconut-kids.com,Unknown
gdata2hu.scan.mobile-security.co,Unknown
gdata-antivirus.ojolink.fr,Unknown
gcirm.gannettnetwork.com,Unknown
gcandcbuilderssite.aaomg.com,Unknown
gbusa.saqibsiddiqui.com,Unknown
gbrzn1rjld.sdte10dmm8s4l.icu,Unknown
gbjfc.rsvpgenius.com,Unknown
gb.rio-mz.de,Unknown
gb-cdn.win-offer.com,Unknown
gaytwinksex.just404.com,Unknown
gayteensex.just404.com,Unknown
gayteens.just404.com,Unknown
gayteenporn.just404.com,Unknown
gaystore.just404.com,Unknown
gaysports.just404.com,Unknown
gaysexmovies.just404.com,Unknown
gaysex.just404.com,Unknown
gaypornstars.just404.com,Unknown
gaypornclips.just404.com,Unknown
gayporn.just404.com,Unknown
gayorgy.just404.com,Unknown
gaynes-surfing.hustej.net,Unknown
gaymodels.just404.com,Unknown
gaymenporn.just404.com,Unknown
gaymenmasturbating.just404.com,Unknown
gaymen.just404.com,Unknown
gayhugecock.just404.com,Unknown
gayhentai.just404.com,Unknown
gayfreeporn.just404.com,Unknown
gayfootballorgies.just404.com,Unknown
gayfetish.just404.com,Unknown
gaycum.just404.com,Unknown
gaycocksucking.just404.com,Unknown
gaycocksuckers.just404.com,Unknown
gaycock.just404.com,Unknown
gaychatrooms.just404.com,Unknown
gaycartoonporn.just404.com,Unknown
gayboys.just404.com,Unknown
gayboy.just404.com,Unknown
gayblowjobs.just404.com,Unknown
gayblackcock.just404.com,Unknown
gayanime.just404.com,Unknown
gayanalsex.just404.com,Unknown
gayanal.just404.com,Unknown
gay.rated100.com,Unknown
gay.just404.com,Unknown
gauravsuniversity.mycollegetoolbar.com,Unknown
gauravradio.myradiotoolbar.com,Unknown
gauravmoney.myblogtoolbar.com,Unknown
gaupload.cocsis.com,Unknown
gaufireutility.mycitytoolbar.com,Unknown
gatohost.mytowntoolbar.com,Unknown
gather.corp.workgroup-appconnect.com,Unknown
gateway.proxyportal.eu,Unknown
gateway.premiumsepet.com,Unknown
gateway-banner.eravage.com,Unknown
gatekeeper.rdi-electronics.com,Unknown
gate.timstackleshop.es,Unknown
gate.damcash.com,Unknown
gatastesudas2.sexpornhost.com,Unknown
gastroplasty731.apanorama.ws,Unknown
gashot.yurivideos.com,Unknown
garybrookerdumyat.ubertavern.com,Unknown
gardening.myfamilytoolbar.com,Unknown
garagefreeks.myradiotoolbar.com,Unknown
gao.codomolab.com,Unknown
gangbangs.livelog.com,Unknown
gangbangs-parisiens.boutique-sexy-deluxe.com,Unknown
gandalf.nigerian.net,Unknown
ganador.espana.nothing-impossible.com,Unknown
gana.myfamilytoolbar.com,Unknown
gamma.netmechanic2.com,Unknown
gamify.kreactive.eu,Unknown
gamezer.webobo.com,Unknown
gamezeal.media-toolbar.com,Unknown
gamez.it-download.com,Unknown
gamevui.vogame.net,Unknown
gamespotdeluxe.myforumtoolbar.com,Unknown
gameslayer.media-toolbar.com,Unknown
games4theworld.bestgoo.com,Unknown
games2.allcheatsfree.bid,Unknown
games.theappsuniverse.com,Unknown
games.theappjunkies.com,Unknown
games.superappbox.com,Unknown
games.sport4fun.com,Unknown
games.powerfulappz.com,Unknown
games.playzonenow.com,Unknown
games.playmediacenter.com,Unknown
games.njoyapps.com,Unknown
games.mytopappz.com,Unknown
games.myhitapps2.online,Unknown
games.myfriendlyappz.com,Unknown
games.myfastappz.com,Unknown
games.myappzcenter.com,Unknown
games.muslimvideo.com,Unknown
games.medianetnow.com,Unknown
games.iezbrowsing.com,Unknown
games.getyesappz2.com,Unknown
games.getyesappz1.com,Unknown
games.getseekappz1.com,Unknown
games.getmyapp2.com,Unknown
games.getmyapp1.com,Unknown
games.getmedianetnow.com,Unknown
games.getmedia.zone,Unknown
games.getcloudosapps1.com,Unknown
games.getawesome3.com,Unknown
games.getappstrend2.net,Unknown
games.getapps4.com,Unknown
games.getapps3.com,Unknown
games.getapps2.com,Unknown
games.getapps1.com,Unknown
games.friendlyappz.com,Unknown
games.ezbrowsing.com,Unknown
games.eanswers.com,Unknown
games.bettersearchtools.com,Unknown
gamersworldbangladesh.myforumtoolbar.com,Unknown
gamercore.kingofnet.us,Unknown
gameprison.amigo.hu,Unknown
gameplacez.media-toolbar.com,Unknown
gamefox.winsoftware-forum.de,Unknown
gameads.digyourowngrave.com,Unknown
game92.52zsoft.com,Unknown
game43.52zsoft.com,Unknown
game41.91tzy.com,Unknown
game111.52zsoft.com,Unknown
game104.52zsoft.com,Unknown
game103.52zsoft.com,Unknown
game100.52zsoft.com,Unknown
game.marketinglw.com,Unknown
game.golimobile.com,Unknown
game.creativmine.com,Unknown
game.baihanxiao.com,Unknown
game.atom-x.ml,Unknown
game.51787.com,Unknown
gambit.nysa.com.pl,Unknown
gambar.izyan.com,Unknown
gamared.myforumtoolbar.com,Unknown
galos.ekoyazilim.com,Unknown
gallery.soda-club.info,Unknown
gallery.katyoung.com,Unknown
galleries.ucgalleries.com,Unknown
galleries.trixieteen.com,Unknown
galleries.thematurehardcore.com,Unknown
galleries.teen.xxxkey.com,Unknown
galleries.securesoft.info,Unknown
galleries.negrasporno.com,Unknown
galleries.juicybucks.com,Unknown
galeria.ucgalleries.com,Unknown
galaxy.hellospy.com,Unknown
gaimi.shuoguo87.com,Unknown
gahaf.go360.com.my,Unknown
gafgfagf.co.vu,Unknown
gaf-company.clean.to,Unknown
gaest.homerunsigns.com,Unknown
gadgetbar.myteamtoolbar.com,Unknown
gadget.newbie.red,Unknown
gadanie.vgolovanov.ru,Unknown
gabwoo.ct0.net,Unknown
gabrielmichaelcom.myblogtoolbar.com,Unknown
gabfriend.vapr.cc,Unknown
gaallqr.mi-website.es,Unknown
g9voihkevb.bradul.creatory.org,Unknown
g6xqagp7fh.centde.com,Unknown
g6ek4il8lq.centde.com,Unknown
g4va.kdcad.com,Unknown
g4p.2web4you.com,Unknown
g4dhhg53jsdjnnkjwjrfyiouh3o4u4th.vinerteen.com,Unknown
g48ky2.tvcjp.gq,Unknown
g31tjuliem.centde.com,Unknown
g2pivmz5jm.w0sjkfrwzz.chproperties.com,Unknown
g216.pccuredownload.com,Unknown
g2.palmbeachdailynews.cimedia.com,Unknown
g2.ex100p.at,Unknown
g1qv3lmzi5jtp2szkqem.viomil.ro,Unknown
g1o8ocom.media-toolbar.com,Unknown
g00gledrivedevelopment-edouardmalingue-com.aceleradoradeempresas.com,Unknown
g0.egmon.pl,Unknown
g.zeroredirect.com,Unknown
g.viameterlqexzgka.site,Unknown
g.topguang.com,Unknown
g.top-protected.com,Unknown
g.thinktarget.com,Unknown
g.takemyoldfood.com,Unknown
g.promosrv.com,Unknown
g.misterbush.ru,Unknown
g.makswells.com,Unknown
g.embokhay.ru,Unknown
g.driftinhishouse.com,Unknown
fyzqqablis.centde.com,Unknown
fy.laobp.com,Unknown
fy.b.jsmw877.com,Unknown
fy.a.dmtc999.com,Unknown
fy.3dfy.top,Unknown
fxrj3.tonmg.com,Unknown
fxrj2.tonmg.com,Unknown
fxgwqliq.crestonhall.com,Unknown
fxclubs.myblogtoolbar.com,Unknown
fwu8oxykx3.centde.com,Unknown
fwsfwgwecb06ou8v.cs-engineering.top,Unknown
fwqn.saqibsiddiqui.com,Unknown
fwlth.saqibsiddiqui.com,Unknown
fwckiacjta.bradul.creatory.org,Unknown
fw4a.lbarch.co.za,Unknown
fw3a.lbarch.co.za,Unknown
fw2a.lbarch.co.za,Unknown
fw2a.chemspunge.co.za,Unknown
fw1a.lbarch.co.za,Unknown
fw1a.chemspunge.co.za,Unknown
fw.abhr.cn,Unknown
fvwfedc.igg.biz,Unknown
fvtmaqzbsk.ivydancefloors.com,Unknown
fvcheat.zismo.ru,Unknown
fuwu.qianyujs.com,Unknown
fuwu.leexa.com,Unknown
futureupdates.yourthegreatreliablewayscontents.icu,Unknown
futureupdates.yourthegreatreliablewayscontent.icu,Unknown
futureupdates.yourgreatreliablewaystocontents.icu,Unknown
futureupdates.yourgreatreliablewaysforcontents.icu,Unknown
futureupdates.yourgreatreliablewayscontent.icu,Unknown
futureupdates.yourfreeandgreatappsites.icu,Unknown
futureupdates.thefreetogetcontentnow.icu,Unknown
futureupdates.thebroadsystemstoupdating.icu,Unknown
futureupdates.thebroadsystemstoupdates.icu,Unknown
futureupdates.thebroadsystemstoupdate.icu,Unknown
futureupdates.thebroadsystems2updating.icu,Unknown
futureupdates.thebroadsystems2updates.xyz,Unknown
futureupdates.thebroadsystems2updates.icu,Unknown
futureupdates.thebroadsystems2update.xyz,Unknown
futureupdates.thebroadsystems2update.icu,Unknown
futureupdates.stablewebsitetoclicksnow.icu,Unknown
futureupdates.stablewebsitetoclicksfree.icu,Unknown
futureupdates.stablewebsite2clicksnow.icu,Unknown
futureupdates.stablewebsite-clicksnow.icu,Unknown
futureupdates.stablewebsite-clicksfree.icu,Unknown
futureupdates.stablewebsite-clicks.icu,Unknown
futureupdates.goodwaysystemtocontent.icu,Unknown
futureupdates.goodwaysystemforcontent.icu,Unknown
futureupdates.goodwaysystem2contents.icu,Unknown
futureupdates.freeandgreatappsite.icu,Unknown
futureupdates.broadsystemstoupdating.xyz,Unknown
futureupdates.broadsystemstoupdates.xyz,Unknown
futureupdates.broadsystemstoupdate.xyz,Unknown
futureupdates.broadsystemstoupdate.icu,Unknown
futureupdates.broadsystems2updating.xyz,Unknown
futureupdates.broadsystems2update.xyz,Unknown
futureupdates.broadsystems2update.icu,Unknown
futureupdates.bestandmainlystable4contentinglast.icu,Unknown
futureexpress.net.bd,Unknown
futcom.glumi.net,Unknown
fushehu.edudisk.cn,Unknown
fuse.magnetry.com,Unknown
fuse.loosepattern.com,Unknown
furious.devilslife.com,Unknown
fuq.coldfootage.com,Unknown
funnydogsonfabprints.mystoretoolbar.com,Unknown
funnyajay.mytowntoolbar.com,Unknown
funkucck.bluerobot.cl,Unknown
funapp.uniquecorps.com,Unknown
fun.wallofmobi.com,Unknown
fun.losscook.bid,Unknown
fun.iappgame.com,Unknown
fumitam.creatify.mx,Unknown
fuminyan.myblogtoolbar.com,Unknown
fum.ofscdn.com,Unknown
fullweb.installers.platwo.com,Unknown
fufulindas.mystoretoolbar.com,Unknown
fuerstenwalde.mycitytoolbar.com,Unknown
fuentes.gratis.es,Unknown
fuelsolutions.co.zw,Unknown
fuckingglasses.pornclipsportal.com,Unknown
fuck.fuckalmm.site,Unknown
fuchsia.zooka.io,Unknown
fu7ixepxtz.centde.com,Unknown
fu.golikeus.net,Unknown
ftxwm.saqibsiddiqui.com,Unknown
ftrdxbv.igg.biz,Unknown
ftps.layermag.com,Unknown
ftp.winter.tokyo,Unknown
ftp.utopiad.com,Unknown
ftp.urjafabircs.com,Unknown
ftp.totallyanonymous.com,Unknown
ftp.tex-host.ru,Unknown
ftp.ssrsec.com,Unknown
ftp.spbv.org,Unknown
ftp.shuigongye.com,Unknown
ftp.shineads.net,Unknown
ftp.salesoffice1.com,Unknown
ftp.rissnet.com,Unknown
ftp.rexan.pl,Unknown
ftp.revestsul.com.br,Unknown
ftp.r2v2.co.uk,Unknown
ftp.qb9.net,Unknown
ftp.priscillaborges.com.br,Unknown
ftp.porn-mix.com,Unknown
ftp.parakaro.co.jp,Unknown
ftp.owwwv.com,Unknown
ftp.oo000oo.me,Unknown
ftp.newyorkcitybeautysupply.com,Unknown
ftp.newdawnstudio.ru,Unknown
ftp.newbie.red,Unknown
ftp.nacorp.com,Unknown
ftp.motelxodo.com.br,Unknown
ftp.mjtex-kr.com,Unknown
ftp.mayasi.co.uk,Unknown
ftp.laotucha.com,Unknown
ftp.kliwent.com.pl,Unknown
ftp.jasonkaufman.info,Unknown
ftp.jaincom.com,Unknown
ftp.ipv6.red,Unknown
ftp.impreac.com,Unknown
ftp.id8nation.com,Unknown
ftp.homes2see.com,Unknown
ftp.google-feed.net,Unknown
ftp.filadent.hu,Unknown
ftp.ecog.com,Unknown
ftp.doshome.com,Unknown
ftp.doctorhahn.com,Unknown
ftp.devil.tokyo,Unknown
ftp.collabvm.tk,Unknown
ftp.chadaodian.com,Unknown
ftp.carpetcleanersproviders.com,Unknown
ftp.bircom.com,Unknown
ftp.bcisystems.com,Unknown
ftp.awoofrubs.com,Unknown
ftp.appaffect.com,Unknown
ftp.ambientecucina.it,Unknown
ftp.adspace.pl,Unknown
ftp.51pc114.cn,Unknown
ftoxmpdipwobp4qy.lxvmhm.top,Unknown
ftoxmpdipwobp4qy.7pnxn9.top,Unknown
ftoxmpdipwobp4qy.1nsnuh.top,Unknown
ftoxmpdipwobp4qy.1gtx3p.top,Unknown
ftoxmpdipwobp4qy.199ovv.top,Unknown
ftoxmpdipwobp4qy.17vj7b.top,Unknown
ftoxmpdipwobp4qy.10nzk9.top,Unknown
fte.triptohell.info,Unknown
ft.wjmydhs.com,Unknown
ft.pnop.com,Unknown
fstmemberbar.myforumtoolbar.com,Unknown
fsst.worldlinkup.org,Unknown
fserver.gclub888.com,Unknown
fs.thatwasgreatthanks.gq,Unknown
fry.videoplugger.com,Unknown
frv.vand.pl,Unknown
fruity-loops-crack-serial.ddlzone.com,Unknown
fruit.contact94.com,Unknown
front.business-mastery.ca,Unknown
fromhelps54.recisteer43.tk,Unknown
from-register23.d3v-fanpag3.cf,Unknown
frnachgqsdjkqsghfheaqs.patrickladrddfz.brianboruhotel.com.au,Unknown
frineverify.igg.biz,Unknown
friends.yuki-mura.net,Unknown
friends.bitcoinlingo.com,Unknown
fri2j8klh5.centde.com,Unknown
freyaexpressive-chaturbate.sexesporn.com,Unknown
fresno-factoring-companies.truckfactor.org,Unknown
fresno-factoring-companies.transportationfactoringcompany.org,Unknown
freshwork.email-accountsettings.online,Unknown
freshupdate.yourbroadstablecontentsbest.xyz,Unknown
freshupdate.yourbroadstablecontentsbest.icu,Unknown
freshupdate.yourbroadstablecontentingbest.xyz,Unknown
freshupdate.yourbroadstablecontentingbest.icu,Unknown
freshupdate.yourbroadstablecontentbest.xyz,Unknown
freshupdate.yourbroadstablecontentbest.icu,Unknown
freshupdate.thereadysystemsforsites.xyz,Unknown
freshupdate.thereadysystemsforsites.icu,Unknown
freshupdate.thereadysystemsforsiteing.icu,Unknown
freshupdate.thereadysystemsforsite.icu,Unknown
freshupdate.thereadysystems4sites.icu,Unknown
freshupdate.thereadysystems4siteing.icu,Unknown
freshupdate.thereadysystems4site.icu,Unknown
freshupdate.thefreshvideotoupgrading.win,Unknown
freshupdate.thefreshvideotoupgrading.trade,Unknown
freshupdate.thebroadstablecontentsbest.xyz,Unknown
freshupdate.thebroadstablecontentsbest.icu,Unknown
freshupdate.thebroadstablecontentingbest.xyz,Unknown
freshupdate.thebroadstablecontentingbest.icu,Unknown
freshupdate.thebroadstablecontentbest.xyz,Unknown
freshupdate.thebroadstablecontentbest.icu,Unknown
freshupdate.stable4upgrading.review,Unknown
freshupdate.stable4upgrades.win,Unknown
freshupdate.safesystemupgrade.org,Unknown
freshupdate.readysystemsforsites.icu,Unknown
freshupdate.readysystemsforsiteing.icu,Unknown
freshupdate.readysystemsforsite.icu,Unknown
freshupdate.readysystems4sites.icu,Unknown
freshupdate.readysystems4siteing.icu,Unknown
freshupdate.readysystems4site.icu,Unknown
freshupdate.broadstablecontentsnewbest.xyz,Unknown
freshupdate.broadstablecontentsnewbest.icu,Unknown
freshupdate.broadstablecontentsbest.xyz,Unknown
freshupdate.broadstablecontentsbest.icu,Unknown
freshupdate.broadstablecontentnewbest.xyz,Unknown
freshupdate.broadstablecontentnewbest.icu,Unknown
freshupdate.broadstablecontentingnewbest.xyz,Unknown
freshupdate.broadstablecontentingnewbest.icu,Unknown
freshupdate.broadstablecontentingbest.icu,Unknown
freshupdate.broadstablecontentbest.xyz,Unknown
freshupdate.broadstablecontentbest.icu,Unknown
freshupdate.awesomemaandlystable4updateandgnew.icu,Unknown
freshers.luminescent.digital,Unknown
fresh.artnew.ws,Unknown
french.ircfast.com,Unknown
freight-factoringcompanies.truckfactor.org,Unknown
fregatid.jgconsulting.info,Unknown
fregat.drocherway.com,Unknown
freeworldradio.myradiotoolbar.com,Unknown
freewl.xinhua800.cn,Unknown
freeware.softwareclub.ws,Unknown
freeware.erufa.com,Unknown
freevid.freeprohost.com,Unknown
freetunnel.mystarship.com,Unknown
freetoair.myblogtoolbar.com,Unknown
freetext.skywapers.tk,Unknown
freeriotpoints2013.edu.tf,Unknown
freeproxy.serverocean.com,Unknown
freephotos.ucgalleries.com,Unknown
freepass.elitecities.com,Unknown
freempr9v.foratirewoid.com,Unknown
freempr9v.flosadireflis.com,Unknown
freempr9v.flodawereity.com,Unknown
freempr9v.fjotraredimwa.com,Unknown
freempr9v.fiworatereuy.com,Unknown
freempr9.watbjredb.com,Unknown
freempr9.foyugiredimlo.com,Unknown
freempr9.foutrirewio.com,Unknown
freempr9.fotirretrimo.com,Unknown
freempr9.foratirewoid.com,Unknown
freempr9.foramuinareqy.com,Unknown
freempr9.fkiloredibo.com,Unknown
freempr9.firedlopbura.com,Unknown
freempr9.figloreglasxu.com,Unknown
freempr9.ficgluretidas.com,Unknown
freempr9.fhoaicoraresk.com,Unknown
freempr9.fdatiroremyxo.com,Unknown
freempr9.fackidremioso.com,Unknown
freempr8.foyugiredimlo.com,Unknown
freempr8.foratirewoid.com,Unknown
freempr8.foaweredimas.com,Unknown
freempr8.fiworatereuy.com,Unknown
freempr14.fopjutrirelad.com,Unknown
freempr14.figloreglasxu.com,Unknown
freempr13.foyugiredimlo.com,Unknown
freempr13.foutrirewio.com,Unknown
freempr13.fotirretrimo.com,Unknown
freempr13.foratirewoid.com,Unknown
freempr13.fopjutrirelad.com,Unknown
freempr13.foaweredimas.com,Unknown
freempr13.flosadireflis.com,Unknown
freempr13.flodawereity.com,Unknown
freempr13.fkiloredibo.com,Unknown
freempr13.fjotraredimwa.com,Unknown
freempr13.fiworatereuy.com,Unknown
freempr13.firedlopbura.com,Unknown
freempr13.figloreglasxu.com,Unknown
freempr13.ficgluretidas.com,Unknown
freempr13.feziuqotarea.com,Unknown
freempr13.fdatiroremyxo.com,Unknown
freempr13.fboraredioes.com,Unknown
freempr13.fawedixarfores.com,Unknown
freempr13.fargloretuid.com,Unknown
freempr13.fareditrewiry.com,Unknown
freempr13.fackidremioso.com,Unknown
freemoney.dirtyhosting.com,Unknown
freemodding.media-toolbar.com,Unknown
freemobile.tombola-produits.com,Unknown
freemobile.stevenmotors.com,Unknown
freemobile.fr-services-facturations.originthenovel.com,Unknown
freemaintenance.yourthegreatreliablewaycontents.icu,Unknown
freemaintenance.yourgreatreliableway2contents.icu,Unknown
freemaintenance.yourgoodplaceforgetcontentsnew.icu,Unknown
freemaintenance.yourgoodplaceforgetcontentsforever.icu,Unknown
freemaintenance.yourgoodplaceforgetcontentnew.icu,Unknown
freemaintenance.yourgoodplaceforgetcontentforever.icu,Unknown
freemaintenance.yourgoodplace4getcontentsnew.icu,Unknown
freemaintenance.yourgoodplace4getcontentsforever.icu,Unknown
freemaintenance.thegoodplaceforgetcontentforever.icu,Unknown
freemaintenance.thegoodplace4getcontentsforever.icu,Unknown
freemaintenance.thebigandsaferupgrades.win,Unknown
freemaintenance.reliable4greatcontentsnew.icu,Unknown
freemaintenance.reliable4greatcontentscenter.icu,Unknown
freemaintenance.reliable4greatcontentingnow.icu,Unknown
freemaintenance.liveupdate4176982.top,Unknown
freemaintenance.greatsitetogetcontentnow.icu,Unknown
freemaintenance.greatsite2getcontentnow.icu,Unknown
freemaintenance.greatsite2getcontentfree.icu,Unknown
freemaintenance.greatsite-getcontentnew.icu,Unknown
freemaintenance.goodplaceforgetcontentsforever.icu,Unknown
freemaintenance.goodplaceforgetcontentforever.icu,Unknown
freemaintenance.goodplace4getcontentnew.icu,Unknown
freeload.pinoymms.tk,Unknown
freehost.crimeanet.com,Unknown
freegayporn.just404.com,Unknown
freegaymovies.just404.com,Unknown
freegamespotnettoolbar.media-toolbar.com,Unknown
freefurniture.minportfolio.se,Unknown
freefresh.dirtyhosting.com,Unknown
freeforcecommultitask.media-toolbar.com,Unknown
freefantasy.myblogtoolbar.com,Unknown
freecountry2.mystoretoolbar.com,Unknown
freecontent.awmhost.net,Unknown
freeco.27south.com,Unknown
freechecknow.yourbestever4updatesbuddy.stream,Unknown
freechecknow.yourbestever4updatebuddy.win,Unknown
freechecknow.yourbestever4updatebuddy.stream,Unknown
freechecknow.yourbestever4updatebuddy.bid,Unknown
freechecknow.thebestofupgrading.bid,Unknown
freecc.sex-explorer.com,Unknown
freeblogin.myblogtoolbar.com,Unknown
freebies.myfastfreebies.com,Unknown
freeaccess.ultrahentaipass.com,Unknown
freeaccess.teentuggers.com,Unknown
freeaccess.teenstakeitbig.com,Unknown
freeaccess.squirtmycum.com,Unknown
freeaccess.sistasinthehood.com,Unknown
freeaccess.revengecams.com,Unknown
freeaccess.realsexscandals.com,Unknown
freeaccess.primepornpass.com,Unknown
freeaccess.myasianmassage.com,Unknown
freeaccess.momsthatcheat.com,Unknown
freeaccess.mommylovesmonstercocks.com,Unknown
freeaccess.leakingliquids.com,Unknown
freeaccess.jizzonglasses.com,Unknown
freeaccess.iposefordaddy.com,Unknown
freeaccess.gagonmycock.com,Unknown
freeaccess.gagaholics.com,Unknown
freeaccess.exploitedindiangirls.com,Unknown
freeaccess.drippinggoo.com,Unknown
freeaccess.dpviolations.com,Unknown
freeaccess.danceonmydick.com,Unknown
freeaccess.daddysfriend.com,Unknown
freeaccess.cocklovingmoms.com,Unknown
freeaccess.blackbootybonanza.com,Unknown
freeaccess.bigblackpimp.com,Unknown
freeaccess.asslickingclub.com,Unknown
freeaccess.assifications.com,Unknown
freeaccess.allnetworkpass.com,Unknown
freeaccess.allelitepass.com,Unknown
freeaccess.15on1.com,Unknown
free4allup.yourreliableforgreatcontentsnow.icu,Unknown
free4allup.yourreliableforgreatcontentnew.icu,Unknown
free4allup.yourreliableforgreatcontent.icu,Unknown
free4allup.yourbestplaceforfindcontents.icu,Unknown
free4allup.yourbestplace4findcontents.icu,Unknown
free4allup.updatefunhousenow.icu,Unknown
free4allup.updatefunhousefree.icu,Unknown
free4allup.updatefun-housefree.icu,Unknown
free4allup.updatefun-housefree.club,Unknown
free4allup.updatefun-house.icu,Unknown
free4allup.thesitetostreamsafevideo.xyz,Unknown
free4allup.thesitetostreamsafevideo.icu,Unknown
free4allup.thesiteforstreamsafevideo.icu,Unknown
free4allup.thesite4streamsafevideo.xyz,Unknown
free4allup.thesite4streamsafevideo.icu,Unknown
free4allup.thesite2streamsafevideo.xyz,Unknown
free4allup.thebestevercentralsys2updates.review,Unknown
free4allup.thebestevercentralsys2update.download,Unknown
free4allup.thebestevercentralsys2update.date,Unknown
free4allup.sitetostreamsafevideo.xyz,Unknown
free4allup.sitetostreamsafevideo.icu,Unknown
free4allup.sitetostreamingsafevideo.xyz,Unknown
free4allup.sitetostreamingsafevideo.icu,Unknown
free4allup.siteforstreamingsafevideo.xyz,Unknown
free4allup.site4streamsafevideo.xyz,Unknown
free4allup.site4streamingsafevideo.xyz,Unknown
free4allup.site4streamingsafevideo.icu,Unknown
free4allup.site2streamsafevideo.xyz,Unknown
free4allup.site2streamsafevideo.icu,Unknown
free4allup.site2streamingsafevideo.icu,Unknown
free4allup.perfectupdatesforall.host,Unknown
free4allup.perfectupdates4everyone.xyz,Unknown
free4allup.perfectupdate4everyone.host,Unknown
free4allup.goodcenterfordownloads.icu,Unknown
free4allup.bestplace4findcontents.icu,Unknown
free4allup.bestplace4findcontent.icu,Unknown
free2update.yourbestandfreeupgrade.icu,Unknown
free2update.videoappsetupgrade.bid,Unknown
free2update.thesearchallbest2updating.win,Unknown
free2update.thesearchallbest2updating.trade,Unknown
free2update.thesearchallbest2updating.date,Unknown
free2update.thebestandfreeupgradingnow.icu,Unknown
free2update.thebestandfreeupgradesnow.icu,Unknown
free2update.thebestandfreeupgrades.icu,Unknown
free2update.thebestandfreeupgradenow.icu,Unknown
free2update.stablesitetoclickupgradenow.icu,Unknown
free2update.stablesitetoclickupgradenew.club,Unknown
free2update.stablesite2clickupgradenew.icu,Unknown
free2update.stablesite2clickupgradenew.club,Unknown
free2update.stablesite2clickupgradefree.icu,Unknown
free2update.stablesite-clickupgradenow.icu,Unknown
free2update.stablesite-clickupgradenow.club,Unknown
free2update.stablesite-clickupgradefree.icu,Unknown
free2update.stablesite-clickupgrade.icu,Unknown
free2update.bettersourceofcontentreliable.icu,Unknown
free2update.bestsourceforcontentreliable.xyz,Unknown
free2update.bestsourceforcontentreliable.icu,Unknown
free2surf.000webhost.info,Unknown
free14.pro-publicite.pl,Unknown
free.yourlocallotto.com,Unknown
free.xxx-tour.com,Unknown
free.videoprofessor.com,Unknown
free.version.trustedantivirus.com,Unknown
free.verifiedvpn.com,Unknown
free.unzipapp.com,Unknown
free.typingfanatic.com,Unknown
free.totaldatingguide.com,Unknown
free.totalcomicbooks.com,Unknown
free.ticketxplorer.com,Unknown
free.thesocialsexnetwork.com,Unknown
free.testonlinespeed.com,Unknown
free.testforspeed.com,Unknown
free.sweepstakesalley.com,Unknown
free.supercouponpro.com,Unknown
free.suddenlymusic.com,Unknown
free.spoiledvirgins.com,Unknown
free.sounddabble.com,Unknown
free.smsfrombrowser.com,Unknown
free.smarterpassword.com,Unknown
free.simplepictureedit.com,Unknown
free.simplepackagefinder.com,Unknown
free.shoppingdealslive.com,Unknown
free.searchformsonline.com,Unknown
free.searchdimension.com,Unknown
free.scenichomepage.com,Unknown
free.runningfanatic.com,Unknown
free.robotboom.com,Unknown
free.ringtonefanatic.com,Unknown
free.recipehub.com,Unknown
free.readingfanatic.com,Unknown
free.quotehomepage.com,Unknown
free.productrecallalert.com,Unknown
free.presidentialbuzz.com,Unknown
free.premierdownloadmanager.com,Unknown
free.packagetracking.net,Unknown
free.ontargetyoga.com,Unknown
free.onlineroutefinder.com,Unknown
free.onlineformfinder.com,Unknown
free.notehomepage.com,Unknown
free.myweddingadviser.com,Unknown
free.mytransitmapper.com,Unknown
free.mymapswizard.com,Unknown
free.myimageconverter.com,Unknown
free.myeasylotto.com,Unknown
free.mybabyboomerhub.com,Unknown
free.mobile.infoconsulte.info,Unknown
free.minddabble.com,Unknown
free.mapmywayfree.com,Unknown
free.lotterystream.com,Unknown
free.localcrimewatcher.com,Unknown
free.jokefanatic.com,Unknown
free.instantradioplay.com,Unknown
free.inspiringbackgrounds.com,Unknown
free.inkrevealed.com,Unknown
free.howtosimplified.com,Unknown
free.holidayphotoedit.com,Unknown
free.historyboss.com,Unknown
free.heroicplay.com,Unknown
free.hartlegal.com,Unknown
free.happinessinfusion.com,Unknown
free.gounzip.com,Unknown
free.gifapalooza.com,Unknown
free.getspacebackgrounds.com,Unknown
free.getlyricsonline.com,Unknown
free.getfreegifs.com,Unknown
free.getformsonline.com,Unknown
free.gardeningenthusiast.com,Unknown
free.gamingassassin.com,Unknown
free.gametrekkers.com,Unknown
free.funpopulargames.com,Unknown
free.funnyjokesnow.com,Unknown
free.fundiyideas.com,Unknown
free.freeshoppingtool.com,Unknown
free.freeradiocast.com,Unknown
free.freepdfcombiner.com,Unknown
free.freemanualsindex.com,Unknown
free.freearticleskimmer.com,Unknown
free.formfinderfree.com,Unknown
free.formfetcherpro.com,Unknown
free.forbusymoms.com,Unknown
free.flirtywallpapers.com,Unknown
free.firedoor.biz,Unknown
free.findyourmaps.com,Unknown
free.festivebar.com,Unknown
free.everydaylookup.com,Unknown
free.eliteunzip.com,Unknown
free.easyweatheralert.com,Unknown
free.easypackagetracker.com,Unknown
free.easymaillogin.com,Unknown
free.easyhomedecorating.com,Unknown
free.easydirectionsfinder.com,Unknown
free.dotspot.com,Unknown
free.dogbackgrounds.com,Unknown
free.directionsbuilder.com,Unknown
free.dailyrecipeguide.com,Unknown
free.dailyproductivitytools.com,Unknown
free.dailylocalguide.com,Unknown
free.dailyimageboard.com,Unknown
free.dailyhomeguide.com,Unknown
free.coolpopulargames.com,Unknown
free.convertpdfsnow.com,Unknown
free.convertersnow.com,Unknown
free.convertdocsonline.com,Unknown
free.compcity.info,Unknown
free.cinematicfanatic.com,Unknown
free.catsandcatapults.com,Unknown
free.cathomepage.com,Unknown
free.calendarspark.com,Unknown
free.butterflyfield.com,Unknown
free.betterbabyguide.com,Unknown
free.bestbackground.com,Unknown
free.babynameready.com,Unknown
free.autopcbackup.com,Unknown
free.astrologysearcher.com,Unknown
free.anytimeastrology.com,Unknown
free.animeunzipped.com,Unknown
free.amd-support.com,Unknown
free.actionclassicgames.com,Unknown
free.420native.org,Unknown
free.100sofrecipes.com,Unknown
free-surfing.webovka.eu,Unknown
free-spyware-scwnload.a013.com,Unknown
free-spyhunter-scanner-download.a013.com,Unknown
free-sexy-girls.ucgalleries.com,Unknown
free-online-games.cybergamez.us,Unknown
free-mp3.gooofull.com,Unknown
free-mobile.globaldataince.com,Unknown
free-gay-porno-and-nude-celebrity-porn-stars.gocunt.com,Unknown
free-game-downloads.freewishes.com,Unknown
free-dsex-dpasswords.isthebe.st,Unknown
free-ddddsex-ddddpasswords.isthebe.st,Unknown
free-dating-site.allmanpages.com,Unknown
free-anal-sex-pictures.gocunt.com,Unknown
free-amateurz.ucgalleries.com,Unknown
frarea12.myuniversitytoolbar.com,Unknown
frank.aicisteel.com,Unknown
franciszkankiswklary.ofm.pl,Unknown
franchisgate.ispdemos.com,Unknown
framras.omarpa.net,Unknown
fr4ozoyphhglqoydc66j.mbservicesyorkshire.co.uk,Unknown
fr.winantispyware.com,Unknown
fr.westernunion.com.fr.fr.session-expired.html.trupaartizan.ro,Unknown
fr.soft2pc.com,Unknown
fr.redflushcasino.eu,Unknown
fr.paiment.orange.gokdenizhealthtourism.com,Unknown
fr.ouah.com,Unknown
fr.maxiadv.com,Unknown
fr.kuai-go.com,Unknown
fr.jnfcapital.com,Unknown
fr.gooofull.com,Unknown
fr.goofull.com,Unknown
fr.funsafetab.com,Unknown
fr.fabulashesbytrisha.com,Unknown
fr.drivertuner.com,Unknown
fr.drivecleaner.com,Unknown
fr.aporen.at,Unknown
fqnvl0t3gw.bradul.creatory.org,Unknown
fpm.girlstested.com,Unknown
fpager.http80.info,Unknown
fp.uclo.net,Unknown
foy.enlightenedtours.com,Unknown
foxyco.pinkjacketclients.com,Unknown
foxmensagem.v10.com.br,Unknown
foxit.joydownload.com,Unknown
foxaz.myforumtoolbar.com,Unknown
fox.paternal.ru,Unknown
fourgirlspublishing.mystoretoolbar.com,Unknown
four.sineadhollywoodnutt.com,Unknown
four.kyryl.ru,Unknown
founderspond.skyries.com,Unknown
fotouniek.grafi-offshore.com,Unknown
fotosgyn.pessoal.ws,Unknown
fotoserver4.cyper.at,Unknown
fotologaso.miss-web.es,Unknown
fotoalbum.aggersund.dk,Unknown
foto2000.kkp.cz,Unknown
foto.preiss.at,Unknown
foto.hasimehrou.cz,Unknown
forums.persianinoz.com,Unknown
forums.bscbaptist.com,Unknown
foruminci.myforumtoolbar.com,Unknown
forumehli.myforumtoolbar.com,Unknown
forumdason.myforumtoolbar.com,Unknown
forum.yorgakoyu.com,Unknown
forum.whackysoccer.com,Unknown
forum.webprojemiz.com,Unknown
forum.vndownload.org,Unknown
forum.thatwasanice.tk,Unknown
forum.silikonfabrik.de,Unknown
forum.siemens-club.org,Unknown
forum.ppcwarez.org,Unknown
forum.platinashop.com,Unknown
forum.mysolar.ro,Unknown
forum.meinskype.de,Unknown
forum.magicsafeprogram.su,Unknown
forum.londonmoms.ca,Unknown
forum.lishniives.ru,Unknown
forum.like108.com,Unknown
forum.justdesi.ws,Unknown
forum.java-software.tk,Unknown
forum.ithealth.ru,Unknown
forum.iranproud.com,Unknown
forum.hotplugins.com,Unknown
forum.hotdl.com,Unknown
forum.helicobacter.ru,Unknown
forum.hcg411.info,Unknown
forum.gpit.fr,Unknown
forum.global-avacs.tk,Unknown
forum.factor8guild.com,Unknown
forrentarubacom.domainstel.org,Unknown
forpinoys.mystoretoolbar.com,Unknown
foro.traducegratis.com,Unknown
formulaire.cecosdaformation.com,Unknown
form.pinkoctopus.my,Unknown
fork.belieffront.science,Unknown
forgodslove.myfamilytoolbar.com,Unknown
forge.continuent.org,Unknown
foreningsgatan-klykiec.divadeva.ws,Unknown
fords.ewg4rg35rg.club,Unknown
forcedl.mezy.fr,Unknown
forbidding.marrive.ru,Unknown
forbachplus.media-toolbar.com,Unknown
for-sale-crg.cartrading.net,Unknown
football.graystonedesigns.com,Unknown
foodlog.dekap.com,Unknown
food.svs.kz,Unknown
foo.avaregio.at,Unknown
fontysmediatheek.mylibrarytoolbar.com,Unknown
font.jiangsuhost.com,Unknown
followmetalkbeta.okoyemedia.com,Unknown
folkhenr.mi-website.es,Unknown
folder.skybluead.com,Unknown
focus.thewhiskyball.com,Unknown
fo5.a1-downloader.org,Unknown
fnqyposu.innovation-lifecycle.com,Unknown
fnmi62725zfti2vy.vwgxhm.bid,Unknown
fnmi62725zfti2vy.p9wol3.top,Unknown
fnmi62725zfti2vy.o08ra6.top,Unknown
fnmi62725zfti2vy.1gtx3p.top,Unknown
fnmi62725zfti2vy.17vj7b.top,Unknown
fnmi62725zfti2vy.13inb1.top,Unknown
fniuxviazpmzp.hospitalhandsome.ru,Unknown
fneal25br.hostaty.com,Unknown
fnc.roundtablecenter.com,Unknown
fnaf.dtdsoft.net,Unknown
fn777.greatbahamas.com,Unknown
fmys786.viralgalleries.me,Unknown
fmvmaster.mycitytoolbar.com,Unknown
fmkaraokeradiocom.myradiotoolbar.com,Unknown
fm.zhibo.ba,Unknown
fm.erp.appinsg.com,Unknown
fm.3tn.com.br,Unknown
flz.mscracks.com,Unknown
flz.keygen.ru,Unknown
flz.bestcracks.net,Unknown
flyblog.flypadcorp.com,Unknown
fly.discusfieldservices.com,Unknown
fly.discusep.com,Unknown
flvdirect.iamwired.net,Unknown
flv.hs1dmr.com,Unknown
flushing.nanoomadultdaycare.com,Unknown
fluctisonantjamesstein.copywheel.com,Unknown
flppy.sakinadirect.com,Unknown
flower.hxgtech.com,Unknown
flower.fonicweb.com,Unknown
flow.lawyerisnearme.com,Unknown
flouuzmediatiak.bawaberita.com,Unknown
floristbooter.24im.com,Unknown
floridabassconnection.xpartsols.com,Unknown
florcksblog.floth.fr,Unknown
floorpunkt.cajoue.ch,Unknown
flljlqlx.zbingo.me,Unknown
flirtwithclassdemo.racevmarketing.com,Unknown
flipkart.diwali-dhamaka.com,Unknown
flightcashmoney.punkdns.top,Unknown
flickr.com.kurg.net,Unknown
flce.myteamtoolbar.com,Unknown
flat.trafficadvance.net,Unknown
flashplayer.pt.joydownload.com,Unknown
flashplayer.msdwnld.com,Unknown
flashplayer.begin.pro,Unknown
flash.vtb-karta.ru,Unknown
flash.player-viewnew.top,Unknown
flash.player-topedit-find.top,Unknown
flash.player-setnew-find.top,Unknown
flash.player-searchfor-find.top,Unknown
flash.player-runsettings.top,Unknown
flash.player-runsettings-find.top,Unknown
flash.player-runfile.top,Unknown
flash.player-newview.top,Unknown
flash.player-newget-find.top,Unknown
flash.player-getnew-find.top,Unknown
flash.player-findnew-find.top,Unknown
flash.player-filerun.top,Unknown
flash.player-filerun-find.top,Unknown
flash.360edu.com,Unknown
flash-update.akva-komptlt.ru,Unknown
flare.updflash.win,Unknown
flare.loadhostnewflash.icu,Unknown
flare.leveltopflash.download,Unknown
flare.helpplayflash.stream,Unknown
flare.facebook-3rd.com,Unknown
flamurmuli.viralgalleries.me,Unknown
flagship.asp-host.co.uk,Unknown
flagman.salonostrova.ru,Unknown
fkonigfm.myradiotoolbar.com,Unknown
fkixxtek.yjdata.me,Unknown
fk.duola123.com,Unknown
fjsx8yitzl.centde.com,Unknown
fjdkqs1aj9.centde.com,Unknown
fj.hmtcn.com,Unknown
fj.gueyprotein.com,Unknown
fixation.wfmobile.info,Unknown
fix.howtogetmedical420.org,Unknown
fitraborneo.biz.id,Unknown
fitloft.verhaevert.be,Unknown
fisting.stoporn.net,Unknown
fishki.ex-fs.ru,Unknown
fish4jewellery.media-toolbar.com,Unknown
fisa.sitiospublicom.com,Unknown
firststopcomputershop.mystoretoolbar.com,Unknown
firesharing.myuniversitytoolbar.com,Unknown
firefox8.msdwnld.com,Unknown
firefox7.msdwnld.com,Unknown
firefox.net-secure-update.icu,Unknown
firefox.net-browse-secure.icu,Unknown
firefox.msdwnld.com,Unknown
fire.sparttak.com,Unknown
fire.neildunbar.com.au,Unknown
fiolet.eklektik-style.ru,Unknown
finland.carbaseball.club,Unknown
finishedupdate.yoursetforgreatapps.icu,Unknown
finishedupdate.yoursetforgreatapp.icu,Unknown
finishedupdate.yourset4greatapps.icu,Unknown
finishedupdate.yourset4greatapp.icu,Unknown
finishedupdate.yourreadyforgreatapp.icu,Unknown
finishedupdate.yourready4greatapp.icu,Unknown
finishedupdate.yourgreatsitetofindlinkfree.icu,Unknown
finishedupdate.yourgreatsite-findlinknow.icu,Unknown
finishedupdate.yourgreatsite-findlinknew.icu,Unknown
finishedupdate.yourgreatsite-findlink.icu,Unknown
finishedupdate.thesettosafesoft.xyz,Unknown
finishedupdate.thesettosafesoft.icu,Unknown
finishedupdate.theset2safesofts.xyz,Unknown
finishedupdate.theset2safesoft.xyz,Unknown
finishedupdate.thereadytosafesofts.xyz,Unknown
finishedupdate.thereadytosafesofts.icu,Unknown
finishedupdate.thereadytosafesoft.xyz,Unknown
finishedupdate.thereadytosafesoft.icu,Unknown
finishedupdate.theready2safesofts.xyz,Unknown
finishedupdate.theready2safesofts.icu,Unknown
finishedupdate.theready2safesoft.xyz,Unknown
finishedupdate.theready2safesoft.icu,Unknown
finishedupdate.thepreparetosafesoft.icu,Unknown
finishedupdate.theprepare2safesoft.icu,Unknown
finishedupdate.stable2updating.stream,Unknown
finishedupdate.stable2updates.download,Unknown
finishedupdate.safesystemupgrade.org,Unknown
finishedupdate.friendlysystem2updating.win,Unknown
finishedupdate.friendlysystem2updating.download,Unknown
finishedupdate.friendlysystem2updates.review,Unknown
finish.resinbonding.com,Unknown
find.microgirls.com,Unknown
find-pro.browser-web-store.net,Unknown
finas.fr.am,Unknown
financeiro.mooltwork.com,Unknown
finance.b3p.cn,Unknown
fin.sleeptimellc.net,Unknown
filter.oridianppc.com,Unknown
filter.onwardclick.com,Unknown
filter.emeraldsurf.org,Unknown
filter.emerald-surf.com,Unknown
filter.adsparkmedia.net,Unknown
filp3.exupery.it,Unknown
fillthehotblanks.cayaparra.com,Unknown
filesharing.vertitechnologygroup.com,Unknown
fileshare.yourultimatefreeupgrading.icu,Unknown
fileshare.yourultimatefreeupgrade.icu,Unknown
fileshare.yourbetterplaceforgetcontentsfree.icu,Unknown
fileshare.yourbetterplaceforgetcontentfree.icu,Unknown
fileshare.yourbetterplace4getcontentsfree.icu,Unknown
fileshare.yourbetterplace4getcontentfree.icu,Unknown
fileshare.theultimatefreeupgrading.icu,Unknown
fileshare.theultimatefreeupgrade.icu,Unknown
fileshare.thesettosafesofts.xyz,Unknown
fileshare.thesettosafesofts.icu,Unknown
fileshare.thesettosafesoft.xyz,Unknown
fileshare.thesettosafesoft.icu,Unknown
fileshare.theset2safesofts.xyz,Unknown
fileshare.theset2safesofts.icu,Unknown
fileshare.theset2safesoft.xyz,Unknown
fileshare.theset2safesoft.icu,Unknown
fileshare.thereadytosafesofts.xyz,Unknown
fileshare.thereadytosafesofts.icu,Unknown
fileshare.thereadytosafesoft.xyz,Unknown
fileshare.thereadytosafesoft.icu,Unknown
fileshare.theready2safesofts.xyz,Unknown
fileshare.theready2safesofts.icu,Unknown
fileshare.theready2safesoft.xyz,Unknown
fileshare.theready2safesoft.icu,Unknown
fileshare.thepreparetosafesofts.xyz,Unknown
fileshare.thepreparetosafesoft.icu,Unknown
fileshare.theprepare2safesoft.xyz,Unknown
fileshare.theprepare2safesoft.icu,Unknown
fileshare.thebetterplaceforgetcontentsfree.icu,Unknown
fileshare.thebetterplaceforgetcontentfree.icu,Unknown
fileshare.thebetterplace4getcontentsfree.icu,Unknown
fileshare.thebetterplace4getcontentfree.icu,Unknown
fileshare.perfectupdatesforall.host,Unknown
fileshare.perfectupdates4everyone.xyz,Unknown
fileshare.perfectupdate4everyone.xyz,Unknown
fileshare.perfectupdate4all.host,Unknown
fileshare.betterplaceforgetcontentsfree.icu,Unknown
fileshare.betterplace4getcontentfree.icu,Unknown
fileshare.better-softwares.review,Unknown
fileshare.bestmainlyreliable4contentsnow.icu,Unknown
fileshare.bestmainlyreliable4contentnow.icu,Unknown
fileshare.bestmainlyreliable4contentnew.icu,Unknown
fileshare.allfreeandroidapps.net,Unknown
fileserver1.prozone.co.kr,Unknown
files6.uludagbilisim.com,Unknown
files5.filefly516.com,Unknown
files5.file-mirror.info,Unknown
files4.filefly516.com,Unknown
files4.file-mirror.info,Unknown
files2.chitchat.org.uk,Unknown
files1.533soft.com,Unknown
files.zdaspb.ru,Unknown
files.xtreme-jumps.eu,Unknown
files.xeol.net,Unknown
files.wow-atlantida.com,Unknown
files.winupdate.ru,Unknown
files.tpvstore.com,Unknown
files.toutenvrac.org,Unknown
files.tool4you.net,Unknown
files.superwordsearchmaker.com,Unknown
files.seriall.com,Unknown
files.schulbuchzentrum-online.de,Unknown
files.rustak.tk,Unknown
files.runforfreedom.org,Unknown
files.renderings.com,Unknown
files.redkawa.net,Unknown
files.red-starless.com,Unknown
files.red-2-small-button.com,Unknown
files.qaptokyy.blogsite.xyz,Unknown
files.pkhl.ru,Unknown
files.phoenixvpn.club,Unknown
files.pdfjpg.ru,Unknown
files.pcsuapi.com,Unknown
files.opentestdrive.com,Unknown
files.occarlsongracieteams.com,Unknown
files.invisibill.net,Unknown
files.igamingbusiness.co.uk,Unknown
files.goosedigital.ca,Unknown
files.giga-downloads.de,Unknown
files.getsoftfree.com,Unknown
files.fqapps.com,Unknown
files.ethermailer.com,Unknown
files.emoinstaller.com,Unknown
files.download-uk-hosting.com,Unknown
files.download-at.de,Unknown
files.desu.sh,Unknown
files.danwin1210.me,Unknown
files.ceedo.com,Unknown
files.cdn.112gs.com,Unknown
files.alphadog.net,Unknown
files.airdwnlds.com,Unknown
files.5star-network.com,Unknown
files.4nak.tk,Unknown
files.406lawyers.net,Unknown
files.2zzz.ru,Unknown
files.24.nl,Unknown
files-download.playpc.pl,Unknown
filen4.utengine.co.kr,Unknown
filen3.utengine.co.kr,Unknown
filen.utengine.co.kr,Unknown
filemanager.ovh.vpsme.ga,Unknown
fileloader.netx.host,Unknown
filehost.003.co,Unknown
filegh.17888.com,Unknown
filedudes.sonetcom.com,Unknown
filebase.mogelgott.de,Unknown
file9.qqhelper.com,Unknown
file8.qqhelper.com,Unknown
file7.qqhelper.com,Unknown
file6.qqhelper.com,Unknown
file5.qqhelper.com,Unknown
file4.qqhelper.com,Unknown
file3.qqhelper.com,Unknown
file2.qqhelper.com,Unknown
file1.upload.pe,Unknown
file1.qqhelper.com,Unknown
file001.phanvien.com,Unknown
file0.qqhelper.com,Unknown
file.yemou.me,Unknown
file.wxfsgj.com,Unknown
file.utilcraft.co.kr,Unknown
file.tripdrones.com,Unknown
file.sulang.com,Unknown
file.sukze.com,Unknown
file.sidegreen.com,Unknown
file.qqhelper.com,Unknown
file.peerportal.com,Unknown
file.onyxpays.com,Unknown
file.onlinesosong.com,Unknown
file.oculus-tech.com,Unknown
file.naijadream.tk,Unknown
file.muuk.co.kr,Unknown
file.msyncview.co.kr,Unknown
file.mm.co.kr,Unknown
file.mayter.cn,Unknown
file.lexionlu.com,Unknown
file.kittiza.com,Unknown
file.indoragnarok.com,Unknown
file.importantcover.uk,Unknown
file.findlock.co.kr,Unknown
file.enterprisesoftwaredownload.com,Unknown
file.downrealm.com,Unknown
file.donkeyp2p.com,Unknown
file.doc.viewer.salemgauch.com,Unknown
file.clickopia.com,Unknown
file.choang321.pro,Unknown
file.chitchat.org.uk,Unknown
file.c44.pw,Unknown
file.attop.com,Unknown
file.anruan.com,Unknown
file.28bxg.com,Unknown
filatelistpoparzenie.metronsa.eu,Unknown
figure.alphadeltas.in,Unknown
fifththirdbanking.verification.onlineservice.darwintoylibrary.com.au,Unknown
fifththirdbank.verification.onlinebanking.darwintoylibrary.com.au,Unknown
fifth.thirdbanking.securenet.sfvalleymodela.com,Unknown
fiera.leadercoop.it,Unknown
fidelity.teryhfc.xyz,Unknown
fidelity.auth.currentthinkingsolar.com.au,Unknown
ficken.4iso.de,Unknown
fibresrealm.loyaltytoolbar.com,Unknown
fibank.bg.importa-ypdate.com,Unknown
fht.fasstt.space,Unknown
fhstrr.propertymanagementalbuquerquenm.com,Unknown
fhsr.treetrimminghoustontx.com,Unknown
fhoevbya.xrxgsmakkbp.com,Unknown
fhg.pornocruto.es,Unknown
fhg.dacash.com,Unknown
fh8l1d95kg.hotelmahalindia.com,Unknown
fghstre.sanantoniowaterproofing.com,Unknown
fghk9.fortlauderdalebail.com,Unknown
fgh.net-flea.org,Unknown
fgh.e-flea.com,Unknown
fgerty.traviscountyfamilylawyer.com,Unknown
fg.lazarus-designs.com,Unknown
fg.igumeramax.org,Unknown
fg.bibleandbullets.com,Unknown
ffupdate.kingtranslate.com,Unknown
ffupdate.fuzezip.com,Unknown
ffrggthty.2fh.in,Unknown
ffoqr3ug7m726zou.zu3fzc.bid,Unknown
ffoqr3ug7m726zou.zpjpsf.top,Unknown
ffoqr3ug7m726zou.zn90h4.bid,Unknown
ffoqr3ug7m726zou.zkxb17.top,Unknown
ffoqr3ug7m726zou.zjfbxy.top,Unknown
ffoqr3ug7m726zou.zio9yg.bid,Unknown
ffoqr3ug7m726zou.zee0xr.top,Unknown
ffoqr3ug7m726zou.yur4j5.top,Unknown
ffoqr3ug7m726zou.xe1ws1.top,Unknown
ffoqr3ug7m726zou.x9ap4h.top,Unknown
ffoqr3ug7m726zou.x8p2m7.bid,Unknown
ffoqr3ug7m726zou.wx2n44.top,Unknown
ffoqr3ug7m726zou.wwa4tu.top,Unknown
ffoqr3ug7m726zou.wmvsh0.top,Unknown
ffoqr3ug7m726zou.wf912u.bid,Unknown
ffoqr3ug7m726zou.w67y8u.bid,Unknown
ffoqr3ug7m726zou.w22p3v.top,Unknown
ffoqr3ug7m726zou.vjso7r.top,Unknown
ffoqr3ug7m726zou.v0xn1i.bid,Unknown
ffoqr3ug7m726zou.utebcd.top,Unknown
ffoqr3ug7m726zou.umvv28.top,Unknown
ffoqr3ug7m726zou.ukswcu.bid,Unknown
ffoqr3ug7m726zou.ud9z0v.top,Unknown
ffoqr3ug7m726zou.u9fcji.bid,Unknown
ffoqr3ug7m726zou.tx0igu.bid,Unknown
ffoqr3ug7m726zou.smd95z.top,Unknown
ffoqr3ug7m726zou.s611js.top,Unknown
ffoqr3ug7m726zou.rzvhne.top,Unknown
ffoqr3ug7m726zou.rzt69n.top,Unknown
ffoqr3ug7m726zou.rxmbsm.top,Unknown
ffoqr3ug7m726zou.rssh3l.bid,Unknown
ffoqr3ug7m726zou.ptnbfm.top,Unknown
ffoqr3ug7m726zou.ndnmuk.top,Unknown
ffoqr3ug7m726zou.momg04.top,Unknown
ffoqr3ug7m726zou.m3cvi8.top,Unknown
ffoqr3ug7m726zou.lruwth.top,Unknown
ffoqr3ug7m726zou.le6611.bid,Unknown
ffoqr3ug7m726zou.lc1xfc.top,Unknown
ffoqr3ug7m726zou.l6r7i9.top,Unknown
ffoqr3ug7m726zou.l4dlll.bid,Unknown
ffoqr3ug7m726zou.kfymbh.top,Unknown
ffoqr3ug7m726zou.jye7lt.top,Unknown
ffoqr3ug7m726zou.i4ucg2.bid,Unknown
ffoqr3ug7m726zou.hzrekn.top,Unknown
ffoqr3ug7m726zou.hy6dxo.bid,Unknown
ffoqr3ug7m726zou.hpwom3.top,Unknown
ffoqr3ug7m726zou.hajw7w.bid,Unknown
ffoqr3ug7m726zou.ffsm1a.bid,Unknown
ffoqr3ug7m726zou.f5x6ws.top,Unknown
ffoqr3ug7m726zou.efebgv.top,Unknown
ffoqr3ug7m726zou.e1e7w2.top,Unknown
ffoqr3ug7m726zou.do9wwg.top,Unknown
ffoqr3ug7m726zou.ca15sj.top,Unknown
ffoqr3ug7m726zou.bwei9h.top,Unknown
ffoqr3ug7m726zou.bpuhab.top,Unknown
ffoqr3ug7m726zou.bdlvdy.top,Unknown
ffoqr3ug7m726zou.bd7tlu.top,Unknown
ffoqr3ug7m726zou.b4abvx.top,Unknown
ffoqr3ug7m726zou.b31wkh.bid,Unknown
ffoqr3ug7m726zou.ac7zvz.top,Unknown
ffoqr3ug7m726zou.8uvtsg.top,Unknown
ffoqr3ug7m726zou.5hmjh7.bid,Unknown
ffoqr3ug7m726zou.5e4u7d.bid,Unknown
ffoqr3ug7m726zou.4tkb0d.top,Unknown
ffoqr3ug7m726zou.2rl0pv.top,Unknown
ffoqr3ug7m726zou.2msuuj.top,Unknown
ffoqr3ug7m726zou.2fu7bc.top,Unknown
ffoqr3ug7m726zou.1nsnuh.top,Unknown
ffoqr3ug7m726zou.1mwipu.top,Unknown
ffoqr3ug7m726zou.1967qy.top,Unknown
ffoqr3ug7m726zou.17vj7b.top,Unknown
ffoqr3ug7m726zou.14gmtu.top,Unknown
ffoqr3ug7m726zou.13inb1.top,Unknown
ffoqr3ug7m726zou.1321z6.top,Unknown
ffoqr3ug7m726zou.04hyxg.top,Unknown
ffonline.mytowntoolbar.com,Unknown
ffm6.t-n-network.de,Unknown
ffkzinpg.socialimbizo.info,Unknown
fff.crackteam.ws,Unknown
ffdsfsd8de5spm3f.advantechnologies.com,Unknown
ffb.awebsiteonline.com,Unknown
ffacebook.wpst.site,Unknown
ff.td68x.com,Unknown
ff.nsg.org.ua,Unknown
fexnc6nxlu34m.hdliveupdate.com,Unknown
fewfshgrge.cecilialagoons.com,Unknown
few.ijssalonlekker.nl,Unknown
fevzwrooz.mi-website.es,Unknown
fevrooko.mi-website.es,Unknown
feuerstein.myzel.net,Unknown
fetish.flashticketswf.xyz,Unknown
fetisch.porno-news.net,Unknown
festival.cocobau.com,Unknown
festival.ch.ma,Unknown
fentonnews.mylibrarytoolbar.com,Unknown
fengyoublog.myblogtoolbar.com,Unknown
fengshurui.myblogtoolbar.com,Unknown
fendy.lightux.com,Unknown
fenc.daewonit.com,Unknown
femhotspot.myradiotoolbar.com,Unknown
fellowshiphall.theopendoorchurchpa.com,Unknown
felixw.pushfd.su,Unknown
felixarea.mytowntoolbar.com,Unknown
fekabt.lapok.hu,Unknown
fejeijoi.strength.world,Unknown
fej8yjf9mu.1swx8ohe9h.madpendesign.com.au,Unknown
feerere.kagithanetemizlik.net,Unknown
feeldouro.devblek.pt,Unknown
feejdesigns.mystoretoolbar.com,Unknown
feedx.bidsystem.com,Unknown
feeds.logicbuy.com,Unknown
feeds.global-intermedia.com,Unknown
feedback.vivekanandacollegeforwomen.org,Unknown
feed.yourfiledownloader.com,Unknown
feed.sonic-search.com,Unknown
feed.snapdo.com,Unknown
feed.searchanyway.com,Unknown
feed.networksupdates.com,Unknown
feed.helperbar.com,Unknown
feed.bitcoinchi.com,Unknown
fedraquintanilla.createsend3.com,Unknown
fedex-support.macromilling.com.au,Unknown
fed.web-flea.com,Unknown
fearfm.myradiotoolbar.com,Unknown
feaoofbh.virtuegirls3.com,Unknown
feaaw.pelicanfragile.icu,Unknown
fe-ef.snprobbx.pbz.r.de.a2ip.ru,Unknown
fdsfds.cecilialagoons.com,Unknown
fdsaaa.igg.biz,Unknown
fds.netflea.org,Unknown
fds.mijetas.com,Unknown
fdr.realestatecareerssacramento.com,Unknown
fdlty.pensiunea-andutu.ro,Unknown
fdgr.dmitindia.com,Unknown
fdg.puremanistee.info,Unknown
fdg.houstonneurodiagnostics.com,Unknown
fdg.dermatoglyphicsindia.com,Unknown
fdg.10eurosbonheur.net,Unknown
fd4.eye.to,Unknown
fd2.eye.to,Unknown
fd1.eye.to,Unknown
fd.uqidong.com,Unknown
fd.laomaotao.org,Unknown
fcl2015.fordcricket.org,Unknown
fcl2013.fordcricket.org,Unknown
fcl2012.fordcricket.org,Unknown
fcl2011.fordcricket.org,Unknown
fcl2009.fordcricket.org,Unknown
fcl2008.fordcricket.org,Unknown
fcl2007.fordcricket.org,Unknown
fcim6r56za.i0u8a3wvk7lw2.icu,Unknown
fcfjyb54yl.centde.com,Unknown
fccznann.leiquan.me,Unknown
fbyogapants.viralgalleries.me,Unknown
fbook.nyclubs.com,Unknown
fbcdn.48fcdee8c65b04217afda21247fd87e9.ga,Unknown
fbcdn-com.44e5e90de53e92dbfde22aaf3b061280.gq,Unknown
fb.postmee.xyz,Unknown
fb.darbo.uzrasai.lt,Unknown
fb.com.accounts.login.userid.293160.2bjdm.com,Unknown
fb.cashtraffic.com,Unknown
fb.adenz.top,Unknown
fb-account-control.hoibangai.com,Unknown
fax.pc.phone.sms13.de,Unknown
favourme.wm01.to,Unknown
faux.romhost.me,Unknown
fauth.myago.tk,Unknown
faucethubggrip.linkandzelda.com,Unknown
fattura.wrestlingfest.com,Unknown
fattura.toollessqed.com,Unknown
fattura.toiletseatbolts.com,Unknown
fattura.toiletbolts.com,Unknown
fattura.tobipage.com,Unknown
fattura.theadventurekid.com,Unknown
fattura.seweather.net,Unknown
fattura.rooftopllc.net,Unknown
fattura.rocktravel.org,Unknown
fattura.pfeifferprojects.com,Unknown
fattura.orangetheorysm.com,Unknown
fattura.nileshdethe.info,Unknown
fattura.johnheard.us,Unknown
fattura.jiwanta.in,Unknown
fattura.jiwanta.com,Unknown
fattura.honeybandaid.com,Unknown
fattura.gtworks.com,Unknown
fattura.gerhardrosin.ca,Unknown
fattura.drsamuelkane.net,Unknown
fattura.creepycollective.com,Unknown
fattura.buzdash.club,Unknown
fattura.bookingcabarete.org,Unknown
fattura.bookingcabarete.net,Unknown
fattura.bookingcabarete.com,Unknown
fattura.aiimllc.com,Unknown
fattura.aaaahd.org,Unknown
fatick.southernmarylandpopupweddings.com,Unknown
fatgayporn.just404.com,Unknown
fatalityradio.myradiotoolbar.com,Unknown
fat7e23.toko-ku.org,Unknown
fastproxy.open.tips,Unknown
fastcounter.linkexchange.net,Unknown
fastcarspl.media-toolbar.com,Unknown
fastboot2.mepage.us,Unknown
fastbar.mystoretoolbar.com,Unknown
fast2downnl.loyaltytoolbar.com,Unknown
fast.1proxy.de,Unknown
fashion.youthdeveloper.com,Unknown
fashion.androiddatacenter.com,Unknown
farone.wow-gratuit.com,Unknown
farofltr.mi-website.es,Unknown
farmsys.scketon.com,Unknown
farmfritesproducts.theappsbox.org,Unknown
fareda.mycitytoolbar.com,Unknown
faraos.foco.cl,Unknown
far0m.somaliaworking.org,Unknown
faq.yedone.com,Unknown
faq.mainpean.de,Unknown
fansppagee.verifikasion1.tk,Unknown
fanpage-center33.verifikasiii-again.tk,Unknown
fanfiction.seriali-online.ru,Unknown
fancy7000.mycitytoolbar.com,Unknown
fanclubthebrothers.media-toolbar.com,Unknown
familyhistorian.myfamilytoolbar.com,Unknown
familyguyhack.extafiles.com,Unknown
familiaarroyo.myfamilytoolbar.com,Unknown
failid.pilgrimbooks.ee,Unknown
faid.sadv.sa,Unknown
fagc.quizkicks.com,Unknown
fagc.honeyquiz.com,Unknown
faenzabike.makkie.com,Unknown
fad-409.mtl4.targetnet.com,Unknown
fad-1109.nyc1.targetnet.com,Unknown
facture.sfr.beautyron.com,Unknown
factsvaultcom.mylibrarytoolbar.com,Unknown
fackingbro.viralgalleries.me,Unknown
faceboook-replyei0ki.montadalitihad.com,Unknown
facebooks.app11.lacartelera.info,Unknown
facebookhot.free-h.fr,Unknown
facebookcom.sxcustomerhelp.center,Unknown
facebook.verify-account.co.in,Unknown
facebook.urmas.tk,Unknown
facebook.unitedcolleges.net,Unknown
facebook.techcitybd.info,Unknown
facebook.serulom.tk,Unknown
facebook.security.formatinc.com,Unknown
facebook.security.center.myinfinitepropertysolutions.com,Unknown
facebook.realtorarcf.com,Unknown
facebook.ommalliltanazul.com,Unknown
facebook.norfolkkappas.com,Unknown
facebook.market.geomotiontv.com,Unknown
facebook.login.securityois.com,Unknown
facebook.login-apps.com,Unknown
facebook.lalaaddis.com,Unknown
facebook.khmerinform.com,Unknown
facebook.jolims.tk,Unknown
facebook.iridiumsecurity.org,Unknown
facebook.guruzchat.tk,Unknown
facebook.fun-masti.net,Unknown
facebook.free-hotspot.online,Unknown
facebook.fasting.tk,Unknown
facebook.dk7wireless.net,Unknown
facebook.cuoan.com,Unknown
facebook.com.skiie.com,Unknown
facebook.com.peopledetective.net,Unknown
facebook.com.linkedstate.in,Unknown
facebook.com.join.urdusocial.com,Unknown
facebook.com.gohiding.com,Unknown
facebook.com.esa-snc.com,Unknown
facebook.com.bakida.net,Unknown
facebook.com-info.download,Unknown
facebook.com-fbs.us,Unknown
facebook.churchblend.com,Unknown
facebook.bebashangat.ml,Unknown
facebook.aliceflynn.net.au,Unknown
facebook-login.eglisechinoise.org,Unknown
facebook-com-log-in.thelavishchick.com,Unknown
facebook-bella-fati.serverlux.me,Unknown
facebok.paikesn.com,Unknown
face-book.us.id9528506606.up-hit.gdn,Unknown
face-book.us.id5684114408.up-hit.gdn,Unknown
fac5fo7d4n.bradul.creatory.org,Unknown
fabtfg3slx.centde.com,Unknown
fabricon.texter.pk,Unknown
fabricalivre.eco.br,Unknown
fabian5810.pdns.cz,Unknown
fabian.sysnets.net,Unknown
fabao.309420.com,Unknown
faarl.saqibsiddiqui.com,Unknown
fa4fu9kayw.centde.com,Unknown
fa3b8vfw2s.centde.com,Unknown
fa.ilotousgroup.com,Unknown
fa.golriztransportco.com,Unknown
f9ygihmnlt.centde.com,Unknown
f9uhvyqlri.centde.com,Unknown
f9tuwxp8lf.centde.com,Unknown
f9sk9y3mkq.bradul.creatory.org,Unknown
f9ruzv8hhd.centde.com,Unknown
f9pv237t9b.centde.com,Unknown
f9mjjiqzjc.centde.com,Unknown
f9gz7rljfg.centde.com,Unknown
f9eajwzkj7.centde.com,Unknown
f9dfzup6ne.centde.com,Unknown
f9cspcjdat.centde.com,Unknown
f99oo16kmd.centde.com,Unknown
f96isuxogt.centde.com,Unknown
f966oph2z8.palaeknitexport.com,Unknown
f92g1muagh.centde.com,Unknown
f9.cookingluck.com,Unknown
f9.bestmanage.org,Unknown
f8exiyzyda.centde.com,Unknown
f8cftoooqi.centde.com,Unknown
f8bcaw8tvy.centde.com,Unknown
f89fvu5ywt.centde.com,Unknown
f88u9kyilg.centde.com,Unknown
f83zey1g1h.centde.com,Unknown
f80ayhesnr.centde.com,Unknown
f809y5o0zh.centde.com,Unknown
f8.cookingluck.com,Unknown
f8.bestmanage.org,Unknown
f7voukclho.centde.com,Unknown
f7space.zg5.ru,Unknown
f7qppmi8j6.centde.com,Unknown
f7phvbkcnb.centde.com,Unknown
f7on2r6x2i.centde.com,Unknown
f7dypwm9ri.centde.com,Unknown
f7acdqwogu.centde.com,Unknown
f739zs3ofx.centde.com,Unknown
f7.cookingluck.com,Unknown
f7.bestmanage.org,Unknown
f6u2z7xs0d.jqfwvwpg0wlxn.icu,Unknown
f6tdszmibg.centde.com,Unknown
f6p6x4xsdk.centde.com,Unknown
f6og0p3qe5.centde.com,Unknown
f6obvlqhak.centde.com,Unknown
f6nsi0hr0f.centde.com,Unknown
f6nfc5xbjl.centde.com,Unknown
f6kyledqfu.centde.com,Unknown
f6iqh1suf9.centde.com,Unknown
f6im6loc5k.centde.com,Unknown
f6hqbs3xq6.centde.com,Unknown
f6gyxd6vnb.centde.com,Unknown
f6gcih9s7h.centde.com,Unknown
f6e6rtt0li.centde.com,Unknown
f6dhsz9jho.centde.com,Unknown
f63k66qpah.centde.com,Unknown
f6.cookingluck.com,Unknown
f6.bestmanage.org,Unknown
f5wlxfpbsp.atlanticinternational.ca,Unknown
f5vujidtci.centde.com,Unknown
f5qogznubp.centde.com,Unknown
f5nb01iawb.centde.com,Unknown
f5ll4thgtx.centde.com,Unknown
f5hts0bwsy.centde.com,Unknown
f51.x8top.net,Unknown
f5.cookingluck.com,Unknown
f5.bestmanage.org,Unknown
f4zslrv1ib.centde.com,Unknown
f4pfizqkt8.centde.com,Unknown
f4kjkrp7k3.centde.com,Unknown
f4keu.7h4uk.com,Unknown
f4hnf5tvhv.centde.com,Unknown
f4dsbjhb45wfiuqeib4fkqeg.meccaledgy.at,Unknown
f4ch5frxr7.centde.com,Unknown
f4apgzjzyd.centde.com,Unknown
f4.cookingluck.com,Unknown
f4.bestmanage.org,Unknown
f3zelzpz4w.centde.com,Unknown
f3xpyeitam.centde.com,Unknown
f3oho499pg.centde.com,Unknown
f3nojkmglb.centde.com,Unknown
f3nlujeubu.centde.com,Unknown
f3h7cvhyj0.centde.com,Unknown
f3gft4kdcw.centde.com,Unknown
f3gd0tyw4k.centde.com,Unknown
f3fb8wroou.centde.com,Unknown
f3f06vbm0u.centde.com,Unknown
f300.downloadpccp.com,Unknown
f30.x8top.net,Unknown
f3.cookingluck.com,Unknown
f3.bestmanage.org,Unknown
f2xh7rw0jk.centde.com,Unknown
f2u84frqzs.centde.com,Unknown
f2tbvcmtzu.centde.com,Unknown
f2mbgsehkw.centde.com,Unknown
f2k55vwljd.centde.com,Unknown
f2jdznxvy4.centde.com,Unknown
f2fkzrn0a7.centde.com,Unknown
f26z7kslpa.centde.com,Unknown
f20oboisry.centde.com,Unknown
f20jj4.sa003.com,Unknown
f2.cookingluck.com,Unknown
f2.bestmanage.org,Unknown
f1ydcukz6k.centde.com,Unknown
f1l9qzback.centde.com,Unknown
f1jryva1po.centde.com,Unknown
f1fk694woz.centde.com,Unknown
f1dwakezay.centde.com,Unknown
f18qc7yvip.centde.com,Unknown
f17xq3jwlc.centde.com,Unknown
f14ewszbra.centde.com,Unknown
f145h.c47.ru,Unknown
f1.cookingluck.com,Unknown
f1.cnboal.at,Unknown
f1.bestmanage.org,Unknown
f0wiop0aud.centde.com,Unknown
f0ucxap08q.centde.com,Unknown
f0qsb2nxqp.centde.com,Unknown
f0m41iuoh2.centde.com,Unknown
f0jttptl2b.centde.com,Unknown
f041220.privacy4browsers.com,Unknown
f.zeroredirect2.com,Unknown
f.zeroredirect.com,Unknown
f.nanafiles.co.il,Unknown
f.mashifoug.com,Unknown
f.kuai-go.com,Unknown
f.hl852.com,Unknown
f.gj555.net,Unknown
f.akk.li,Unknown
f.abz.com,Unknown
f-secure-antivirus.ojolink.fr,Unknown
f-prot-antivirus.ojolink.fr,Unknown
f-js1.spotsniper.ru,Unknown
ezzy.naturamunch.com,Unknown
ezxdxeqmudhnqv.ivydancefloors.com,Unknown
ezptntfdueb6coblmfca.viomil.ro,Unknown
ezproxy-authcate.lib.monash.edu.au.libg.ml,Unknown
ez.downxy.com,Unknown
eyvfrarv.iglooclearance.com,Unknown
eyecatchercharters.isthebe.st,Unknown
eye.pushaction.info,Unknown
eye.killeee.com,Unknown
extrait.flashticketswf.xyz,Unknown
extly.etlq.online,Unknown
extly.blacksun.site,Unknown
exti.myfirsttab.com,Unknown
extgrpdev.ch.ma,Unknown
extern.asterisk.li,Unknown
extensions.ecomitize.com,Unknown
ext.wowmusix.com,Unknown
ext.wowmovix.com,Unknown
ext.theappzworld.com,Unknown
ext.theappzkingdom.com,Unknown
ext.theappjust.cool,Unknown
ext.searchincognito.com,Unknown
ext.playzonenow.com,Unknown
ext.mysuperappbox.com,Unknown
ext.myprivatesearch.com,Unknown
ext.mixplugin.com,Unknown
ext.goappgreat.cool,Unknown
ext.getsuperappbox.com,Unknown
ext.getmedianetnow.com,Unknown
ext.espeedcheck.com,Unknown
ext.disk-i-shina.com.ua,Unknown
exqnpxyl.koolsonic.com,Unknown
explorer9.msdwnld.com,Unknown
explorer.allgamescoin.org,Unknown
exploore.yas-tr.com,Unknown
exploit.netreaperlab.com,Unknown
expert.imamericanmade.com,Unknown
experientimpressionniez.allthingsenergy.com,Unknown
expands.just-reward.com,Unknown
exits.adultcash.com,Unknown
exit.zoodollars.com,Unknown
exit.oxcash2.com,Unknown
exit.onlineexit.com,Unknown
exit.megago.com,Unknown
exit.macandbumble.com,Unknown
exin.com.bd,Unknown
exictos.ligaempresarial.pt,Unknown
exgfs.ucgalleries.com,Unknown
exe.partnerpay.net,Unknown
exdocx.barierm.net,Unknown
excussitqueunderter.gennaroborrelli.com,Unknown
excluirmalwares.spywareremovalguide.org,Unknown
exclaim.goldenteamacademy.cl,Unknown
excel.sos.pl,Unknown
excel.budelak.com,Unknown
exam.sacaschool.com,Unknown
exadu.mymag250.co.uk,Unknown
ex.technor.com,Unknown
ewwtw4616013.justcheuty.com,Unknown
evolutionsounds.myradiotoolbar.com,Unknown
evoitaliatoolbar.myradiotoolbar.com,Unknown
evohungarytoolbar.myteamtoolbar.com,Unknown
evo.davincivirtual.co.uk,Unknown
evmacashcom.nationprotect.net,Unknown
evgeniilitvinovsite.bback.site,Unknown
everytin.tunerwrightng.com,Unknown
everydaystuff.myblogtoolbar.com,Unknown
eventworkskl.whitebean.asia,Unknown
eventtemples.wingmakers.pl,Unknown
events.indyloyaltyclub.com,Unknown
event.suzukimoto.my,Unknown
event.marketingbodz.com,Unknown
evasive.expertwitnessautomaticdoor.net,Unknown
evans.babajilab.in,Unknown
evaluation.cmh-connect.fr,Unknown
ev.moreofjesus.org,Unknown
euroscicon.media-toolbar.com,Unknown
euroqs.firmowo.net,Unknown
europol.europe.eu.id214218540-7444056787.h5841.com,Unknown
europol.europe.eu.france.id647744160-2176514326.h5841.com,Unknown
eurodanceusa.midishack.net,Unknown
eureka.cyber-ta.org,Unknown
eula.getmedia.online,Unknown
euholterdatadownload.euholter.cn,Unknown
euhnq.saqibsiddiqui.com,Unknown
euhighschool.edu.bd,Unknown
eua.echo-ice.com,Unknown
eu.xmts.net,Unknown
eu.uspostly.info,Unknown
eu.springfile.org,Unknown
etransferiinterac.ranggorawakh.com,Unknown
etorrejon.myblogtoolbar.com,Unknown
etissalat.ultimatefreehost.com,Unknown
etisalat.hy-form.com,Unknown
etisalat.ae.lareservadeluge.com,Unknown
etisalat-apari.fixedtofit.com.au,Unknown
ethers33.etherget22.zone,Unknown
ethereum-giveaway.kissr.com,Unknown
ether.blogmedium.top,Unknown
eth55.ethpays99.top,Unknown
eth3.etherpayments.top,Unknown
eth.mediumpromo.top,Unknown
eth.mediumblog.top,Unknown
eternocampeon.myblogtoolbar.com,Unknown
etercom.media-toolbar.com,Unknown
eter.ariadna.pl,Unknown
etenxacv.mi-website.es,Unknown
et.transfer.funds-deps1t-smsref-und-emt2910739047339837.com,Unknown
et.scs1.etr-secure-deps1t-emt9379374974937.com,Unknown
et-transfer-lnterac-confirmation.periscopeandsights.com.ng,Unknown
et-sec.elec-secursms-acc.com,Unknown
et-mobility-canada.curbyl.tk,Unknown
esurance.bestseedtodo.xyz,Unknown
estoa.frost-electric-supply.com,Unknown
estepona.dpsoft.es,Unknown
estates1.roispresso.com,Unknown
estate.myradiotoolbar.com,Unknown
esquema.elevaagencia.com.br,Unknown
espigadillaumphys.divadeva.ws,Unknown
espaceclientv3.0range.fr.clients-center1.com,Unknown
espace.client.desjardins.com-membre-1g5hsfgu5-www-desjardins.com,Unknown
espace-oney.fr.service.misajour.spectralgaming.com,Unknown
espace-clients-creditmutuel-confirmations.groupe-uti.com,Unknown
esone.jester-hack.ru,Unknown
esoad.frost-electric-supply.com,Unknown
eso.pkajan.eu,Unknown
esgerdersboo.meilleursblogs.net,Unknown
esearchsites.media-toolbar.com,Unknown
escuela.selene.edu.pe,Unknown
escape.insites.eu,Unknown
esbpdfanalysis.say-it-now.com,Unknown
es9-www.5zgmu7o20kt5d8yq.com,Unknown
es8-www.5zgmu7o20kt5d8yq.com,Unknown
es7-www.5zgmu7o20kt5d8yq.com,Unknown
es6-www.5zgmu7o20kt5d8yq.com,Unknown
es5-www.5zgmu7o20kt5d8yq.com,Unknown
es4-www.5zgmu7o20kt5d8yq.com,Unknown
es3-www.5zgmu7o20kt5d8yq.com,Unknown
es2-www.5zgmu7o20kt5d8yq.com,Unknown
es1-www.5zgmu7o20kt5d8yq.com,Unknown
es0-www.5zgmu7o20kt5d8yq.com,Unknown
es.thevoucherstop.com,Unknown
es.roismedia.com,Unknown
es.popularscreensavers.com,Unknown
es.healthyliverplus.com,Unknown
es.goofull.com,Unknown
es-cdn.windapp.net,Unknown
ert47.a1.wrs.mcboo.com,Unknown
ert.earthresourcetechnology.com,Unknown
errors.update-apps.com,Unknown
errornuker.software-phile.com,Unknown
error.system-notice.info,Unknown
error.firewall-corrupted-apple.com,Unknown
error-update-now.comfu126.site,Unknown
erp.togetherfirms.com,Unknown
erp.skwyverns.co.kr,Unknown
erp.huahejx.com,Unknown
erp.cathaykylin.com,Unknown
eroticamateur.ucgalleries.com,Unknown
eroov.iptvdeals.com,Unknown
eroohlct.virtuegirls3.com,Unknown
erify-identity.usawf.credit,Unknown
ericscomputers.mystoretoolbar.com,Unknown
ergoners.t-onlinde.net,Unknown
ergbvc.vagentv.com,Unknown
ergbvc.dmachined.com,Unknown
erg.boutiquedepro.net,Unknown
erfolgreichercanteres.ukhomedesign.co.uk,Unknown
erew.kuai-go.com,Unknown
erdx.11xx.com,Unknown
erdolchendenpandhuiz.giovyphotography.co.uk,Unknown
er5.cometonetwork.com,Unknown
equipo2.diseniummedia.com,Unknown
equestrian.horse-trai.horseboxes.dll-offer-items.com,Unknown
eqint.utopiad.com,Unknown
eq.utopiad.com,Unknown
epzu4ebrmh.ivertiipolska.com.pl,Unknown
epzu4ebrmh.bradul.creatory.org,Unknown
ept.cdecantanhede.pt,Unknown
epsilon.searchassistant.net,Unknown
eps.uniquecorps.com,Unknown
eprotonosupport.maherformayor.com,Unknown
eprizer.esoftech.in,Unknown
epriego.mytowntoolbar.com,Unknown
eppublicidades.myradiotoolbar.com,Unknown
eppolnet.myblogtoolbar.com,Unknown
epl4.issociate.net,Unknown
epitomenetworks.igg.biz,Unknown
epi.sizi.pl,Unknown
epc-test.lms.hk,Unknown
epbar.mystoretoolbar.com,Unknown
epay-system.manages-ssl.com,Unknown
eolsqixzv9730840.chromiunxede.pw,Unknown
eolsqixzv4008244.chromiunxede.pw,Unknown
eol1.egyptonline.com,Unknown
eog2k.778169747.cn,Unknown
envolo.peopleonpage.com,Unknown
envioautomatico.evnvlr8mr7k2etbyklxslegdimv8kj1e.site,Unknown
entrungennettmn.fauxreligion.com,Unknown
entrant.monarchyrecords.com,Unknown
entoblo.viploadmarket.ru,Unknown
entisesslaxaveramque.toxidyne.org,Unknown
enterprise.myuniversitytoolbar.com,Unknown
enter.nethitz.tk,Unknown
ent7.fc-training.co.uk,Unknown
ensim70.1steasy.com,Unknown
ensim2.webbodan.net,Unknown
enroll.careonebenefits.com,Unknown
enr1q5uqof.jqfwvwpg0wlxn.icu,Unknown
enligne.authentifications.e-carste.com,Unknown
enlight.starcall.com,Unknown
enigmaupdate.epidemicnetwork.com,Unknown
englishdepartmentalex.mycollegetoolbar.com,Unknown
english.topioldesign.com,Unknown
english.tanlangui.com,Unknown
english.phzx.net,Unknown
english.ircfast.com,Unknown
english.goyalsonline.com,Unknown
english.fundolosleones.cl,Unknown
english.feiyuejx.com,Unknown
english.ahzh-pv.com,Unknown
engineer.rid7.com,Unknown
engine.gamerati.net,Unknown
engage.tb-webdev.com,Unknown
eng.test-umb.com,Unknown
eng.pastricanac.com,Unknown
eng.mhb.mx,Unknown
eng.gov.spb.ru,Unknown
enet-wildstorm.myblogtoolbar.com,Unknown
energietool.susteen.nl,Unknown
endocycle.paladin-global.net,Unknown
end.latex.toys,Unknown
encoding.8openid.assoc.handle.usflexopenid.claimed.id.asdwe21a1e23few143ew.wt154t23dg1sd.2g1456er1.241as53321.30.asrrr21sa.0d1w5,Unknown
encoding.8openid.assoc.handle.usflexopenid.claimed.id.asdwe21a1e23few143ew.wt154t23dg1sd.2g1456er1.241as53321.30.asrrr21sa.0d1w,Unknown
en.yeksan.com.tr,Unknown
en.worthfind.com,Unknown
en.windowsdatarecovery.net,Unknown
en.voltster12v.com,Unknown
en.theolympiaschools.edu.vn,Unknown
en.thedunnagency.net,Unknown
en.sign-group.ru,Unknown
en.qindao1982.com,Unknown
en.ntdzkj.com,Unknown
en.nordiksimit.org,Unknown
en.nesestegemann.com,Unknown
en.modernizmgdyni.pl,Unknown
en.minormetal.cn,Unknown
en.linea-d.de,Unknown
en.lddt.info,Unknown
en.laserspark.ru,Unknown
en.iranvolleyball.com,Unknown
en.fitgrp.com,Unknown
en.eorezo.com,Unknown
en.dralpaslan.com,Unknown
en.dolinanoteci.com,Unknown
en.discoverytour.cl,Unknown
en.certomni.net,Unknown
en.avtoprommarket.ru,Unknown
en.avkeys.org,Unknown
en.avatarstinc.com,Unknown
en.alovewpc.com,Unknown
emy.alphadeltas.in,Unknown
emule.msdwnld.com,Unknown
emtsent.crystalls.com,Unknown
emt-refund-deposit.azkacompanies.com,Unknown
emt-interac.mussmandesign.com,Unknown
emsisoft-antispyware.ojolink.fr,Unknown
emsisoft-antimalware.ojolink.fr,Unknown
empty.townbeef.bid,Unknown
emotionrays.mystoretoolbar.com,Unknown
emotion.diyholidayideas.com,Unknown
emotion.bethlapierre.com,Unknown
emlak.marasyurtdernegi.org,Unknown
emixp.byinter.net,Unknown
emits.iptvdeals.com,Unknown
emisije.sezamprodukcija.com,Unknown
eminescu.com.bd,Unknown
emilio.myblogtoolbar.com,Unknown
emerge.imstore.pl,Unknown
emeraldstore.biz.id,Unknown
emeraldchronicles.myforumtoolbar.com,Unknown
emember.4ha2wascbprxkygff.gdn,Unknown
emco-malware-destroyer.ojolink.fr,Unknown
embroidery.embroidery.embroidery.ebp-items-offer-now.com,Unknown
emanuele.angelospizzamidtowneast.com,Unknown
emanuelandvalleriewedding.co.zw,Unknown
emailed.userprofileupdates.com,Unknown
email2me.media-toolbar.com,Unknown
email.rocricambi.com,Unknown
email.marmodesign-trade.com,Unknown
email.givemeinsurance.com,Unknown
emaco.tumedia.ru,Unknown
ema.emeraldsurfsciences.com,Unknown
em.pc-on-internet.com,Unknown
ely88k.myblogtoolbar.com,Unknown
elw5.cist.lu,Unknown
eltunelradio.myradiotoolbar.com,Unknown
eltunel.myradiotoolbar.com,Unknown
elthenf.mi-website.es,Unknown
elsohabxd.igg.biz,Unknown
els.mywebtattoo.com,Unknown
els.mytattoons.com,Unknown
elp.search4musix.com,Unknown
elp.comments-plus.com,Unknown
eloquentlycorpulent.loyaltytoolbar.com,Unknown
elocallifecom.mycitytoolbar.com,Unknown
elo.stripehogsupport.com,Unknown
elnumero1delamafia.myblogtoolbar.com,Unknown
elmar.rzeszow.pl,Unknown
ellissearch.myblogtoolbar.com,Unknown
elk.elk.pl,Unknown
eljus.stockvik.nu,Unknown
elizaygust.cocospark.com.ve,Unknown
elite.ucgalleries.com,Unknown
elite.dl-kl.com,Unknown
elis.k9redemptionrescue.com,Unknown
elifsu.mytowntoolbar.com,Unknown
elgg.tedzplace.ca,Unknown
elena.podolinski.com,Unknown
elena.cursoswordpressmadrid.es,Unknown
elegantedge.co.zw,Unknown
electroo.webstars.us,Unknown
electrohemostasis.makemoneywithmegan.net,Unknown
elearning.zonearmy.com,Unknown
elearning.smkn3-sukawati.sch.id,Unknown
eld.floridadiminishedvalue.com,Unknown
el-cajon-factoring-companies.transportationfactoringcompany.org,Unknown
ekjvvhofu8.axfxrs1vvx.madpendesign.com.au,Unknown
ekdgvubk.lylguys.me,Unknown
ekalamariagr.mycitytoolbar.com,Unknown
ejpjpxozcgutiht5ew7c.maherstcottage.com.au,Unknown
ejacs.be.tc,Unknown
eit.folks.su,Unknown
eiskunstlauf.tsvkoenigsbrunn.de,Unknown
eis.andhuntingeach.tk,Unknown
eipi.paaw.info,Unknown
eiow.fincruit.co.uk,Unknown
einfachsaufende.myblogtoolbar.com,Unknown
eim.etisalat.lareservadeluge.com,Unknown
eiffelvision.edgysketches.com,Unknown
eidopdvj.mohlala.org,Unknown
eic.santander-talent.co.uk,Unknown
ei0sj6fwb1.yonalon.com,Unknown
ehrvzahxofm.rulenewtill.gdn,Unknown
eholes.viewyoursite.co.uk,Unknown
ehna.hellopritty.net,Unknown
ehauzon.uxdesignit.com,Unknown
ehandouts.pattersonit.com,Unknown
eh-eh.snprobbx.pbz.r.de.a2ip.ru,Unknown
egyhouse.bahgat.com,Unknown
egnatialtd.globalhotelsmotels.com,Unknown
egift.interac.organicsandy.ca,Unknown
egbridge.danielkellogg.com,Unknown
egbowantedjs.fishdns.com,Unknown
eg0xge6j46dvg3qgdjfm.viomil.ro,Unknown
efx0onjzrttd4ckzh3jb.littlematchagirl.com.au,Unknown
efww.planocommercialrealestate.com,Unknown
efuikafjeufw.slayerment.tk,Unknown
efuikafjeufw.businessrulesanalysis.com,Unknown
efugl.iptvdeals.com,Unknown
efssrsub.innovation-lifecycle.com,Unknown
efson.707.cz,Unknown
efr.myradiotoolbar.com,Unknown
efiwc.saqibsiddiqui.com,Unknown
ef7hojsbvojjcablinyi.mbservicesyorkshire.co.uk,Unknown
eeroo.frost-electric-supply.com,Unknown
eemzwwze.socialimbizo.info,Unknown
eelde.mytowntoolbar.com,Unknown
eeewwwwwwee.jvp.lk,Unknown
eeeedwind.qipim.ru,Unknown
ee8f928b71ed0dc6033231fa0943d9f5.adpdx.com,Unknown
edxkx.saqibsiddiqui.com,Unknown
edvzz.super-promo.quhu.info,Unknown
edutest.msdwnld.com,Unknown
education.quakenergy.com,Unknown
education.eggnogpet.eu,Unknown
eduardomendoza.myradiotoolbar.com,Unknown
edrp-lnk-smsdrp-sec023739i93037494.nakrya.com,Unknown
edraniecarrentals.co.zw,Unknown
edr-op-secure-smslink-deps1t-wirless-sec93739034493793323468.aikhedamme.com,Unknown
ednis.devblek.pt,Unknown
edmontonreapers.myradiotoolbar.com,Unknown
ediupgrade.ecis.co.kr,Unknown
editoriasa.rda.it,Unknown
editor.akotae.com,Unknown
edith.3dgrafika.cz,Unknown
edios.vzpsoft.com,Unknown
edguthjksf.soben.top,Unknown
edf.fr.kfskz.com,Unknown
eddieherrera.myuniversitytoolbar.com,Unknown
eddiegetdownortiz.myradiotoolbar.com,Unknown
edanlxnondefensive.thesiren.biz,Unknown
ed16c02e.amy.gs,Unknown
ect103.gpaenglish.edu.vn,Unknown
ecosystem.unvocal.ru,Unknown
ecos.e-mailcom.co.uk,Unknown
econt.elegance.bg,Unknown
economisttestcollect.insightfirst.com,Unknown
ecommerce.urbandrulabs.com,Unknown
ecommerce-label-2.traffic-light.com,Unknown
ecoles.csbe.qc.ca,Unknown
eco.maxifece.com,Unknown
eco.escoffierrecipes.org,Unknown
ecnulibrary.mylibrarytoolbar.com,Unknown
ecker.aidnet.at,Unknown
echt.ec-echt.de,Unknown
echotoolbar.mycollegetoolbar.com,Unknown
echoa.randbinternationaltravel.com,Unknown
echo.x-tend.kiev.ua,Unknown
echo.teasernet.ru,Unknown
echo.somoto.net,Unknown
eccc.bulletpool.ru,Unknown
ec2.snoopy.org,Unknown
ec.rk-store.net,Unknown
ec.khantlinn.me,Unknown
ec.handeaxle.com,Unknown
ebvas.bzyk.info,Unknown
ebooksrj.mylibrarytoolbar.com,Unknown
ebooklove.mystoretoolbar.com,Unknown
ebook.tryslimfast.com,Unknown
ebook.marciarosa1.com.br,Unknown
ebinavi.myblogtoolbar.com,Unknown
ebills.thetrissilent.com,Unknown
ebills-recon1.t-a-i-l.com,Unknown
ebillportal.fileview.us,Unknown
ebilleim.fileview.us,Unknown
ebill.update.musthavetrades.com,Unknown
ebill.etisalat.fourteenstars.pk,Unknown
ebayeup.pdns.cz,Unknown
ebayaffiliatewoocommerce.templategaga.com,Unknown
ebay.ws.it.ws.mezarkabristanisleri.com,Unknown
ebay.motors.630.eusers.services,Unknown
ebay.listing.seller.smudge360.motors.program.motaphl.com,Unknown
ebay.listing.seller.smudge360.motor.programs.hostcom.ge,Unknown
ebay.it.ws.it.mezarkabristanisleri.com,Unknown
ebay.freeweb.pk,Unknown
ebay.de-item323747.com,Unknown
ebay.co.uk.natweng.com,Unknown
ebay.co.uk.26587424591.bid,Unknown
ebay-kleinanzeigen.de-item23881822.com,Unknown
ebay-kleinanzeigen.de-item188522644.com,Unknown
ebaumsworld.on.nimp.org,Unknown
ebanking.juliusbaeronline.com,Unknown
ebackup.shopnet-usa.com,Unknown
eb0oz2ddwj.bradul.creatory.org,Unknown
eb.cuooc.com,Unknown
eb-eb.snprobbx.pbz.r.de.a2ip.ru,Unknown
eat.bestseedtodo.xyz,Unknown
easyweb.tdcanadatrust.yousufrehman.com,Unknown
easymoney.behinpaadgdn2018.ru,Unknown
easyguidancetoonlineliving.myblogtoolbar.com,Unknown
easydown.workday360.cn,Unknown
easy2cart.pascalcomputer.net,Unknown
earnmoney.myhitsite.tk,Unknown
eaqefat.forgottenfolk.tk,Unknown
eaiwntvs.leiquan.me,Unknown
eaglescollection.com.powered-by.securewebsiteaccess.com,Unknown
eagle123.media-toolbar.com,Unknown
e45-cvb.cashixirbozdur.com,Unknown
e3err4t5y6u94309554515269491747.noithatchauau.vn,Unknown
e34.amartebeauty.com,Unknown
e254211b46eff12a143c8a5e.thatwasgreatthanks.gq,Unknown
e.zeroredirect2.com,Unknown
e.zeroredirect.com,Unknown
e.rainboweventandmarketing.com,Unknown
e.mypasswordbox.com,Unknown
e.myforumtoolbar.com,Unknown
e.kx747.com,Unknown
e.jdkantu.com,Unknown
e.hl852.com,Unknown
e.ahad.net.cn,Unknown
e.abnad.net,Unknown
e-zshopper.activeshopper.com,Unknown
e-transfer.kumarindustries.net,Unknown
e-statement.vallpros-as.com,Unknown
e-service.jpdm.edu.bd,Unknown
e-learning.secilenlernetwork.com,Unknown
e-learning.kkpi.or.id,Unknown
e-games.theall.net,Unknown
e-games.clanweb.cz,Unknown
e-courses.myuniversitytoolbar.com,Unknown
dzynestudio.neglite.com,Unknown
dziennikarze.lo-kolaczyce.pl,Unknown
dzbloggers.media-toolbar.com,Unknown
dzbk.dhxctzx.com,Unknown
dz-cima.nifatech.com,Unknown
dynamique.drivecleaner.com,Unknown
dynamic.exaccess.ru,Unknown
dyn6-b57-access.superdsl.com.sg,Unknown
dyn.primecdn.net,Unknown
dy.wwcpga.com,Unknown
dxdown.code08.com,Unknown
dx9.charrem.com,Unknown
dx8.198174.com,Unknown
dx7.52zsoft.com,Unknown
dx60.91tzy.com,Unknown
dx6.91tzy.com,Unknown
dx6.52zsoft.com,Unknown
dx51.91tzy.com,Unknown
dx5.qqw235.com,Unknown
dx5.52zsoft.com,Unknown
dx5.198174.com,Unknown
dx4.qqw235.com,Unknown
dx4.52zsoft.com,Unknown
dx30.91tzy.com,Unknown
dx3.52zsoft.com,Unknown
dx20.91tzy.com,Unknown
dx2.codefans.net,Unknown
dx2.52zsoft.com,Unknown
dx11.dkgcw.com,Unknown
dx105.jiuzhoutao.com,Unknown
dx104.jiuzhoutao.com,Unknown
dx103.jiuzhoutao.com,Unknown
dx101.jiuzhoutao.com,Unknown
dx100.jiuzhoutao.com,Unknown
dx10.198174.com,Unknown
dx1.mumu168.com,Unknown
dx.qqw235.com,Unknown
dx.nowwebsr.com,Unknown
dx.mt30.com,Unknown
dx.mqego.com,Unknown
dx.codefans.net,Unknown
dx.35a20.com,Unknown
dx.198424.com,Unknown
dwonload.sz-qudou.net,Unknown
dwonload.sinosteelinvest.com,Unknown
dwon1.zmmdn.com,Unknown
dwn.winupd.com,Unknown
dwn.rundll86.ml,Unknown
dwmgoxow.homelandresilience.com,Unknown
dwl1.wizzlabs.com,Unknown
dwl0.wizzlabs.com,Unknown
dwj2.0jznb2.cn,Unknown
dwj2.01webseo.cn,Unknown
dwhk4xlyr8m52di6enkj.cedricchenevert.com,Unknown
dwellersheritage.advancementconsultants.com,Unknown
dw.xj6x.com,Unknown
dw.58wangdun.com,Unknown
dvs.sportsoziologie-paderborn.de,Unknown
dvjwpnb8dzwvfmu1hbua.maherstcottage.com.au,Unknown
dvdfab-8-crack-serial.ddlzone.com,Unknown
dvdempire.mystoretoolbar.com,Unknown
dv.butotiresa.com,Unknown
duty.sitatech.org,Unknown
dutch.ircfast.com,Unknown
dusadee.myfamilytoolbar.com,Unknown
durst.homeworksolving.com,Unknown
durmusdanis.myforumtoolbar.com,Unknown
duppp-66-59-104-49.nas0.ijvl.md.net,Unknown
duoservers.media-toolbar.com,Unknown
duiskzl.websoft.kz,Unknown
duhoc.fonicweb.com,Unknown
duetech.gberes.com,Unknown
dudesoffcampus.mycollegetoolbar.com,Unknown
dudeinthemakingpro.mytowntoolbar.com,Unknown
dubaicamp2013.drupalcong.org,Unknown
du2.carambis.com,Unknown
dtrack.sslsecure1.com,Unknown
dtm1.eim.ae.fulfillmentireland.ie,Unknown
dt.chinajdly.com,Unknown
dstatic.aceadsys.net,Unknown
dsrygfsru.baid1u.com,Unknown
dsgfhnj.openmediasoft.com,Unknown
dsg.affaireenligne.org,Unknown
dsfer43.socialmediaindustry.com,Unknown
dsf.web-flea.net,Unknown
dsf.boutiquedepro.com,Unknown
dsf.academiebooks.org,Unknown
dsainmmo.worty.xyz,Unknown
ds9al2q1znjpd9km.nappybusyspark.club,Unknown
ds1.cpanelguru.com,Unknown
ds04.projectstatus.co.uk,Unknown
ds.moviegoat.com,Unknown
ds.cybereps.com,Unknown
drydock.extreme.com.bd,Unknown
drupal.watt-consulting.com,Unknown
drupal.meioz.com,Unknown
drquinlin.pbd-dev.com,Unknown
droppy.sakinadirect.com,Unknown
dropdocurcvd.myjeri-villa.com,Unknown
dropcloud.com.receivedfiles.taxisincrowthorne.co.uk,Unknown
dropcharge.stardialer.de,Unknown
dropcharge.download-url.de,Unknown
dropboxsecuredocumentsuploaded.com.donrapi.com,Unknown
dropboxincc.dylaa.com,Unknown
dropboxfilecustomizesever.recollaborate.org,Unknown
dropboxfile.news24x7.com.au,Unknown
dropboxdema.aguntasolo.club,Unknown
dropbox.xclubtoronto.com,Unknown
dropbox.weelpointz.com,Unknown
dropbox.royalgrace.co.za,Unknown
dropbox.preciouspetforever.com,Unknown
dropbox.mini-shop.si,Unknown
dropbox.lolog.net,Unknown
dropbox.i9edu.net.br,Unknown
dropbox.fr-voir-le-documet.eu-inc.info,Unknown
dropbox.disndat.com.ng,Unknown
dropbox.digitalsurveyorske.com,Unknown
dropbox.com.verify.ifmn.org,Unknown
dropbox.com.secure.gok-fen.net,Unknown
dropbox.com.register.document.dropbox.com.register.document.dropbox.com.register.document.dropbox.com.register.document.ultimat,Unknown
dropbox.com.login.energycenterri.com,Unknown
dropbox.com.landing.thebrotherstrainingcenter.co.id,Unknown
dropbox.com-ogin.butterandwhiskey.com,Unknown
drop.clubedamaturidade.org.br,Unknown
drop.box.com-shared231.comicfish.com,Unknown
drop.3dland.fun,Unknown
drop-boxdoc-store.goryletter.com,Unknown
dronnrgol.snapmix.jp,Unknown
drobox.japahall.com.br,Unknown
drobebill.tranchespay.cf,Unknown
drmmc.edu.bd,Unknown
drm.wippiespace.com,Unknown
drk.fm604.com,Unknown
drivewithchasesecurity.lestudiolum.net,Unknown
drivertuneup.esecureshoppe.com,Unknown
driverdev.linuxdriverproject.org,Unknown
driverdetails.safe-cart.store,Unknown
drive.google.com-file-d-0mawxl-view-usp-drive-attached.thecrookedstickpublications.com,Unknown
drive.codenesia.web.id,Unknown
drive.chelae.com,Unknown
drive.carlsongracieanaheim.com,Unknown
drg.tervam.ru,Unknown
drg.jasonarcher.org,Unknown
drewex.slask.pl,Unknown
dret4.galusky.com,Unknown
dressup.archestuff.com,Unknown
dreamteens.ucgalleries.com,Unknown
dreamslanhouse.sitebr.net,Unknown
dreamradio.myradiotoolbar.com,Unknown
dreamjenny-chaturbate.infosexcam.com,Unknown
dreamgirls.ucgalleries.com,Unknown
drayagesafpluisden.maherformayor.com,Unknown
drassad.myblogtoolbar.com,Unknown
dragontyphoon.myradiotoolbar.com,Unknown
dragonsdudelta.myforumtoolbar.com,Unknown
dragonmail.mystoretoolbar.com,Unknown
draft.deliverygo.com.br,Unknown
dr47.mcboo.com,Unknown
dr38.mcboo.com,Unknown
dr0pb0xsecured.fileuploads.com.circusposter.net,Unknown
dr.mcboo.com,Unknown
dr-web-antivirus.ojolink.fr,Unknown
dr-i-ve-gauthstarsmodels.okph.com,Unknown
dr-i-ve-gauthdr-i-ve-gauthstarsmodels.okph.com,Unknown
dquzcbp.forgottenfolk.tk,Unknown
dq.lilke.ru,Unknown
dplthings.creativeunderpressure.com,Unknown
dpfza.gov.dj,Unknown
dp02.dompawn.de,Unknown
dp.fastandcoolest.com,Unknown
dp.dpessoal.com,Unknown
dox-uat-cms.mobileaware.com,Unknown
downza.91speed.net,Unknown
downza.91speed.com.cn,Unknown
downloawww.speedyhashstation.com,Unknown
downloads2.5star-network.com,Unknown
downloads.x.qpgame.com,Unknown
downloads.webstartpro.com,Unknown
downloads.updatesoftnow.com,Unknown
downloads.tweakbit.net,Unknown
downloads.stephenbarnesballetmusic.com,Unknown
downloads.spoutly.com,Unknown
downloads.smarttweak.us,Unknown
downloads.safesquid.net,Unknown
downloads.rabio.com,Unknown
downloads.pcsecurityshield.com,Unknown
downloads.optimize-windows.net,Unknown
downloads.mytvandmovies.com,Unknown
downloads.memedia.com,Unknown
downloads.mediaplayer4free.com,Unknown
downloads.hnxmail.com,Unknown
downloads.graboidvideo.com,Unknown
downloads.getsoftfree.com,Unknown
downloads.galaxyrp.xyz,Unknown
downloads.dvdavitools.com,Unknown
downloads.chartnettech.com,Unknown
downloads.5star-network.com,Unknown
downloads.180solutions.com,Unknown
downloadold.xiaocen.com,Unknown
downloadcdn.filebulldog.com,Unknown
downloadcdn.betterinstaller.com,Unknown
downloadapp.costmin.info,Unknown
download9.freemediapack.com,Unknown
download8.freemediapack.com,Unknown
download7.freemediapack.com,Unknown
download7.freefiles-8.de,Unknown
download7.freefiles-5.de,Unknown
download7.freefiles-4.de,Unknown
download7.freefiles-3.de,Unknown
download7.freefiles-2.de,Unknown
download7.freefiles-19.de,Unknown
download7.freefiles-13.de,Unknown
download7.fastload.de,Unknown
download6.spyaxe.com,Unknown
download6.kmcodec.co.kr,Unknown
download6.freemediapack.com,Unknown
download574.play3w.com,Unknown
download5.spyaxe.com,Unknown
download5.freemediapack.com,Unknown
download5.bossran2018.com,Unknown
download4.spyaxe.com,Unknown
download4.freemediapack.com,Unknown
download4.freefiles-17.de,Unknown
download4.freefiles-15.de,Unknown
download4.freefiles-12.de,Unknown
download3.think-u.co.kr,Unknown
download3.spyaxe.com,Unknown
download3.freemediapack.com,Unknown
download2v.freesoftstore2.com,Unknown
download22400.downloadlsdir.com,Unknown
download2.uc8848.com,Unknown
download2.platinumhideip.com,Unknown
download2.mway.com.tw,Unknown
download2.freemediapack.com,Unknown
download2.free-hideip.com,Unknown
download2.eyecloud.so,Unknown
download2.coolwaremax.com,Unknown
download2.0190-dialer.com,Unknown
download13.subo.me,Unknown
download10.freemediapack.com,Unknown
download1.freemediapack.com,Unknown
download1.0190-dialer.com,Unknown
download.zooeasy.com,Unknown
download.zmoth.com,Unknown
download.ytdownloader.com,Unknown
download.yourvideochat.com,Unknown
download.youbak.com,Unknown
download.yes-messenger.com,Unknown
download.xiaoxinrili.com,Unknown
download.wyptk.com,Unknown
download.wuhuxinghuo.com,Unknown
download.winzipprivacyprotector.com,Unknown
download.winhound.com,Unknown
download.windrivecleaner.com,Unknown
download.windowscodecs.ru,Unknown
download.windowscleaner.ru,Unknown
download.windows8startbutton.com,Unknown
download.windows10codecpack.com,Unknown
download.windowboanpatch.com,Unknown
download.winantispyware.com,Unknown
download.win8dvd.com,Unknown
download.wifimaster.tech,Unknown
download.whenu.com,Unknown
download.wedownload.info,Unknown
download.warezclient.com,Unknown
download.ware.ru,Unknown
download.w-systems.com,Unknown
download.visualbee.com,Unknown
download.vista.es,Unknown
download.videoscavenger.com,Unknown
download.viamedia.ba,Unknown
download.vacationxplorer.com,Unknown
download.unlocksamsungonline.nl,Unknown
download.u7pk.com,Unknown
download.typingfanatic.com,Unknown
download.tunydownloadsfast.com,Unknown
download.ttrili.com,Unknown
download.ttrar.com,Unknown
download.tk.taotaosou.com,Unknown
download.threerings.net,Unknown
download.testonlinespeed.com,Unknown
download.testforspeed.com,Unknown
download.tematicasoftware.net,Unknown
download.tabbar.co.kr,Unknown
download.systemdoctor.com,Unknown
download.supersoftware365.org,Unknown
download.supercouponpro.com,Unknown
download.suddenlymusic.com,Unknown
download.stardialer.de,Unknown
download.spyware-secure.com,Unknown
download.spysheriff.com,Unknown
download.spyaxe.com,Unknown
download.spy-sheriff.com,Unknown
download.speeddownload.kr,Unknown
download.softingo.com,Unknown
download.softiglu.com,Unknown
download.soccerinferno.com,Unknown
download.smsfrombrowser.com,Unknown
download.smarttechnology365.net,Unknown
download.smart-hide-ip.com,Unknown
download.simulationexams.com,Unknown
download.simplepackagefinder.com,Unknown
download.shoppingdealslive.com,Unknown
download.shopper-pro.com,Unknown
download.shareware.pro,Unknown
download.sharelive.net,Unknown
download.searchformsonline.com,Unknown
download.safepcrepair.com,Unknown
download.rs4u.com,Unknown
download.robotboom.com,Unknown
download.retrogamer.com,Unknown
download.referenceboss.com,Unknown
download.rebategiant.com,Unknown
download.re58.cn,Unknown
download.presidentialbuzz.com,Unknown
download.premierdownloadmanager.com,Unknown
download.power-url.de,Unknown
download.portal-ret.nl,Unknown
download.popularscreensavers.com,Unknown
download.pokercity.com,Unknown
download.plustech.pl,Unknown
download.playpoptrivia.com,Unknown
download.phone2b.com.br,Unknown
download.phenomenatracker.com,Unknown
download.pettrap.com,Unknown
download.peccmj.com,Unknown
download.papovirtua.com,Unknown
download.outlook-368.com,Unknown
download.ourinputdatastorage.com,Unknown
download.ontargetyoga.com,Unknown
download.onlineroutefinder.com,Unknown
download.onlineformfinder.com,Unknown
download.oneinstaller.com,Unknown
download.novotrac.ch,Unknown
download.notehomepage.com,Unknown
download.networkexpress.co.kr,Unknown
download.netpumper.com,Unknown
download.mysoftwarelive.com,Unknown
download.myimageconverter.com,Unknown
download.myeasylotto.com,Unknown
download.mycarcompanion.com,Unknown
download.mybabyboomerhub.com,Unknown
download.mway.com.tw,Unknown
download.muhanoixua.vn,Unknown
download.mp3downloading.com,Unknown
download.movieland.com,Unknown
download.moozymusic.com,Unknown
download.moori.com,Unknown
download.mooncg.com,Unknown
download.moji001.com,Unknown
download.minidvdsoft.com,Unknown
download.maxperforma.com,Unknown
download.maxfile.me,Unknown
download.mapmywayfree.com,Unknown
download.malwarealarm.com,Unknown
download.magicproject.com,Unknown
download.macdownloadpro.com,Unknown
download.loxa.com,Unknown
download.lovivideo.ru,Unknown
download.logicinterface.info,Unknown
download.localscavenger.com,Unknown
download.ljsystem.se,Unknown
download.livedownfast.com,Unknown
download.listingsportal.com,Unknown
download.lanctrl.com,Unknown
download.ktqooksearch.co.kr,Unknown
download.kr-mission.com,Unknown
download.kingtranslate.com,Unknown
download.jsansoft.com.cn,Unknown
download.iwebar.com,Unknown
download.ipninja.io,Unknown
download.instcdn.com,Unknown
download.instantradioplay.com,Unknown
download.installspeed.com,Unknown
download.instalki.org,Unknown
download.iheartaudiobooks.com,Unknown
download.html5player.itfolks.mobi,Unknown
download.htjs.net,Unknown
download.howtosimplified.com,Unknown
download.howcodec.co.kr,Unknown
download.holidayphotoedit.com,Unknown
download.hideipprivacy.com,Unknown
download.hantools.co.kr,Unknown
download.guffins.com,Unknown
download.guardbay.com,Unknown
download.goobzo.com,Unknown
download.gidgoroda.ru,Unknown
download.getlyricsonline.com,Unknown
download.gardeningenthusiast.com,Unknown
download.gamingassassin.com,Unknown
download.gametrekkers.com,Unknown
download.gamblis.com,Unknown
download.fuzezip.com,Unknown
download.funpopulargames.com,Unknown
download.funnyjokesnow.com,Unknown
download.freewildernesspro.com,Unknown
download.freeware.tv,Unknown
download.freeshoppingtool.com,Unknown
download.freeradiocast.com,Unknown
download.freepdfcombiner.com,Unknown
download.freemanualsindex.com,Unknown
download.freegpsmap.ru,Unknown
download.freebillpayalert.com,Unknown
download.freearticleskimmer.com,Unknown
download.freeandgreatappsitenow.icu,Unknown
download.freeandgreatappsitenow.host,Unknown
download.free-mobilegamescenter.app,Unknown
download.formfetcherpro.com,Unknown
download.firstrowsportapp.com,Unknown
download.findyourmaps.com,Unknown
download.filmfanatic.com,Unknown
download.filesfrog.com,Unknown
download.favorit-network.com,Unknown
download.fastandgreatflashupgradecontenting.icu,Unknown
download.farhkvje.cn,Unknown
download.fairdialer.de,Unknown
download.fahpvdxw.cn,Unknown
download.facewinks.com,Unknown
download.extraslot.ru,Unknown
download.exrnybuf.cn,Unknown
download.expressdownload.net,Unknown
download.express-files.com,Unknown
download.express-downloader.com,Unknown
download.everytoolbar.co.kr,Unknown
download.everydaylookup.com,Unknown
download.errorsafe.com,Unknown
download.elephantbird.net,Unknown
download.editoraerica.com.br,Unknown
download.easyweatheralert.com,Unknown
download.easyspeedpc.net,Unknown
download.easypackagetracker.com,Unknown
download.easymaillogin.com,Unknown
download.easydriverpro.net,Unknown
download.easydirectionsfinder.com,Unknown
download.downloadboutique.com,Unknown
download.donkeyp2p.com,Unknown
download.domplayer.com,Unknown
download.domaiq.com,Unknown
download.dns-vip.net,Unknown
download.directionsbuilder.com,Unknown
download.directdownload.club,Unknown
download.directapk.net,Unknown
download.digitalnames.net,Unknown
download.descargar.es,Unknown
download.damncheaters.com,Unknown
download.dailywellnessguide.com,Unknown
download.dailyrecipeguide.com,Unknown
download.dailylocalguide.com,Unknown
download.dailybibleguide.com,Unknown
download.cxsup.com,Unknown
download.cursormania.com,Unknown
download.crazyforcricket.com,Unknown
download.corruptedfilerepair.com,Unknown
download.coolwaremax.com,Unknown
download.cookynet.com,Unknown
download.convertpdfsnow.com,Unknown
download.convertersnow.com,Unknown
download.convertdocsonline.com,Unknown
download.compressionfast.com,Unknown
download.checkfile.ru,Unknown
download.cf139.com,Unknown
download.centralserver.net,Unknown
download.celebsauce.com,Unknown
download.cdn.sharelive.net,Unknown
download.cdn.errorsafe.com,Unknown
download.cdn.drivecleaner.com,Unknown
download.cdm1.org,Unknown
download.cceinfo.com.br,Unknown
download.cashsurfers.com,Unknown
download.byeerror.com,Unknown
download.browseraccelerator.com,Unknown
download.bringmeapps.com,Unknown
download.bravesentry.com,Unknown
download.bgroom.com,Unknown
download.bestsoftwarelive.com,Unknown
download.begin.pro,Unknown
download.bardownload.com,Unknown
download.bandooo.com,Unknown
download.baigoo.com,Unknown
download.babynameready.com,Unknown
download.azaleanet.it,Unknown
download.avitva.ru,Unknown
download.arpcc.ro,Unknown
download.aresfileshare.com,Unknown
download.apf.asso.fr,Unknown
download.anytimeastrology.com,Unknown
download.antispywarebot.com,Unknown
download.antiphishingdomain.com,Unknown
download.androidapkmods.com,Unknown
download.adintelligence.net,Unknown
download.adamas.ai,Unknown
download.actionclassicgames.com,Unknown
download.acdsee.es,Unknown
download.720pc.com,Unknown
download.2squared.com,Unknown
download.2s8f.space,Unknown
download.1zhe.com,Unknown
download.1ys.com,Unknown
download.1gram.net,Unknown
download.12buzz.com,Unknown
download.100sofrecipes.com,Unknown
download-video.12w.net,Unknown
download-malstore.malderan.hu,Unknown
download-antivirus.ojolink.fr,Unknown
download-antispyware.ojolink.fr,Unknown
download-antimalware.ojolink.fr,Unknown
download-anti-spyware.ojolink.fr,Unknown
download-anti-malware.ojolink.fr,Unknown
downldcl.adtoolsinc.com,Unknown
downlaod1.vstart.net,Unknown
downlaod.xiaocen.com,Unknown
downgradepc.yourstablewebsiteforcontentscentral.icu,Unknown
downgradepc.yourstablewebsiteforcontentsafe.icu,Unknown
downgradepc.update-plus.net,Unknown
downgradepc.thestableandgreatflashadssnew.icu,Unknown
downgradepc.thestableandgreatflashadsscenter.icu,Unknown
downgradepc.thestableandgreatflashadsnow.icu,Unknown
downgradepc.thestableandgreatflashadsingnew.icu,Unknown
downgradepc.thestableandgreatflashadsingcenter.icu,Unknown
downgradepc.thestableandgreatflashadsing.icu,Unknown
downgradepc.thestableandgreatflashadscenter.icu,Unknown
downgradepc.thestableandgreatflashads.icu,Unknown
downgradepc.thelinktogetupdating.host,Unknown
downgradepc.thelinktogetupdates.host,Unknown
downgradepc.thefreelinktogetupdating.xyz,Unknown
downgradepc.thefreelinktogetupdate.xyz,Unknown
downgradepc.thebestperformacespotforyoueasytoday.trade,Unknown
downgradepc.thebestperformacespotforyoueasynow.trade,Unknown
downgradepc.thebestcentertocontent.xyz,Unknown
downgradepc.searchmacandpc2updating.win,Unknown
downgradepc.searchmacandpc2updating.review,Unknown
downgradepc.searchmacandpc2update.bid,Unknown
downgradepc.getsoftnow59563.club,Unknown
downgradepc.allroundsystemupdating.review,Unknown
downgradepc.allroundsystemupdating.bid,Unknown
downgradepc.allroundsystemupdates.review,Unknown
downgradepc.allroundsystemupdates.bid,Unknown
downgradepc.allroundsystemupdate.win,Unknown
downgradepc.allroundsystemupdate.trade,Unknown
downgradepc.allroundsystemupdate.stream,Unknown
downgradepc.allroundsystemupdate.review,Unknown
downgradepc.allroundsystemupdate.download,Unknown
downgradepc.allroundsystemupdate.date,Unknown
downgradepc.allroundsystem-update.win,Unknown
downgradepc.allroundsystem-update.review,Unknown
downfile.pcclear.co.kr,Unknown
downd.sinosteelinvest.com,Unknown
down413301.xiazai3.net,Unknown
down411939.xiazai3.net,Unknown
down411870.xiazai3.net,Unknown
down4.xiazheteng.top,Unknown
down4.xiaoshuosky.net,Unknown
down4.cudown.com,Unknown
down4.54it.cn,Unknown
down3.xt70.com,Unknown
down3.xiazheteng.top,Unknown
down3.xiaoshuosky.net,Unknown
down3.feiyang163.com,Unknown
down3.emstock.com.cn,Unknown
down3.downshouji.cn,Unknown
down3.baiduwebgame.com,Unknown
down3.3ddown.com,Unknown
down25520248.xiazaidown.com,Unknown
down25512908.xiazaidown.com,Unknown
down25511432.xiazaidown.com,Unknown
down22021.yzzzn.com,Unknown
down22.zmmdn.com,Unknown
down2.xiazheteng.top,Unknown
down2.winsoft1.com,Unknown
down2.qxiazai.com,Unknown
down2.hackhw.com,Unknown
down2.feiyang163.com,Unknown
down2.3ddown.com,Unknown
down192.wuyunjk.com,Unknown
down1.xiazheteng.top,Unknown
down1.xiaoshuosky.net,Unknown
down1.upanfile.com,Unknown
down1.topsadon1.com,Unknown
down1.mqego.com,Unknown
down1.hfblog.cn,Unknown
down1.downshouji.cn,Unknown
down1.cnzz.cc,Unknown
down1.7654.com,Unknown
down05061841.xdown4.com,Unknown
down05048865.xdown4.com,Unknown
down05048300.xdown4.com,Unknown
down05035515.xdown4.com,Unknown
down05025941.xdown4.com,Unknown
down05009416.cdnxiazai.com,Unknown
down05002675.xiazaicdn.com,Unknown
down05000112.cdnxiazai.com,Unknown
down05000088.cdnxiazai.com,Unknown
down04999972.cdnxiazai.com,Unknown
down04999586.cdnxiazai.com,Unknown
down04999570.cdnxiazai.com,Unknown
down04999125.cdnxiazai.com,Unknown
down04998928.cdnxiazai.com,Unknown
down04998927.cdnxiazai.com,Unknown
down04998926.cdnxiazai.com,Unknown
down04998806.cdnxiazai.com,Unknown
down04998647.cdnxiazai.com,Unknown
down04998644.cdnxiazai.com,Unknown
down04998405.cdnxiazai.com,Unknown
down04998393.cdnxiazai.com,Unknown
down04998377.cdnxiazai.com,Unknown
down04998307.cdnxiazai.com,Unknown
down04998304.cdnxiazai.com,Unknown
down04998256.cdnxiazai.com,Unknown
down04997985.cdnxiazai.com,Unknown
down04997563.cdnxiazai.com,Unknown
down04997386.cdnxiazai.com,Unknown
down04997033.cdnxiazai.com,Unknown
down04996916.cdnxiazai.com,Unknown
down04996826.cdnxiazai.com,Unknown
down04996815.cdnxiazai.com,Unknown
down04996732.cdnxiazai.com,Unknown
down04996644.cdnxiazai.com,Unknown
down04996489.cdnxiazai.com,Unknown
down04996423.cdnxiazai.com,Unknown
down04996412.cdnxiazai.com,Unknown
down04996322.cdnxiazai.com,Unknown
down04996321.cdnxiazai.com,Unknown
down04996232.cdnxiazai.com,Unknown
down04995952.cdnxiazai.com,Unknown
down04995674.cdnxiazai.com,Unknown
down04994369.cdnxiazai.com,Unknown
down04994344.cdnxiazai.com,Unknown
down04993533.cdnxiazai.com,Unknown
down04993458.cdnxiazai.com,Unknown
down04992327.cdnxiazai.com,Unknown
down04988385.xiazaijia.net,Unknown
down04988384.xiazaijia.net,Unknown
down04985517.xiazaijia.net,Unknown
down04985492.xiazaijia.net,Unknown
down04984930.xiazaijia.net,Unknown
down04984638.xiazaijia.net,Unknown
down04983499.xiazaijia.net,Unknown
down02.adkuai8.com,Unknown
down.zynet.pw,Unknown
down.znyshurufa.com,Unknown
down.zmnrz.com,Unknown
down.zmnds.com,Unknown
down.zhubijiao.com,Unknown
down.yxdfc.com,Unknown
down.ykt.cc,Unknown
down.yinyue.fm,Unknown
down.yeadesktop.com,Unknown
down.xunbaoyun.cn,Unknown
down.xrpdf.com,Unknown
down.xishuiw.com,Unknown
down.xiazai2.net,Unknown
down.xiaoxinrili.com,Unknown
down.wuyunjk.com,Unknown
down.wlds.net,Unknown
down.wiremesh-ap.com,Unknown
down.winsoft1.com,Unknown
down.wingsearch.co.kr,Unknown
down.win11xz.cn,Unknown
down.whphonesoft.com,Unknown
down.webbora.com,Unknown
down.wannianli365.com,Unknown
down.wallpaper-sp.com,Unknown
down.vcodec.co.kr,Unknown
down.utilgd.com,Unknown
down.upzxt.com,Unknown
down.unadnet.com.cn,Unknown
down.udvip.com,Unknown
down.tututool.com,Unknown
down.ttp2.cn,Unknown
down.ttp1.cn,Unknown
down.tth8.cn,Unknown
down.tth7.cn,Unknown
down.tt6786.com,Unknown
down.touming5.com,Unknown
down.topsadon.com,Unknown
down.toopc.com,Unknown
down.thessi.net,Unknown
down.tgjkbx.cn,Unknown
down.sxly518.xyz,Unknown
down.subshop.net,Unknown
down.stayhungrystayfoolishnothinggoldcanstaybyrobertfrost.com,Unknown
down.startools.co.kr,Unknown
down.softwo.net,Unknown
down.softlist.vgood.top,Unknown
down.softlist.tcroot.cn,Unknown
down.softlist.hyzmbz.com,Unknown
down.soft.yypdf.cn,Unknown
down.soft.ymw200.com,Unknown
down.soft.qswzayy.com,Unknown
down.soft.hyzmbz.com,Unknown
down.soft.6789.net,Unknown
down.smskb.com,Unknown
down.skitianchi.cn,Unknown
down.signkey.co.kr,Unknown
down.shmehao.com,Unknown
down.shg20.com,Unknown
down.searchlike.co.kr,Unknown
down.rsun.kr,Unknown
down.qq38.org,Unknown
down.qm188.com,Unknown
down.pzchao.com,Unknown
down.pwderd.com,Unknown
down.pruna.com,Unknown
down.pdflist.cqhbkjzx.com,Unknown
down.pdf.cqmjkjzx.com,Unknown
down.pccare.co.kr,Unknown
down.patchup.co.kr,Unknown
down.oo000oo.club,Unknown
down.official.pw,Unknown
down.nowdream.kr,Unknown
down.nood1e.cf,Unknown
down.nkeeper.co.kr,Unknown
down.niudaosy.com,Unknown
down.nishuoa.com,Unknown
down.my0709.xyz,Unknown
down.my0115.ru,Unknown
down.mmcywl.top,Unknown
down.luckytool.net,Unknown
down.luckyboy.cn,Unknown
down.loveddl.com,Unknown
down.list.sspwin.cn,Unknown
down.leyoucoc.cn,Unknown
down.lansedongli.com,Unknown
down.kuaixia.com,Unknown
down.ksxbyy.com,Unknown
down.klldddiso.xyz,Unknown
down.kingminer.club,Unknown
down.keywordinfo.co.kr,Unknown
down.keycast1.com,Unknown
down.kaidandll.com,Unknown
down.k2yonon.site,Unknown
down.jinheyihan.cn,Unknown
down.jianguogame.com,Unknown
down.internetboan.kr,Unknown
down.iconmania.co.kr,Unknown
down.iconm1.com,Unknown
down.ic5321.xyz,Unknown
down.hunlang.com,Unknown
down.hqol.com,Unknown
down.howcodec.co.kr,Unknown
down.honghuashe.com,Unknown
down.helpclean.co.kr,Unknown
down.hangame.co.kr,Unknown
down.guangsu.cn,Unknown
down.gooltoplay.com,Unknown
down.glzy8.com,Unknown
down.gamejaodijfljwoifj.win,Unknown
down.fjqkz.tw,Unknown
down.fhrili.com,Unknown
down.feiyang163.com,Unknown
down.fbkc.net,Unknown
down.fajdbpxl.cn,Unknown
down.ezoneclick.com,Unknown
down.ecubefile.com,Unknown
down.ecepmotor.com,Unknown
down.downloadforpl.com,Unknown
down.downholic.com,Unknown
down.down0116.info,Unknown
down.dowei.net,Unknown
down.dongdongyx.com,Unknown
down.dll-down.com,Unknown
down.dll-biu.com,Unknown
down.didiwl.com,Unknown
down.dd799aa.com,Unknown
down.ctosus.ru,Unknown
down.cshd.com,Unknown
down.cltz.cn,Unknown
down.cleanv.com,Unknown
down.chinadown.net,Unknown
down.chadown.com,Unknown
down.cdnxiazai.pw,Unknown
down.cacheoffer.tk,Unknown
down.biaoqingdou.com,Unknown
down.bb12.fun,Unknown
down.baopu.cc,Unknown
down.baidu2016.com,Unknown
down.aries-cheats.com,Unknown
down.aomeng.net,Unknown
down.ancamera.co.kr,Unknown
down.allkeytab.com,Unknown
down.aishu8.com,Unknown
down.aiqingzhihui.com,Unknown
down.ads9158.com,Unknown
down.admatching.co.kr,Unknown
down.9fs.com,Unknown
down.9apps.com,Unknown
down.987you.com,Unknown
down.95you.com,Unknown
down.90lou.com,Unknown
down.8zwan.com,Unknown
down.818wy.com,Unknown
down.6n7m.cn,Unknown
down.61haodian.com,Unknown
down.5igb.com,Unknown
down.54shubiao.com,Unknown
down.49wanwan.com,Unknown
down.263209.com,Unknown
down.21195.com,Unknown
down.0551fs.com,Unknown
down.054intn.cn,Unknown
down.053intn.cn,Unknown
down.051intn.cn,Unknown
down-sc.upanfile.com,Unknown
down-emumax.sf-dingdang.cn,Unknown
down-499.lylgjd.cn,Unknown
dow.luokeby.com,Unknown
dovo.vpeopleconsulting.com,Unknown
douxreveur3hd.comiaf21.com,Unknown
doutorled.eco.br,Unknown
douglascoffee-dev.communitysys.com,Unknown
doucments.igg.biz,Unknown
dotun.deeinteriors.com,Unknown
dotcoupons.mystoretoolbar.com,Unknown
dotap.dotdo.net,Unknown
dosya.kingspy.info,Unknown
dostsaravanh.gov.la,Unknown
dostmeraa.co.vu,Unknown
dorpk2sa2i.dayzcy3xae.madpendesign.com.au,Unknown
dorange1.media-toolbar.com,Unknown
dop.diversifiedwaterblasting.org,Unknown
doorgedaanuudenvuodenyn.ubertavern.com,Unknown
doom.matr.at,Unknown
donny.myradiotoolbar.com,Unknown
donna.com.hr,Unknown
dongja.booktobi.com,Unknown
dongbook.pgc.or.kr,Unknown
donduke.ucgalleries.com,Unknown
doncafe.dgbyeg.com,Unknown
donate.kingofglorychurch.tv,Unknown
donallendoes.dolabo.net,Unknown
domowe.star-kom.eu,Unknown
domcon.microtrendsoft.com,Unknown
domani.grol.ru,Unknown
domainzip.pettelhost.com,Unknown
domain.webkeyit.com,Unknown
domain.uyghuri.com,Unknown
domain.uncyc.com,Unknown
domain.politicaltargets.com,Unknown
domaen4u.mycitytoolbar.com,Unknown
dom.hmm201.com,Unknown
dolphin.snoke.de,Unknown
dolonki.ststs.xyz,Unknown
dolly.jescali.net,Unknown
dolls.elevensky.net,Unknown
dolibarr2.ph-prod.com,Unknown
dokucenter.optitime.de,Unknown
doktornswebshop.mystoretoolbar.com,Unknown
dokhol.1000space.com,Unknown
dogsbo.mystoretoolbar.com,Unknown
dogmans.hut4.ru,Unknown
doghousegamers.myteamtoolbar.com,Unknown
doge.gopetrom.com,Unknown
dog.halfbirthdayproducts.com,Unknown
dog.502ok.com,Unknown
dofeb.frenchgerlemanelectric.com,Unknown
dodecato.simulationmachine.com,Unknown
docusign.footprintschool.co.za,Unknown
docusign.dvviagens.com,Unknown
docusign.com.folders.lopeberripropiedades.cl,Unknown
docusign-irssigner.ggg-ia.com,Unknown
documetation.losecase.com,Unknown
documents.total-cloud.biz,Unknown
documents.intermedhx.com,Unknown
documents.com.anagifts.biz,Unknown
documentasao.aju.br,Unknown
document.wordsmithindia.in,Unknown
document.transactions.website,Unknown
document.pdf.kfunk.co.za,Unknown
document.oyareview-pdf-iso.webapps-securityt2jk39w92review.lold38388dkjs.us,Unknown
document.damnashcollege.edu.bd,Unknown
document-not-found.pornpic.org,Unknown
doctornauchebe.it-strategy.ru,Unknown
doctordradd.wm01.to,Unknown
docsiign.ladyofelegance.net,Unknown
docsign.libra.id,Unknown
docs.web-x.com.my,Unknown
docs.qualva.io,Unknown
docs.majorlinkers.com,Unknown
docs.internetdocss.com,Unknown
docs.haileyfunk.com,Unknown
docs.afakeartist.com,Unknown
docencia.giepafs.net,Unknown
doc.rendes.at,Unknown
doc.lookseedesign.ca,Unknown
doc.filetoong.com,Unknown
doc.doc.instruction.ukfrn.co.uk,Unknown
doc.dicin.at,Unknown
dobqi.vdxybm.biz,Unknown
dobavki-online.topdobavki.com,Unknown
do.time786.com,Unknown
do-porn-stars.fastredirect.com,Unknown
dnwswurowz.byinter.net,Unknown
dnv58.e168d498-6d6e-40fc-b95f-d51bf7189ce1.pw,Unknown
dntn-dsl-04-064.dunkerton.net,Unknown
dnsqa-m03.c644a3e76e438794c399ea1ccdb9206b.me,Unknown
dns2.smartnut.com,Unknown
dns1.cybercon.net,Unknown
dns1.bestwebhost.in,Unknown
dns04.pspvprovalencia.org,Unknown
dns03.pspvprovalencia.org,Unknown
dns02.pspvprovalencia.org,Unknown
dns01.pspvprovalencia.org,Unknown
dns.zuoerbusi.com,Unknown
dns.kingspy.info,Unknown
dns.hnbohui.com.cn,Unknown
dns.godaddydns.net,Unknown
dns.fq520000.com,Unknown
dns.eggdomain.net,Unknown
dns.cyp.com.tw,Unknown
dns.channelbeyond.com,Unknown
dns.alibuf.com,Unknown
dns.acidcrud.com,Unknown
dns.360antivirus.org,Unknown
dns.0pengl.com,Unknown
dnplugin.digitalnames.net,Unknown
dnn.alibuf.com,Unknown
dnld.runnerscryptos.top,Unknown
dnld.ironcustapps.com,Unknown
dnld.installcorecdn.com,Unknown
dnld.icdownloads.com,Unknown
dnld.iccustapps.com,Unknown
dnl.imtoolpack.com,Unknown
dncmdqhc.virtuegirls3.com,Unknown
dn2.smart-manager.co.kr,Unknown
dn.yourfiledownloader.com,Unknown
dn.windowsearch.co.kr,Unknown
dn.tcdbcc.com,Unknown
dn.speeddownload.kr,Unknown
dn.smartbrowser.co.kr,Unknown
dn.smart-manager.co.kr,Unknown
dn.livesearch.or.kr,Unknown
dn.gogogogo.top,Unknown
dn.exchange-ad.com,Unknown
dn.binsetup.com,Unknown
dn.alldrive.co.kr,Unknown
dn.adzerver.com,Unknown
dmtnwopw.innovation-lifecycle.com,Unknown
dmpbmzbmtr8c40a.jonesnewsletter.com,Unknown
dmlex.adlino.be,Unknown
dm.mlstat.com,Unknown
dlv.vspace.vn,Unknown
dls.xvidupdate.com,Unknown
dlq.ycpk.com,Unknown
dlp.playmediaplayer.com,Unknown
dlp.cloudbox40.com,Unknown
dlp.cloudbox01.com,Unknown
dlp.allfiles104.com,Unknown
dlm.tinert.com,Unknown
dlm.pannod.com,Unknown
dlm.nadolt.com,Unknown
dlm.edioge.com,Unknown
dlld.ucgalleries.com,Unknown
dll512.yourfiledownloader.org,Unknown
dll.pzchao.com,Unknown
dll.educhips.com,Unknown
dlj40s.jdanief.xyz,Unknown
dlfr.tuto4pc.com,Unknown
dlfile.systemkeeper02.com,Unknown
dlfile.systemkeeper01.com,Unknown
dle5.toanotherday.com,Unknown
dle5.growcommer.com,Unknown
dldvg-dbhp.chillfood.com,Unknown
dld.oinst02.eu,Unknown
dl9.spywarestrike.com,Unknown
dl82.y5load926.cf,Unknown
dl8.spywarestrike.com,Unknown
dl8.iq8download.com,Unknown
dl7.spywarestrike.com,Unknown
dl6.spywarestrike.com,Unknown
dl6.iq9download.com,Unknown
dl5.spywarestrike.com,Unknown
dl5.iq9download.com,Unknown
dl5.iq8download.com,Unknown
dl4.spywarestrike.com,Unknown
dl3.spywarestrike.com,Unknown
dl3.appzona.org,Unknown
dl255.dl.secure-dl19.pw,Unknown
dl2.teenpassage.com,Unknown
dl2.spywarestrike.com,Unknown
dl2.soft-lenta.ru,Unknown
dl2.premiumav.in,Unknown
dl2.jijivod.com,Unknown
dl2.iqdownload.com,Unknown
dl2.iq9download.com,Unknown
dl2.iq8download.com,Unknown
dl2.costmin.info,Unknown
dl2.cdn2-downloads.com,Unknown
dl2.aswk.net,Unknown
dl2.appzona.org,Unknown
dl15.j4vsoft956.ga,Unknown
dl13.myusb.ir,Unknown
dl1.y5load935.cf,Unknown
dl1.virusprotectpro.com,Unknown
dl1.spydawn.com,Unknown
dl1.sexmoby.ru,Unknown
dl1.mqego.com,Unknown
dl1.eayou.com,Unknown
dl1.apkun.com,Unknown
dl1.antivirgear.com,Unknown
dl1.antivermins.com,Unknown
dl01.fabdmr.com,Unknown
dl.zvu.com,Unknown
dl.zasuv.com,Unknown
dl.yesdownloads.com,Unknown
dl.xlfen.com,Unknown
dl.xetapp.us,Unknown
dl.xan-crack.me,Unknown
dl.x420.me,Unknown
dl.wasdmr.com,Unknown
dl.wanchihuo.com,Unknown
dl.volampk.net,Unknown
dl.vnduy.com,Unknown
dl.vatandownload.com,Unknown
dl.uvwcii.com,Unknown
dl.usquicksystools.club,Unknown
dl.usquickpcutils.xyz,Unknown
dl.uspctools.xyz,Unknown
dl.uspctools.live,Unknown
dl.unospeedyutils.live,Unknown
dl.unoadvanceutils.live,Unknown
dl.unifysmarttools.xyz,Unknown
dl.tvgenieapp.com,Unknown
dl.tunetoppctool.club,Unknown
dl.tunesystools.live,Unknown
dl.tunepctool.club,Unknown
dl.tunepcsoftutils.live,Unknown
dl.tunepcfast.xyz,Unknown
dl.thegreatfreedownloads.com,Unknown
dl.thefirstrowapp.com,Unknown
dl.techypctools.info,Unknown
dl.systkeeper.com,Unknown
dl.system-boost.pw,Unknown
dl.superpctools.icu,Unknown
dl.superpcdownload.net,Unknown
dl.suileyoo.com,Unknown
dl.speedysystls.xyz,Unknown
dl.softservers.net,Unknown
dl.softpzivrubajjui.com,Unknown
dl.skilledservers.net,Unknown
dl.sjsystools.xyz,Unknown
dl.sjpcutils.club,Unknown
dl.sfcdn.in,Unknown
dl.searchmgrf.com,Unknown
dl.sdmysystools.live,Unknown
dl.sdmysystools.club,Unknown
dl.safemonitorapp.com,Unknown
dl.repairlabshost.com,Unknown
dl.recordcheckerapp.com,Unknown
dl.quickcleaner.icu,Unknown
dl.quick-cleaner.icu,Unknown
dl.qbitsyspcboost.xyz,Unknown
dl.qbitpcutils.xyz,Unknown
dl.qbitpctools.live,Unknown
dl.qbitpcboost.xyz,Unknown
dl.qbitmypctools.club,Unknown
dl.qbitcleanpc.xyz,Unknown
dl.qbitcleanpc.club,Unknown
dl.pro.winzix.com,Unknown
dl.pifugj.net,Unknown
dl.pccleantools.net,Unknown
dl.pccleaner.pw,Unknown
dl.pcbooster.website,Unknown
dl.pcbooster.pw,Unknown
dl.pcbitsolutils.xyz,Unknown
dl.pc-booster.fun,Unknown
dl.pc-boost.pw,Unknown
dl.pc-boost.fun,Unknown
dl.ourgenstatsstorage.com,Unknown
dl.osysspeedutils.xyz,Unknown
dl.osysspeedutils.world,Unknown
dl.osysspeedutils.live,Unknown
dl.osysspeedtools.xyz,Unknown
dl.osysspeedtools.club,Unknown
dl.osyscleanutils.world,Unknown
dl.osyscleanutils.club,Unknown
dl.osyscleantools.world,Unknown
dl.osyscleantools.club,Unknown
dl.osysboostutils.live,Unknown
dl.osysboostutils.club,Unknown
dl.ossdown.fun,Unknown
dl.ospeedypcutils.xyz,Unknown
dl.ospeedypcutils.world,Unknown
dl.ospeedypcutils.live,Unknown
dl.optimize-tools.fun,Unknown
dl.optimize-system.icu,Unknown
dl.opcspeedutils.world,Unknown
dl.opcspeedutils.live,Unknown
dl.opcspeedutils.club,Unknown
dl.opcspeedtools.xyz,Unknown
dl.opcspeedtools.live,Unknown
dl.opcspeedtools.club,Unknown
dl.opccleanutils.xyz,Unknown
dl.opccleanutils.world,Unknown
dl.opccleanutils.live,Unknown
dl.opccleantools.xyz,Unknown
dl.opccleantools.club,Unknown
dl.opcboostutils.live,Unknown
dl.opcboostutils.club,Unknown
dl.opcboosttools.live,Unknown
dl.mydownspc.com,Unknown
dl.microsword.net,Unknown
dl.mcboo.com,Unknown
dl.malwarewipe.com,Unknown
dl.lordly.ir,Unknown
dl.lmrjxz.com,Unknown
dl.livefreeapps.com,Unknown
dl.kuaiwan.com,Unknown
dl.kieran.de,Unknown
dl.jyrili.com,Unknown
dl.jxhoainiem.com,Unknown
dl.jpsystools.live,Unknown
dl.jpsystemutils.xyz,Unknown
dl.jppctools.live,Unknown
dl.jisupdf.com,Unknown
dl.ixanity.ru,Unknown
dl.instant-cleaner.pw,Unknown
dl.instant-cleaner.icu,Unknown
dl.imht.ir,Unknown
dl.ilequ.net,Unknown
dl.ikiki.cn,Unknown
dl.hzkfgs.com,Unknown
dl.hui712.com,Unknown
dl.how7.net,Unknown
dl.heima8.com,Unknown
dl.gxjsxq.com,Unknown
dl.gameplaylabs.com,Unknown
dl.fixit-softhost.com,Unknown
dl.fanqianbb.net,Unknown
dl.faedmr.com,Unknown
dl.elevensky.net,Unknown
dl.electroecs.com,Unknown
dl.dpcpfw.com,Unknown
dl.downloadahceiduphoth.com,Unknown
dl.downf468.com,Unknown
dl.downe468.com,Unknown
dl.ddownload25.club,Unknown
dl.costmin.info,Unknown
dl.cl.com.ua,Unknown
dl.cjhdxz.com,Unknown
dl.bzgthg.com,Unknown
dl.bypass.network,Unknown
dl.bitssysutils.live,Unknown
dl.bitscleanuptools.xyz,Unknown
dl.bitashop.xyz,Unknown
dl.bia2mobile.com,Unknown
dl.bi-seda.ir,Unknown
dl.bestxiazai.com,Unknown
dl.bamenzhushou.com,Unknown
dl.autofixmymac.info,Unknown
dl.aspcutils.xyz,Unknown
dl.as7x.com,Unknown
dl.appzona.org,Unknown
dl.application98.ir,Unknown
dl.advancepc-care.pw,Unknown
dl.aasmartutils.club,Unknown
dl.aacleansystools.club,Unknown
dl.9365.info,Unknown
dl.52zy.com,Unknown
dl.2339.com,Unknown
dl.123juzi.net,Unknown
dkxgf.lauravideo.site,Unknown
dkwm.suwan.co.id,Unknown
dklmgdmadrasha.edu.bd,Unknown
dk1qic9pfi.indosweden.com,Unknown
dk.sexgamesbox.com,Unknown
djxmmh.xinhua800.cn,Unknown
djriver.myradiotoolbar.com,Unknown
djouvrethioot.forumjudicialmg.net,Unknown
djluckys.myradiotoolbar.com,Unknown
djerez.myforumtoolbar.com,Unknown
djefex.mytowntoolbar.com,Unknown
djdmtmrs.mollycolman.com,Unknown
djdj.k7physio.com,Unknown
djcalciums.myforumtoolbar.com,Unknown
djar.naicoo.com,Unknown
dj4love.myblogtoolbar.com,Unknown
dj.djm4ster.com,Unknown
dizzydan360.mystoretoolbar.com,Unknown
diy.share.45w.pw,Unknown
diwang.42t.com,Unknown
divaclub.myradiotoolbar.com,Unknown
ditto.arpa.org,Unknown
distinctfreight.co.zw,Unknown
dist.isearch.com,Unknown
dissalati208.apanorama.ws,Unknown
dispozicija.viamedia.ba,Unknown
dispopar.enrekangkab.go.id,Unknown
display.superbay.net,Unknown
disp.viamedia.ba,Unknown
discussionboards.myforumtoolbar.com,Unknown
discubamilldsha.reliantbuilding.com,Unknown
discriminate.blockey.ru,Unknown
discover.haroldwheen.com.au,Unknown
discover.dnsi.co.za,Unknown
discover.com.raroz.net,Unknown
discoed848.bestofpanorama.ws,Unknown
dirt.collarskin.party,Unknown
direktori.indonesianindustry.com,Unknown
direitoaverdade.nevusp.org,Unknown
directsales.biz.id,Unknown
directories.enstromstudios.com,Unknown
direct.quasir.info,Unknown
direct.proofads.co,Unknown
diplomatcom.repeat.cloud,Unknown
dintextile.dingroup.com.pk,Unknown
dinntrophy.englam.com.sg,Unknown
dinner.fr.am,Unknown
dineshnaidu.viralgalleries.me,Unknown
dinamo.media-toolbar.com,Unknown
dimc.edu.bd,Unknown
dimanit.lolkiss.info,Unknown
diman.landesigne.ru,Unknown
dill.orangessmoke.xyz,Unknown
dilarti.1free-host.com,Unknown
dilalpurhs.edu.bd,Unknown
digitalzone.wippiespace.com,Unknown
digitalmarketing.adscenter.edu.vn,Unknown
digitalimpactv2.dabdemo.com,Unknown
digitalcreation.mystoretoolbar.com,Unknown
digital2home.ecobz.xyz,Unknown
digital.syd.fr,Unknown
digital.hoard.com,Unknown
digital.hoai.org,Unknown
digital.etnasoft.eu,Unknown
digibook.photodeli.co.za,Unknown
digi2.digitalart.pl,Unknown
digdug.divxnetworks.com,Unknown
diffusion.agava.com,Unknown
differentmusiknonstopradio.media-toolbar.com,Unknown
diet.qsopht.com,Unknown
diendan.mu-songlong.com,Unknown
diendan.coitien.net,Unknown
die.hitat.win,Unknown
dictionnaire-le-petit-robert-2012-c-crack-serial.ddlzone.com,Unknown
dict.xmatiere.com,Unknown
dickhead.wm01.to,Unknown
dichvucuoi0f16.toannang.xyz,Unknown
dibujo.official.pw,Unknown
diaosu.mulanshouhui.com,Unknown
dianxin8.91tzy.com,Unknown
dianxin8.52zsoft.com,Unknown
diamondshieldconcrete.youcheckit.ca,Unknown
diamond.violet.la,Unknown
diamantes.myfamilytoolbar.com,Unknown
dialers.netcollex.net,Unknown
dialer.sponsorhispano.com,Unknown
dialer.eurodialer.com,Unknown
dialalover.mycitytoolbar.com,Unknown
diagnoza.pinzaru.ro,Unknown
di.aruh.ml,Unknown
dhxowhd01.tnaru.net,Unknown
dhnet.media-toolbar.com,Unknown
dhlworldwide.com.varifyaddress.process.scholleipn.org,Unknown
dhlparcel.southtoch.com,Unknown
dhlexpress.phoenixfirecheer.org,Unknown
dhl.elfath-engineering.com,Unknown
dhk64kcskwdx7orxtu4w.viomil.ro,Unknown
dhc2com.myforumtoolbar.com,Unknown
dharius.myblogtoolbar.com,Unknown
dhakasouthcity.gov.bd,Unknown
dh.3ayl.cn,Unknown
dgtth.sellmyjunkcardallas.com,Unknown
dgte5.vskiing.com,Unknown
dgs.pni-me.com,Unknown
dgiv7tmti39fkfyrf2gj.littlematchagirl.com.au,Unknown
dgf.telluridehike.com,Unknown
dgerea.prosperlawyer.com,Unknown
dgenuiservscrow.co.uk.micro36softoutlook17.mainesseproptscrillar.com,Unknown
dg5thrrj8f.sm1qrqaeri.madpendesign.com.au,Unknown
dg.gamebuffet.mobi,Unknown
dfzm.91756.cn,Unknown
dfwuvafk.leiquan.me,Unknown
dfsdf.desio-web.co.at,Unknown
dfsd.actfans.com,Unknown
dfs.ezdownloadpro.info,Unknown
dfs.9skm.com,Unknown
dfre43.ariesbizval.com,Unknown
dfr.soft2pc.com,Unknown
dfr.eorezo.com,Unknown
dfno3m7nblnvhst3evfq.littlematchagirl.com.au,Unknown
dfm02.dabdemo.com,Unknown
dfm.dabdemo.com,Unknown
dflash.pulsa.biz.id,Unknown
dfkkraftstoolbar.mystoretoolbar.com,Unknown
dfgtyh.ariesbusinessvaluation.com,Unknown
dfgtr65.ariesbusinessvaluationadviser.com,Unknown
dfgthy76.ariesbusinessvaluationadvisor.com,Unknown
dfgr.freecarpooling.com,Unknown
dfgh43.ariesbusinessvaluationadvisers.com,Unknown
dfg.webflea.net,Unknown
dfg.net-flea.net,Unknown
dfg.net-flea.com,Unknown
dfg.m22coastaltour.net,Unknown
dfg.dmiaindia.com,Unknown
dfg.boutiquedepro.net,Unknown
dfcf.91756.cn,Unknown
dfasghsd.zecotilss.bid,Unknown
deyv.rap4me.com,Unknown
dewu2.hp.lc,Unknown
dewa.lookseedesign.ca,Unknown
devv-c0nfr1m.verifikasion1.ga,Unknown
device.notification.site,Unknown
deverlop.familyhospital.vn,Unknown
developmentpress.co.zw,Unknown
development.susteen.nl,Unknown
development.code-art.ro,Unknown
developer.qbicblack.com,Unknown
developer.howevermuch.tk,Unknown
developer.cdn.com.kz,Unknown
developer-center67-fanfage00999.register09888.tk,Unknown
develop.prodevsolution.com,Unknown
develop.com.vc,Unknown
devel0per11.regisconfrim.cf,Unknown
devdanceperformance.theaterworld2000.com,Unknown
dev2.bullseyesaloon.com,Unknown
dev15.inserito.me,Unknown
dev1.redanchormedia.com,Unknown
dev1.onihost.pl,Unknown
dev03.codebuzzers.com,Unknown
dev01.project-staging.com,Unknown
dev01.europeanexperts.com,Unknown
dev.zodia-q.com,Unknown
dev.yajur.com,Unknown
dev.wrathofshadows.net,Unknown
dev.whatsyourcrunch.com,Unknown
dev.watershowbranson.com,Unknown
dev.vorum.com,Unknown
dev.validcheck.net,Unknown
dev.ulearn-online.ru,Unknown
dev.targetpoint.com,Unknown
dev.surreytoyotabodyshop.com,Unknown
dev.squeezy.ie,Unknown
dev.soletriangle.com,Unknown
dev.slamals.org,Unknown
dev.sitiotesting.lab.fluxit.com.ar,Unknown
dev.sigina.ro,Unknown
dev.seasonsbounty.com,Unknown
dev.searchthruster.com,Unknown
dev.pruna.com,Unknown
dev.pranaprojects.com,Unknown
dev.playcanales.com,Unknown
dev.peachybelts.co.uk,Unknown
dev.pathwaystopromise.org,Unknown
dev.pacificsymposium.org,Unknown
dev.orolatina.com,Unknown
dev.null.vg,Unknown
dev.no8.cc,Unknown
dev.nadoyiwrassre.com,Unknown
dev.multidimension.ro,Unknown
dev.mitzvah-store.com,Unknown
dev.microcravate.com,Unknown
dev.metallonova.hu,Unknown
dev.messymanager.com,Unknown
dev.maruemoinschere.fr,Unknown
dev.lowndespartnership.co.uk,Unknown
dev.klastcarpet.com,Unknown
dev.kevinscott.com.au,Unknown
dev.ivdm.co.in,Unknown
dev.interfusedcreative.com,Unknown
dev.illuminz.com,Unknown
dev.hartis.org,Unknown
dev.grow2max.com,Unknown
dev.graine-deveil.fr,Unknown
dev.git6.com,Unknown
dev.gentleman.kz,Unknown
dev.europeanexperts.com,Unknown
dev.ehay.ws.singin.it.dell.justinebarbarasalon.com,Unknown
dev.donclarkphotography.com,Unknown
dev.cscslacouronne.org,Unknown
dev.crtortosa.com,Unknown
dev.comstockcompanies.com,Unknown
dev.churchco-op.org,Unknown
dev.check-live.com,Unknown
dev.cak-host.com,Unknown
dev.blazedream.in,Unknown
dev.beverlyseip.ca,Unknown
dev.bassetlawscouts.org.uk,Unknown
dev.alaw.net,Unknown
dev-supoort00.regis-fanpageee-confirm.ml,Unknown
dev-crm-sodebo.dhm-it.fr,Unknown
deutsch.ircfast.com,Unknown
deutch.ircfast.com,Unknown
dety653.from-wv.com,Unknown
detroit-factoring-companies.transportationfactoringcompany.org,Unknown
detox.doctorgavrilov.ru,Unknown
detalhe.homersii.com.br,Unknown
details.ltunessupervisor.cnfg.ld.fixgoal.com,Unknown
details.information.center.security.interac.akunnet.com,Unknown
details.information.center.interac-support.akunnet.com,Unknown
details.aineroft.com,Unknown
desperate-housewives-s02e14.full.warez.crack.download.serial.new.easywarez.com,Unknown
desktoptoolbar.myfamilytoolbar.com,Unknown
desktop.swdsk.com,Unknown
desktop.dsksw.com,Unknown
desk4.123webdesignme.com,Unknown
desk.cmix.org,Unknown
desitunezradio.myradiotoolbar.com,Unknown
designwarez.racyspace.com,Unknown
designsforlesstoolbar.mystoretoolbar.com,Unknown
design.tommyjohnstudios.com,Unknown
design.mangoxl.com,Unknown
design.icube.ru,Unknown
design.e-target.biz,Unknown
design.darkheartonline.com,Unknown
design.basicdecor.vn,Unknown
design.3dstyle.in.ua,Unknown
descontos-dia-dos-namorados.com.br-selecao-brasileira.site,Unknown
descargas.hispazone.org,Unknown
descargar.traducegratis.com,Unknown
descargar.benjaminstrahs.com,Unknown
descargaflashplayer.msdwnld.com,Unknown
descarga.ares.com.es,Unknown
desc.gtasa-rp.com,Unknown
desbloqueio.ltau30appacesso.ml,Unknown
desbloqueio.itau20cadastramento.ml,Unknown
desarollo.migueltapiaycia.cl,Unknown
des.theportorangeconnection.net,Unknown
deroutinizue.matinkimiaco.com,Unknown
derooy.aanhangwagens.nl,Unknown
deroko.phearless.org,Unknown
derodehaan.media-toolbar.com,Unknown
deremate.pdns.cz,Unknown
der.kuai-go.com,Unknown
deputait-unobservantly.pizzadrones.be,Unknown
deposito.traffic-advance.net,Unknown
depositgift.chalany.com.au,Unknown
deposit-gift8424.style-el.com,Unknown
depo.indirbir.com,Unknown
depo.inddir.com,Unknown
depart.febriansptr.tk,Unknown
depari.sitoserver.com,Unknown
denttrade.com.kg,Unknown
dent.doctor-korchagina.ru,Unknown
dennows.media-toolbar.com,Unknown
denmark.kodersnkreators.com,Unknown
deniswe.denisehowells.com.au,Unknown
denise.mccdgm.net,Unknown
denia.xtronics.ch,Unknown
dendy.oshkoshrugby.org,Unknown
denapp.cn114115.com,Unknown
den.eorezo.com,Unknown
demojasdev.com-demo.site,Unknown
demofinance.binghana.com,Unknown
demoevents.criticalskillsboost.com,Unknown
democolliers.ingeniactivehosting.com,Unknown
demo5.ikantam.com,Unknown
demo5.gdlogic.gr,Unknown
demo3.ir-bi.ir,Unknown
demo3.icolor.vn,Unknown
demo23.msuperhosting.com,Unknown
demo2.triveni.us,Unknown
demo2.master-pro.biz,Unknown
demo2.devhub.pk,Unknown
demo2.bizidea.co.th,Unknown
demo2.000software.com,Unknown
demo15.versamall.com,Unknown
demo1.lineabove.com,Unknown
demo1.geniesoftsystem.com,Unknown
demo05.takacefox.com,Unknown
demo.zlanka.com,Unknown
demo.werkenbijnijland.nl,Unknown
demo.webline.ge,Unknown
demo.webgiare123.com,Unknown
demo.wearemedia.us,Unknown
demo.vgrish.ru,Unknown
demo.vertexinfo.in,Unknown
demo.urbandrulabs.com,Unknown
demo.tschulusa.com,Unknown
demo.travel4style.eu,Unknown
demo.themegate.com,Unknown
demo.testlabz.com,Unknown
demo.technowin.in,Unknown
demo.sinelnikds.ru,Unknown
demo.signgo.com,Unknown
demo.shispare.com,Unknown
demo.shenook.nl,Unknown
demo.satisnet.org,Unknown
demo.plazawebsite.com,Unknown
demo.plaster.ru,Unknown
demo.p-i.com.au,Unknown
demo.ovh.eu,Unknown
demo.minecraft.edu.vn,Unknown
demo.mestrosoft.tk,Unknown
demo.madadaw.com,Unknown
demo.ithreeweb.com,Unknown
demo.intop-web.com,Unknown
demo.gimixz.com.au,Unknown
demo.ghwchina.com,Unknown
demo.fishtime.com.ua,Unknown
demo.firefighterpreplan.com,Unknown
demo.farishtheme.ir,Unknown
demo.evsoft.pk,Unknown
demo.esoluz.com,Unknown
demo.elearningmonster.com,Unknown
demo.dsistemas.net,Unknown
demo.deleadesinalp.com,Unknown
demo.countrywidehomemortgagesloans.com,Unknown
demo.cloudjet.org,Unknown
demo.classconnect.cloud,Unknown
demo.chengcoach.com,Unknown
demo.bwdhpl.com,Unknown
demo.aydinemre.com,Unknown
demo.artificii.md,Unknown
demo.ahost5.ru,Unknown
demo.5v13.com,Unknown
demineur.hugames.fr,Unknown
demil1.byetcluster.com,Unknown
deluxeinternationalschool.co.zw,Unknown
deluxe.spy-kill.com,Unknown
deloitte.ligaempresarial.pt,Unknown
delivery1.yourmobapps.com,Unknown
delivery.thebloggernetwork.com,Unknown
delivery.loopingclick.com,Unknown
delivery.intelliius.us,Unknown
delivery-dev.thebloggernetwork.com,Unknown
delilahsblog.myblogtoolbar.com,Unknown
delicate.jsfinances.com,Unknown
delhi.indialist.com,Unknown
deletingmalware.spywareremovalguide.org,Unknown
deletenanocomplex.vojtechkocian.cz,Unknown
del.rsimponting.com,Unknown
dekranas.id.oceanimagine.com,Unknown
deineabobesttigungs.co.vu,Unknown
degree.poetsvrouw.com,Unknown
defensible.chanty.ru,Unknown
defendingtheland.n0va.net,Unknown
defender.veloz.com,Unknown
defcon.ha.cked.net,Unknown
deeper.myforumtoolbar.com,Unknown
deepanal.stoporn.net,Unknown
dedinfissi.pe.it,Unknown
dedicated.goofball.com,Unknown
decretasti186.mycurtesty.ws,Unknown
decordesignz.mystoretoolbar.com,Unknown
decorator.crabgrab.cl,Unknown
decide-pay.idclothing.com.au,Unknown
deceptionhacks.netforums.us,Unknown
dec.janssenphotography.net,Unknown
debug.blitware.com,Unknown
debloedmooieblondesecretaressepijpthaarbaasophetkantoor.blog-paradijs.com,Unknown
debit.wfmobile.world,Unknown
debility.adelgazar360.es,Unknown
dearlybeloved.mytowntoolbar.com,Unknown
deals.buxr.net,Unknown
dealer.lottoyayim.com,Unknown
dead-island-crack-serial.ddlzone.com,Unknown
de3oj6xhff.qvk3wd6psw.madpendesign.com.au,Unknown
de2nuvwegoo32oqv.torworks.li,Unknown
de2nuvwegoo32oqv.tortodorf.li,Unknown
de2nuvwegoo32oqv.tortelevision.li,Unknown
de2nuvwegoo32oqv.torspaces.li,Unknown
de2nuvwegoo32oqv.torminimals.li,Unknown
de2nuvwegoo32oqv.tormilki.li,Unknown
de2nuvwegoo32oqv.torfigth.li,Unknown
de2nuvwegoo32oqv.tordrims.li,Unknown
de2nuvwegoo32oqv.torbook.li,Unknown
de.thevoucherstop.com,Unknown
de.tenerifedining.com,Unknown
de.ssl-paypalservice.com,Unknown
de.shareware.pro,Unknown
de.redflushcasino.eu,Unknown
de.r4i-sdhc.com,Unknown
de.octofinder.com,Unknown
de.komtrack.com,Unknown
de.gooofull.com,Unknown
de.goofull.com,Unknown
de.forums.vivogames.com,Unknown
de.errorsafe.com,Unknown
de.drivecleaner.com,Unknown
de.drive-files-b.com,Unknown
de.creativ-team.eu,Unknown
de.a2ip.ru,Unknown
de-ssl.abteilung-prime.com,Unknown
de-payp.al-serviceguard.info,Unknown
ddup.kaijiaweishi.com,Unknown
ddrateam.myteamtoolbar.com,Unknown
ddos.93se.com,Unknown
ddnsovyzykmw08f8uivc.alfacomercial.com.br,Unknown
ddns.njegidi888.xyz,Unknown
ddns.catamosky.biz,Unknown
ddl.okyesmobi.com,Unknown
ddl.okgoodmobi.com,Unknown
ddl.crackarchive.com,Unknown
dde.de.drive-files-b.com,Unknown
ddd.po888.net,Unknown
ddd.gouwuke.cn,Unknown
ddasdeadmsilatmaiui.arlamooz.net,Unknown
dd7bsndhr45nfksdnkferfer.javakale.at,Unknown
dd.upqidong.com,Unknown
dd.jjruanjian.ltd,Unknown
dcww.dmcast.com,Unknown
dcsoftware.bannerless.com,Unknown
dcs.swiftnews.com,Unknown
dcppng.rania-style.com,Unknown
dcppng.paintballlingco.net,Unknown
dcppng.idolmovies.com,Unknown
dcpld.mylibrarytoolbar.com,Unknown
dcpl.chunav2019.com,Unknown
dcms.duzun.me,Unknown
dcm1.eim.ae.fulfillmentireland.ie,Unknown
dcm.hazren.com,Unknown
dck5h19edcevky0gdmkq.mbservicesyorkshire.co.uk,Unknown
dci.isgre.at,Unknown
dcdl.dmcast.com,Unknown
dcc.fllimorettinilegnaegiardini.it,Unknown
dc2n9.looler.com,Unknown
dc2n7.looler.com,Unknown
dc2n3.looler.com,Unknown
dc.p-mc.eu,Unknown
dc-bb9cd3fef904.playstationgame.tk,Unknown
dc-b66548ee.hostaawebsite.com,Unknown
dc-b5657bf1.hopewhitepages.com,Unknown
dc-a3d881eecce1.scoregetter.org,Unknown
dc-8882d5f21c96.andrewtek.ru,Unknown
dc-14aa6cc6.ibertecnica.es,Unknown
dc-0f166ad3c159.cindykubica.com,Unknown
dc-06185340eedf.vinotecataste.com,Unknown
dbtoolbar.mytowntoolbar.com,Unknown
dboynyz.pdns.cz,Unknown
dbc.t.dodovip.com,Unknown
dbam.dashbida.com,Unknown
db1.utopiad.com,Unknown
db.yourfuturebeginshere.com,Unknown
db.yellowstonebrewingcompany.com,Unknown
db.woodenboatgallery.com,Unknown
db.strawberryshakemovie.com,Unknown
db.stonyrundesign.com,Unknown
db.replayrink.com,Unknown
db.preciselysoftware.com,Unknown
db.pakkaussuunnittelu.com,Unknown
db.obimfresh.net,Unknown
db.nobuwrap.com,Unknown
db.jclbioassay.com,Unknown
db.icmeet.com,Unknown
db.honeycombbooks.net,Unknown
db.hivetastic.com,Unknown
db.glennwithrow.com,Unknown
db.flyingelephantstudios.com,Unknown
db.disruptivedrama.com,Unknown
db.digitalwizards.com,Unknown
db.catalinaappraisalservice.com,Unknown
db.boomer-angle.com,Unknown
db.bobwu.com,Unknown
db.avonbourne.com,Unknown
days.yourdrones.com,Unknown
dayou.sexdnspod.com,Unknown
dayna105.viralgalleries.me,Unknown
day.thesuccessfiles.com,Unknown
day.quarterservant.host,Unknown
day.mobilpornosex.com,Unknown
day.etherealenchantmenttt.com,Unknown
day.cracknews.com,Unknown
day.bitcoincardroom.com,Unknown
daxin5657.host.shuangxian.com,Unknown
dawnsworld.mysticalgateway.com,Unknown
davutpasha.myforumtoolbar.com,Unknown
davidj.richardson.name,Unknown
davidespace.myblogtoolbar.com,Unknown
dav.icocrowdsale.io,Unknown
dauertec.fez.com.br,Unknown
dating.majorwap.com,Unknown
dating.chat2me247.com,Unknown
date.xerz.net,Unknown
date.echanblardnext.org,Unknown
datas.virtuagirlhd.com,Unknown
datacenter.rwebhinda.com,Unknown
data6.trandssavers.com,Unknown
data1.videojelly.com,Unknown
data.vtc.pw,Unknown
data.vn-hax.vip,Unknown
data.vinacf.info,Unknown
data.softorama.com,Unknown
data.satita.net,Unknown
data.saleno1.idv.tw,Unknown
data.nanhai.cn,Unknown
data.mydownloadmanager.com,Unknown
data.mixplugin.com,Unknown
data.lovequintet.com,Unknown
data.hadgonetosleep.tk,Unknown
data.express-downloader.com,Unknown
data.espeedcheck.com,Unknown
data.deadlywind.com,Unknown
data.cybersearching.net,Unknown
data.countboy.com,Unknown
data.browseraccelerator.com,Unknown
data.bettersearchtools.com,Unknown
dat.2zzz.ru,Unknown
dasliveradio.myradiotoolbar.com,Unknown
dashboard.tracking202.com,Unknown
dashboard.stripe.verification.canowm.com,Unknown
dash.simplybackers.com,Unknown
dasdfsadf.f4m.kr,Unknown
darkneo2k4.myblogtoolbar.com,Unknown
darkmedia.devarts.pro,Unknown
darkangelonlinenl.myradiotoolbar.com,Unknown
dark.anonshell.com,Unknown
daqahliyah.proveittomefirst.com,Unknown
dapsseeds.pridesranch.nl,Unknown
dapmalaysia.myradiotoolbar.com,Unknown
dap.1919wan.com,Unknown
daoke.myblogtoolbar.com,Unknown
danzig.vtrbandaancha.net,Unknown
danysales.techchef.org,Unknown
dany.hyyttc.com,Unknown
danny.baxishop.ro,Unknown
danniivega-chaturbate.sexesporn.com,Unknown
daniel6536.pdns.cz,Unknown
dancinghandz.myfamilytoolbar.com,Unknown
danceperformance.theaterworld2000.com,Unknown
dancedonkeys.myradiotoolbar.com,Unknown
dan.fratean.ro,Unknown
dampfkochtopf-bisambont.pizzadrones.nl,Unknown
damnashcollege.edu.bd,Unknown
dammameast.tl4test.com,Unknown
damm.royalfootweardistrict.com,Unknown
damitfrau.m5t.de,Unknown
daisycrafts.mycitytoolbar.com,Unknown
daisy.jescali.net,Unknown
daiphatthanhsongtrendatmy.myradiotoolbar.com,Unknown
dailyvideo.securejoin.com,Unknown
dailyusa.viralgalleries.me,Unknown
dailyappz.play3w.com,Unknown
daili.icp100.com,Unknown
daedalus.dommel.be,Unknown
dadossolicitado-antendimento.sad879.mobi,Unknown
dadd.trustfundplc.com,Unknown
daco.nyccomputerconsulting.com,Unknown
dachshundsandpoodles.openmediasoft.com,Unknown
dachshund.openmediasoft.com,Unknown
dachbud.slask.pl,Unknown
dac.netbar.eu,Unknown
dabrowski.infogem.pl,Unknown
dabliceinfo.media-toolbar.com,Unknown
da3a9edfe0868555.secured.yahoo.com.wcgrants.com,Unknown
da.geracaotrict.com.br,Unknown
da.alibuf.com,Unknown
d9.99ddd.com,Unknown
d6.51mag.com,Unknown
d4uk.7h4uk.com,Unknown
d4arb.media-toolbar.com,Unknown
d4308.upd.lop.com,Unknown
d41.mshare.space,Unknown
d4014327.u90.jhmultiservices.com,Unknown
d4.sevas-s.com,Unknown
d4.cumshots.ws,Unknown
d4.buylequ.com,Unknown
d37.mshare.space,Unknown
d35.mshare.space,Unknown
d34fa.lasmeio.com,Unknown
d33.mshare.space,Unknown
d3.sevas-s.com,Unknown
d3.downshouji.cn,Unknown
d3.99ddd.com,Unknown
d2s.olympuswaymarketing.com,Unknown
d2s-lp1.olympuswaymarketing.com,Unknown
d277t39ai1224644.impressoxpz86371.com,Unknown
d21.mshare.space,Unknown
d2.xp922.com,Unknown
d2.sevas-s.com,Unknown
d2.httpuse.xyz,Unknown
d2.gotoproject.net,Unknown
d2.6down.net,Unknown
d188.kadingding.com,Unknown
d18.dopiao.net,Unknown
d15.mp3rocket.com,Unknown
d14.mshare.space,Unknown
d14.lxyes.cn,Unknown
d10656335.u29.c11.ixinstant.com,Unknown
d10.2020votekanye.com,Unknown
d1.xiusse.com,Unknown
d1.xiaolinzi.com,Unknown
d1.wanyxbox.com,Unknown
d1.toparcadehits.com,Unknown
d1.ourdev.cn,Unknown
d1.httpuse.xyz,Unknown
d1.ho00yn.at,Unknown
d1.gulujie.com,Unknown
d1.gamersky.net,Unknown
d1.game333.net,Unknown
d1.downshouji.cn,Unknown
d1.bhdoh.cn,Unknown
d1.arcadegiant.com,Unknown
d1.97you.net,Unknown
d0j8l.sa171.com,Unknown
d04.data39.helldata.com,Unknown
d.zombienewsapp.com,Unknown
d.zeroredirect2.com,Unknown
d.zeroredirect.com,Unknown
d.yougotunfriended.com,Unknown
d.yougotunfollowed.com,Unknown
d.yangmarket.com,Unknown
d.xinyihaibo.com,Unknown
d.xiamisoft.com,Unknown
d.wo7f.com,Unknown
d.webshieldonline.com,Unknown
d.wanyouxi7.com,Unknown
d.w5w5.info,Unknown
d.videodimmertool.com,Unknown
d.unfriendapp.com,Unknown
d.u7pk.cn,Unknown
d.tvgenieapp.com,Unknown
d.tushiwang.com,Unknown
d.trusted-installer.com,Unknown
d.trackstormalert.com,Unknown
d.trackhealthalert.com,Unknown
d.trackbreakingnews.com,Unknown
d.thewebguard.com,Unknown
d.theimagebook.com,Unknown
d.swamigames.com,Unknown
d.srui.cn,Unknown
d.speedyhashstation.com,Unknown
d.soft.zdzyfx.cn,Unknown
d.socialreviewer.com,Unknown
d.sidejet.com,Unknown
d.sevas-s.com,Unknown
d.searchdonkeyapp.com,Unknown
d.searchdealsapp.com,Unknown
d.safewebonline.com,Unknown
d.safemonitorapp.com,Unknown
d.rom168.com,Unknown
d.qq66699.com,Unknown
d.pullupdate.com,Unknown
d.playjewelquestgame.com,Unknown
d.playjewelquest.com,Unknown
d.playdisasteroids.com,Unknown
d.playblasteroids.com,Unknown
d.plants-vs-zombies-game.com,Unknown
d.pbipkierrqom.life,Unknown
d.onlinemoviewizard.com,Unknown
d.oix.com,Unknown
d.nq1995.cn,Unknown
d.moviemasterapp.com,Unknown
d.mobiusradio.com,Unknown
d.makswells.com,Unknown
d.m3.net,Unknown
d.learn2fly2.com,Unknown
d.kuai-go.com,Unknown
d.instashareonline.com,Unknown
d.info525.com,Unknown
d.img001.com,Unknown
d.hz21.com,Unknown
d.hl852.com,Unknown
d.heinote.com,Unknown
d.gy7n.com,Unknown
d.gutousoft.com,Unknown
d.gruvvin.com,Unknown
d.getspeedbrowserp.com,Unknown
d.getspeedbrowser.com,Unknown
d.getsharethis.com,Unknown
d.getsecurityalert.com,Unknown
d.freevideoconverterapp.com,Unknown
d.freepacmandownload.com,Unknown
d.firmapplication.com,Unknown
d.crackedearth.com,Unknown
d.chicg.com,Unknown
d.aloxx.com,Unknown
d.abnad.net,Unknown
d.93se.com,Unknown
d.91soyo.com,Unknown
d.50qyy.com,Unknown
d.3600d.com,Unknown
d.189rmb.com,Unknown
d-tran.cande.biz,Unknown
d-r.barefootwine.ca,Unknown
czsl.91756.cn,Unknown
czjrhhpnigalslkpztv1.viomil.ro,Unknown
czepek-v1.2do-digital-vorschau.de,Unknown
cz15.co.vu,Unknown
cz.sisalfnous.online,Unknown
cyswlj.b121.53dns.com,Unknown
cylm.jh56.cn,Unknown
cycy.mqego.com,Unknown
cyclonedieselpower.c13.hesecure.com,Unknown
cybermasta.mytowntoolbar.com,Unknown
cyberjeunes.myradiotoolbar.com,Unknown
cybereddiesgreektechland.myblogtoolbar.com,Unknown
cybercafe.alexchild.net,Unknown
cyareview-document.pdf-iso.webapps-security.review-2jk39w92.gymwiso.gq.sonicwl.ml,Unknown
cy-cy.snprobbx.pbz.r.de.a2ip.ru,Unknown
cxzvw.lnkredirect.com,Unknown
cxzv.hdmy.com.cn,Unknown
cxzeasdb.lnkredirect.com,Unknown
cxwthqm5i0iplki1smyd.maherstcottage.com.au,Unknown
cxv.cyber-flea.org,Unknown
cxradiowebradiogamers.myradiotoolbar.com,Unknown
cxpixel.bidsystem.com,Unknown
cxp888.sitegoz.com,Unknown
cxcw5naj81aoyydamzzw.littlematchagirl.com.au,Unknown
cx1.myforumtoolbar.com,Unknown
cx.zzfllbglsh.com,Unknown
cx.6688sc.com,Unknown
cwdow.down.hblianyang.cn,Unknown
cwag.saqibsiddiqui.com,Unknown
cw0uzqfzmw61gslwho75.maherstcottage.com.au,Unknown
cvfdlhj.mi-website.es,Unknown
cvfc.loyaltytoolbar.com,Unknown
cvety.lcetech.fr,Unknown
cutrag.co.zw,Unknown
cutegirls.ucgalleries.com,Unknown
cute.devil.tokyo,Unknown
custsecureapps-verifuser-sessionid136284953er.qdts-uiz.com,Unknown
customplasticbags.logosendiri.com,Unknown
customerservice.myblogtoolbar.com,Unknown
customers.delvecchiopastafresca.com,Unknown
customers.creditcardverifchantika.net,Unknown
customers.breastandbodyguidemd.com,Unknown
customer.support.paypa-ie.istanbulva.org,Unknown
customer.spanetworks.com,Unknown
customer.ppl.support.update.nzimmigrationhub.co.nz,Unknown
customer-service.prefeituranamao.com.br,Unknown
customer-service-help-webapps.bounze.in,Unknown
curtain.web69.ir,Unknown
cursos.feyda.net,Unknown
cursos.academiahispanadepnl.com,Unknown
curepipe.zezivrezom.org,Unknown
cure.wfbank.pro,Unknown
curacao.memento-vivi.com,Unknown
cups.rutda.ru,Unknown
cup.enkido.org,Unknown
cunninghams.agentsbydesign.com.au,Unknown
cunl7.brain-garde.pw,Unknown
cumshot.gold10.com,Unknown
cumberlandlibrary.mylibrarytoolbar.com,Unknown
cumbbeje.khanelectricco.com,Unknown
cultureinntoolbar.myblogtoolbar.com,Unknown
culturaenlaonda.myblogtoolbar.com,Unknown
culiber.mansio.ru,Unknown
cuisinemarocaine.media-toolbar.com,Unknown
cugz.sjworks.net,Unknown
cueo.igg.biz,Unknown
cue.urbanoexpress.com.ec,Unknown
cucina.piemonte.net,Unknown
cubook.supernew.org,Unknown
ctv.whpx8.com,Unknown
cttbo5q3atjjs5odzozr.littlematchagirl.com.au,Unknown
cts.180solutions.com,Unknown
ctgjzaq2y6hmveiimqzv.glamxpress.co.uk,Unknown
ctgb-a.portalserver.nl,Unknown
ctet.testlabz.com,Unknown
ctdemo1.ruebrick.com,Unknown
ct8413.mystoretoolbar.com,Unknown
ct5141.mylibrarytoolbar.com,Unknown
ct3297947.greattoolbars.com,Unknown
ct30941.mylibrarytoolbar.com,Unknown
ct26993.myblogtoolbar.com,Unknown
ct.verticalhealth.net,Unknown
ct.3333se.com,Unknown
cstg.saveopenspacedallas.org,Unknown
cstectrain.infotec-carestreamdental.com,Unknown
css.viens.la,Unknown
csmail.iggcn.com,Unknown
csm90-en.url.trendmicro.comsug.myappzcenter.com,Unknown
csliu2.inetfile.org,Unknown
csliu.inetfile.org,Unknown
csharp.simpleserial.com,Unknown
cshacks.41m.com,Unknown
csalamade.szunyi.com,Unknown
csagov.jinanyuz.com,Unknown
cs2d.gooofull.com,Unknown
cs.wrz.net,Unknown
cs.sexcounter.com,Unknown
cs.exposedontape.com,Unknown
cs.celebbusters.com,Unknown
cs.0756idc.com,Unknown
cs-skiluj.sanfre.eu,Unknown
cs-cheats.pexiweb.be,Unknown
crystalresource.media-toolbar.com,Unknown
cryptofenianargentynse.pizzadrone.be,Unknown
cryptoads.cfc.io,Unknown
crx.softadstech.com,Unknown
crushus-s6.open.tips,Unknown
crushus-s5.open.tips,Unknown
crushus-s3.open.tips,Unknown
crsrl.erufa.com,Unknown
crosee.iprevert.com,Unknown
crops.dunight.eu,Unknown
cronos.niksma.ru,Unknown
crohack.phpbbsite.com,Unknown
cro.bestseedtodo.xyz,Unknown
crmtest.masirsamaneh.ir,Unknown
crm.rgblogic.com,Unknown
crm.redplummholdings.com,Unknown
crm.pascalcomputer.net,Unknown
crm.pandoravietnam.com,Unknown
crm.optexgrouplimited.com,Unknown
crm.mydealeradvertising.com,Unknown
crm.marscomputers.nl,Unknown
crm.konda.com.cn,Unknown
crm.intraports.com,Unknown
crm.hiphotels.com.br,Unknown
crm.czest.pl,Unknown
crm.ciseonweb.it,Unknown
crm.ccft-fcok.cz,Unknown
crm.bbsfood.nl,Unknown
crm.aaditech.com,Unknown
crkzzz.erufa.com,Unknown
critical-failure7084.14tq87569526.dropped-vwqm1.win,Unknown
critical-failure4837.91xc16684387.firewall-issue-uk719.bid,Unknown
critical-failure2095.11tv11998219.firewall-issue-uk719.bid,Unknown
critical-error2844.02ti22984780.firewall-block-4brfh.review.activetwoerror.xyz,Unknown
cribis-cz.utdigit.com,Unknown
cretiveyoc.critghxizinpeg.com,Unknown
crest.savestoo.com,Unknown
creme21new.web-previews.de,Unknown
creditsuisse.ch.whatsappinc.my,Unknown
creditmutuel.fr-87.draytongossip.com,Unknown
creditburner.blueadvertise.com,Unknown
credit.fallen-phoenix.com,Unknown
credit-card.message27.com,Unknown
credipoluj.3000mb.com,Unknown
credencialesco.thatwasobvious.me,Unknown
creativos.ads.uigc.net,Unknown
creatives.summitconnect.co.uk,Unknown
creatives.adbetclickin.pink,Unknown
creative.paypopup.com,Unknown
creative.adsrevenue.com,Unknown
create.guitarchange.site,Unknown
creams.makeforum.eu,Unknown
crazylolitas.dorki.info,Unknown
crazyhack.abclan.com,Unknown
crazycars1.viralgalleries.me,Unknown
crazebar.myradiotoolbar.com,Unknown
craze.searchbooks.xyz,Unknown
craigslist.automade.net,Unknown
craigslist.account.verification.topmcf.com,Unknown
crafts.from-ky.com,Unknown
cracks.zoeksite.nl,Unknown
crack.skidrow-scene.net,Unknown
crack.full.download.warez.rapidshare.powerddl.com,Unknown
crack.crackfound.com,Unknown
crack-photoshine.ojolink.fr,Unknown
cr1ps.ucgalleries.com,Unknown
cr173.down.123ch.cn,Unknown
cr.allweis.com,Unknown
cpsess6461140722dfl4555lopdo.olutss.com,Unknown
cproductions.mylibrarytoolbar.com,Unknown
cpradof.darkwebrepo.gq,Unknown
cpporc.ins-styler.com,Unknown
cpporc.dmachined.com,Unknown
cpp4u.vojtechkocian.cz,Unknown
cparts.imp-gouvs.com,Unknown
cparts.asouchose-espaceclients.com,Unknown
cpanel.ioshelp1.club,Unknown
cpanel.com-windows-repairing-systems.live,Unknown
cpanel.com-windows-repairing-system.live,Unknown
cpanel.com-windows-repair-systems.live,Unknown
cpanel.com-windows-fixing-systems.live,Unknown
cpanel.com-windows-fasting-systems.live,Unknown
cpanel.com-windows-fast-systems.live,Unknown
cpanel.com-windows-cleaning-systems.live,Unknown
cpanel.com-speed-pc.live,Unknown
cpanel.com-speed-macos.live,Unknown
cpanel.com-scan.live,Unknown
cpanel.com-scan-systems.live,Unknown
cpanel.com-repair.live,Unknown
cpanel.com-optimize.live,Unknown
cpanel.com-macos-fast-systems.live,Unknown
cpanel.com-fastest-pc.live,Unknown
cpanel.com-faster-systems.live,Unknown
cpanel.com-faster-pc.live,Unknown
cpanel.com-fast-pc.live,Unknown
cpanel.com-cleaning-windows-system.live,Unknown
cpanel.com-cleaning-systems.live,Unknown
cpanel.com-cleaning-os.live,Unknown
cpanel.com-cleaner-systems.live,Unknown
cpanel.com-cleaner-pc.live,Unknown
cpajump.centenr.com,Unknown
cp365760.yuandahengmei.cn,Unknown
cp.tuguu.com,Unknown
cp.smstelecom.info,Unknown
cp.nicdls.com,Unknown
cp.heihachi.net,Unknown
cp.ah-ha.com,Unknown
coykovski.myradiotoolbar.com,Unknown
cow.gutterheaters.org,Unknown
cover.proxenoshotel.com,Unknown
covai.stallioni.in,Unknown
courses.frp-vessel.com,Unknown
course.the-interview-academy.com,Unknown
couples.junophoto.com,Unknown
countryx.mypaypalsummary.resolvedproblem.co-jp-7s26d3l9g5kw2f6206-35g47e8kbt3.com,Unknown
countryhome.dmw123.com,Unknown
counterspy-antispyware.ojolink.fr,Unknown
counterspy-antimalware.ojolink.fr,Unknown
counter.xxxcool.com,Unknown
counter.web-marketolog.ru,Unknown
counter.surfcounters.com,Unknown
counter.ok.ee,Unknown
counter.nope.dk,Unknown
counter.internet.ge,Unknown
counter.hackers.lv,Unknown
counter.clubnet.ro,Unknown
counter.avp2000.com,Unknown
counter.advancewebhosting.com,Unknown
counter.adultcheck.com,Unknown
counter-1.adscounter.com.ua,Unknown
count.paycounter.com,Unknown
count.hitscount.net,Unknown
cotton.developmentpaper.date,Unknown
costumer.bravenjink3440webhelpingus.com,Unknown
costumer.begalmalamjeh3435helpingcenter.com,Unknown
costumer-support.piringpecahweb394helpingus.com,Unknown
costikh.wm01.to,Unknown
cosmos.furnipict.com,Unknown
cosmos.felago.es,Unknown
cosmetics.bluelighthosting.com,Unknown
cosale.peluqueriacaninamorocha.cl,Unknown
corzz.pcloadletter.quhu.info,Unknown
corvina.kodaly-inst.hu,Unknown
corroshield.estb.com.sg,Unknown
corriedales.woolever.com,Unknown
correo.masousa.com,Unknown
correo.kable.cl,Unknown
correiomsgscombr.sitebr.net,Unknown
corptechservices.com.au.onlinesecuredocumentdocumentviewaccount.com.corptachservices.com,Unknown
corporate.landlautomotive.co.uk,Unknown
corployalty.it-strategy.ru,Unknown
corp.electronic-city.com,Unknown
corksat.mystoretoolbar.com,Unknown
coreserv.pixelsco.com,Unknown
coreg.flashtrack.net,Unknown
corecarme.mystoretoolbar.com,Unknown
core.cnboal.at,Unknown
coquin.sexshopsexe.com,Unknown
copyandpaste.openmediasoft.com,Unknown
copy.sportsreda.ru,Unknown
coopersam.coop.py,Unknown
cooperlzh.liondrive.com,Unknown
coop.webforce.es,Unknown
coolzinx.myradiotoolbar.com,Unknown
coolvuurwerk.myblogtoolbar.com,Unknown
coolmp3ro.media-toolbar.com,Unknown
coolfiles.toget.com.tw,Unknown
coolboyzngirlz.myforumtoolbar.com,Unknown
cool.kingdomplugin.nl,Unknown
cool-search.netfartpost.com,Unknown
cookingcuban.myblogtoolbar.com,Unknown
convertxtodvd.full.warez.crack.download.serial.new.easywarez.com,Unknown
converterguru-lp.olympuswaymarketing.com,Unknown
converterguru-api.olympuswaymarketing.com,Unknown
controlenter.bikeandcarprice.com,Unknown
contour.isthebe.st,Unknown
continue-to-notification-facebook.com.maleeltd.com,Unknown
conteudo.acaogerencial.com.br,Unknown
conteorapido.plataformamunicipal.mx,Unknown
contentview.rtbb.co.uk,Unknown
contents.sex-explorer.com,Unknown
content02.atrafficreseller.co,Unknown
content.seerealgirls.com,Unknown
content.markdutchinc.com,Unknown
content.liveuniverse.com,Unknown
content.joinaxxess.com,Unknown
content.ireit.com,Unknown
content.iconadserver.com,Unknown
content.dollarrevenue.com,Unknown
content-ads.impactengine.com,Unknown
contatti.citroenrubini.com,Unknown
contagion.keshmuney.com,Unknown
contactus.capshoreassetmanagement.com,Unknown
contactresolved.summaryhelpserv.com,Unknown
contact-support.mnacircle.com,Unknown
consumentenupdate.vernieuwingonline.nl,Unknown
consulta.acessoinativo.com,Unknown
consult.voiceovar.us,Unknown
consult.overrvoice.us,Unknown
constitutionality-teen.apartvd.xyz,Unknown
considered.fdns.uk,Unknown
conserpa.vtrbandaancha.net,Unknown
conquer.wybconsultores.cl,Unknown
conpoder.myradiotoolbar.com,Unknown
connecteur.apps-dev.fr,Unknown
connect.securelauthlogin.dolpresent-origin.cobllob.cons.maiamotos.com.br,Unknown
connect.secure.wellsfargo.com.denotesoft.com,Unknown
connect.secure.wellsfargo.com.auth.login.present.origin.coberror.yeslob.consdestination.accountsummary.fortunepress.com.au,Unknown
connect.secure.vdr35.com,Unknown
connect.secure.service.redirects.website,Unknown
connect.secure.service.insurances.click,Unknown
connect.rotoraces.com,Unknown
connect.purpletalk.com,Unknown
connect.f1call.com,Unknown
connect.clevelandskin.com,Unknown
congres2017.amsr.ma,Unknown
congratulazioni.random-giveaway.com,Unknown
congratulations.travelengine.net,Unknown
congiao.giaiphapgym.com,Unknown
confrimascion98.helpfanspagea.gq,Unknown
confrim-regis232.d3v-fanpag3.ml,Unknown
confirmesion012.support20.ga,Unknown
confirmations-account-informations.artrangerart.com,Unknown
confirmation.tps3a2f2fm2facc0unt2fa.verificatio.secuce.dolowcp.com,Unknown
confirmation-your-account.confirmation-your-account.ezpcestimator.com,Unknown
confirm.sms.code.customers-wfb.xyz,Unknown
confirm.jamescsi.com,Unknown
confirm.identity.secure.login.wfmobile.review,Unknown
confirm.hotelumroh.com,Unknown
confirm.bigbuoy.net,Unknown
confirm.authenticate.devices.bankwf.review,Unknown
confirm.authenticate.device.secure.wfbank.pro,Unknown
confirm.authenticate.device.secure.wfbank.loan,Unknown
confirm.authenticate.device.bankwf.review,Unknown
confirm-your-account.practikamujeronline.com.ar,Unknown
confirm-your-account.information.pedelectric.com.au,Unknown
confirm-your-account-customers.adssol.in,Unknown
confirm-chase.geoware-online.com,Unknown
confirm-amzn-account-verifyonline-inc-now.demetkentsitesi.com,Unknown
confirm-amaz-online-sigin-account.aminclog.com,Unknown
confirimmme.aspire-fanpage98.tk,Unknown
configuurationn.maison-mesmeric.com,Unknown
configurationss.jdg.arq.br,Unknown
configuration.ismailknit.com,Unknown
configuraation.altavistabastos.com.br,Unknown
config.yypdf.cn,Unknown
config.younoteba.top,Unknown
config.ymw200.com,Unknown
config.yeadesktop.com,Unknown
config.wwmhdq.com,Unknown
config.wulishow.top,Unknown
config.shopperreports.com,Unknown
config.poweredbyadvantage.com,Unknown
config.myloglist.top,Unknown
config.myjhxl.com,Unknown
config.mpcloudcollection.website,Unknown
config.kuaisousou.top,Unknown
config.cqmjkjzx.com,Unknown
config.cqhbkjzx.com,Unknown
config.clickpotato.tv,Unknown
config.180solutions.com,Unknown
config.100voip.com,Unknown
config.0551fs.com,Unknown
conffiguration.youthempire.com,Unknown
conferenciaprofetica2020.clamor.com.br,Unknown
conference.meira.me,Unknown
confcommercio.sassari.it,Unknown
conf.searchmyrequest.com,Unknown
conecta.aliz.com.br,Unknown
cond.ib-a.ru,Unknown
concordia.knurow.biz,Unknown
concluding.vanillanyn.xyz,Unknown
concernant-votre-remboursementimpots.releve-formu.com,Unknown
concede.fmtlib.net,Unknown
con1.sometimesfree.biz,Unknown
comunidadefotos.qipim.ru,Unknown
comunidad.proyectolatin.org,Unknown
comune.viggianello.pz.it,Unknown
comune.sanpietroaltanagro.sa.it,Unknown
comune.perosaargentina.to.it,Unknown
computerquestions.on.nimp.org,Unknown
computernama.ownsthis.com,Unknown
computerinformation.myblogtoolbar.com,Unknown
computerhelptb.media-toolbar.com,Unknown
computer.goyalsonline.com,Unknown
compurent.boostlocal.vegas,Unknown
comprepair.mystoretoolbar.com,Unknown
composit.vtrbandaancha.net,Unknown
composed.igg.biz,Unknown
components.technologymindz.com,Unknown
complain.viratbharat.com,Unknown
competing.igg.biz,Unknown
company.aozora.nagoya,Unknown
compactiongames.gameaholic.com,Unknown
comp.thedisneygroup.org,Unknown
comon.monlineserviceplc.com,Unknown
comodo-internet-security.ojolink.fr,Unknown
community.tripy.eu,Unknown
community.simraceway.com,Unknown
community.derbiz.com,Unknown
commonwewalth.com.au.schoellershop.com,Unknown
commonwealth.com.ablageblatt.de,Unknown
common.pointview.tk,Unknown
commerce.liftedsolutions.com,Unknown
comments.hmmagic.com,Unknown
commbank.com.au.suehadow.co.uk,Unknown
commbank.com.au.mietraumverwaltung.de,Unknown
command.adservs.com,Unknown
come.northtexasreia.com,Unknown
combinatorial.respection.ru,Unknown
com.webapps-cgi-bin-limitedaccount.com,Unknown
com.together-health.info,Unknown
com.crutkes.cf,Unknown
com.auto-redirect.myapps.web-account.recovery-email.security.wholeimport.com,Unknown
com-user.accountupdate.logon.bangladeshclothing.com,Unknown
com-manage.account-access.managed-api.idrecover-account.com,Unknown
com-login-ksakdosbcgi.spgtwdev.com,Unknown
colour.of.girls.is.violet.la,Unknown
coloradostateuniversitylibraries.mylibrarytoolbar.com,Unknown
colombo.existaya.com,Unknown
collegeoftherapistsandclinicians.mycollegetoolbar.com,Unknown
collegeboysgay.just404.com,Unknown
collector.deepmetrix.com,Unknown
collectania.dev.tuut.com.br,Unknown
colewortsjedile1.haubold.ws,Unknown
coldservmail.coldserv.com,Unknown
coinbase.aa-gg.com,Unknown
coex.blueadvertise.com,Unknown
coding.1100011.ir,Unknown
codetrampos.energia.ws,Unknown
codepackjav.foutrirewio.com,Unknown
codepackjav.fotirretrimo.com,Unknown
codepackjav.foratirewoid.com,Unknown
codepackjav.fopjutrirelad.com,Unknown
codepackjav.fkiloredibo.com,Unknown
codepackjav.fjotraredimwa.com,Unknown
codepackjav.figloreglasxu.com,Unknown
codepackjav.fackidremioso.com,Unknown
codemag.media-toolbar.com,Unknown
codecpack.fotirretrimo.com,Unknown
codecpack.flosadireflis.com,Unknown
codecpack.fiworatereuy.com,Unknown
codecpack.firedlopbura.com,Unknown
codecpack.figloreglasxu.com,Unknown
codecpack.fdatiroremyxo.com,Unknown
codec.ninoa.com,Unknown
code.popup2m.com,Unknown
code.blaztech.gdn,Unknown
code.blablateka.com,Unknown
coco.sodexoa.com,Unknown
cochack.extafiles.com,Unknown
coca-cola.com-gratuito.win,Unknown
coaha.frenchgerlemanelectric.com,Unknown
co.houseoftara.com,Unknown
co.at.vc,Unknown
cntr.adrime.com,Unknown
cntb.express-files.com,Unknown
cntb.express-downloader.com,Unknown
cnt2.express-files.com,Unknown
cnt.rate.ru,Unknown
cnnic.qc.cx,Unknown
cnnic.ht.cx,Unknown
cnnic.ch.ma,Unknown
cnlt.jj55.com,Unknown
cnlt.55015.com,Unknown
cnghs.edu.bd,Unknown
cng.advertmedias.com,Unknown
cnfg.toolbarservices.com,Unknown
cnetfinderde.media-toolbar.com,Unknown
cnddbkgv.leiquan.me,Unknown
cnd.msdwnld.com,Unknown
cnc.teammalefic.pw,Unknown
cnc.nahhbruh.info,Unknown
cnc.junoland.xyz,Unknown
cnc.hackurbotnet.cf,Unknown
cnc.flexsecurity.xyz,Unknown
cnc.arm7plz.xyz,Unknown
cn.ukulele-mall.com,Unknown
cn.tazhua.com,Unknown
cn.brokerforum.hk,Unknown
cn.amfib.at,Unknown
cmvvrh4252544019.wshowzki.space,Unknown
cmvvrh4252544019.wshowxte.site,Unknown
cmvvrh4252544019.wshowuk.pw,Unknown
cmvvrh4252544019.wshowlw.club,Unknown
cmvvrh4252544019.wshowkdy.xyz,Unknown
cmvvrh4252544019.wshowbka.fun,Unknown
cmvvrh4252544019.gameofthrones06.xyz,Unknown
cmvvrh4252544019.gameofthrones04.fun,Unknown
cmvvrh4252544019.gameofthrones01.website,Unknown
cms.stylefish.co.kr,Unknown
cms.masukcloud.in,Unknown
cms.insviluppo.net,Unknown
cms.ghs-schachundkulturstiftung.de,Unknown
cms.cpone-dev.com,Unknown
cms.berichtvoorjou.nl,Unknown
cmn5uuql6bhafukwc05r.viomil.ro,Unknown
cmicapui.ce.gov.br,Unknown
cmhighschool.edu.bd,Unknown
cmf.fasstt.space,Unknown
cmedia.packfr.com,Unknown
cmbstudent.mylibrarytoolbar.com,Unknown
cm2.eim.ae.spallen.me,Unknown
cm1.eim.ae.iwc.static.c11n.continuouscleaningco.com.au,Unknown
cm.wandashops.com,Unknown
cm.need2find.com,Unknown
cm-static-17-235.telekabel.ba,Unknown
cm-1826.sa.hs-hkb.ba,Unknown
cm-1610.sa.hs-hkb.ba,Unknown
cm-1138.sa.hs-hkb.ba,Unknown
cm-0740.sa.hs-hkb.ba,Unknown
cm-0717.sa.hs-hkb.ba,Unknown
cm-0657.sa.hs-hkb.ba,Unknown
cm-0391.sa.hs-hkb.ba,Unknown
cm-0205.sa.hs-hkb.ba,Unknown
cm-0160.sa.hs-hkb.ba,Unknown
clw.nyclke.com,Unknown
cluster26202.extendcp.uk,Unknown
cluster.exaserve.net,Unknown
clubsexy.ucgalleries.com,Unknown
clubseventeen.ucgalleries.com,Unknown
clubs.hmmagic.com,Unknown
clubmt.myblogtoolbar.com,Unknown
clubbersradiocom.myradiotoolbar.com,Unknown
club921.myradiotoolbar.com,Unknown
club.weswesmusic.com,Unknown
clouds-pros-services.goo.vg,Unknown
cloudfront.jawego.com,Unknown
cloud02.conquistasc.com,Unknown
cloud.updflash.trade,Unknown
cloud.tillywirtz.com,Unknown
cloud.shareroute.org,Unknown
cloud.pdf.sukunstays.com,Unknown
cloud.pathwaystopromise.info,Unknown
cloud.pallets32.com,Unknown
cloud.loadhostnewflash.icu,Unknown
cloud.leavesoftware.bid,Unknown
cloud.hitttedohenale.com,Unknown
cloud.flashmoodlove.win,Unknown
cloud.diminishedvaluecalifornia.com,Unknown
cloud.dellassist.com,Unknown
cloud.chachobills.com,Unknown
cloud.amd-support.com,Unknown
cloud.albertgrafica.com.br,Unknown
cloud.aacqa.com,Unknown
cloud.0pendns.org,Unknown
clothshop.com.bd,Unknown
closingstatement.paid060418.clubfamiliarlamilana.es,Unknown
clock.whenu.com,Unknown
clk2.lookquick.com,Unknown
clk.sjopt.com,Unknown
clk.logsession.com,Unknown
clix.teamextreme.jp,Unknown
cliqcares.cliq.com,Unknown
clips.prack.net,Unknown
clip.flashticketswf.xyz,Unknown
clinic.mashha.net,Unknown
clientstatus.onhandschools.com,Unknown
clients2.ultimate-discounter.com,Unknown
clients.steadfast.digital,Unknown
clients.newbrandtest.com,Unknown
clients.nbtsys.com,Unknown
clients.herebefoci.com,Unknown
clients.enigmasolutions.xyz,Unknown
clients.blammi.com,Unknown
clients.adzadvertising.com,Unknown
clientreport.random-logic.com,Unknown
clientes.cloudland.cl,Unknown
cliente1.gugliandolo.com,Unknown
client.updsoft.net,Unknown
client.spalot.com,Unknown
client.singupforporno.com,Unknown
client.schwab.com.akiracp.com,Unknown
client.penguware.xyz,Unknown
client.newdotnet.net,Unknown
client.mu-online.vn,Unknown
client.foxydeal.com,Unknown
client.download.175pt.net,Unknown
client.dokee.cn,Unknown
client.browseraccelerator.com,Unknown
client-center-account-update-service.a1049rfjewigfe4w9grigrj.half-dress.net,Unknown
client-131-77.speedy-net.bg,Unknown
clickz.lonelycheatingwives.com,Unknown
clicktrade.linkexchange.net,Unknown
clicktracker.alloymarketing.com,Unknown
clicktrack.onlineemailmarketing.com,Unknown
clickstrip.6wav.es,Unknown
clicksimpact.cashtrk.com,Unknown
clicks3.traffictrader.net,Unknown
clicks2.traffictrader.net,Unknown
clicks.virtuagirlhd.com,Unknown
clicks.traffictrader.net,Unknown
clicks.eutopia.traffictrader.net,Unknown
clicks.adengage.com,Unknown
clickeu.teracreative.com,Unknown
click2go.interplat.com.ua,Unknown
click.watchjmp.com,Unknown
click.uamtrk.com,Unknown
click.trackddmoba.com,Unknown
click.trackddmob.com,Unknown
click.tmfmoney.com,Unknown
click.sellmeyourtraffic.com,Unknown
click.notify.support,Unknown
click.member.americanexpress.com.mark-stoner.com,Unknown
click.lovltrzwzqeux.info,Unknown
click.linkstattrack.com,Unknown
click.laostyle.com,Unknown
click.khingtracking.com,Unknown
click.jve.net,Unknown
click.hay3s.com,Unknown
click.eyk.net,Unknown
click.dealshark.com,Unknown
click.binlayer.com,Unknown
click.app-play-stores.com,Unknown
click.adultsingles.com,Unknown
click.adimmix.com,Unknown
click.123search.com,Unknown
cli.hashfish.net,Unknown
clevelandworldcom.mycitytoolbar.com,Unknown
clearchoiceradio.myradiotoolbar.com,Unknown
cleaning.vaancreative.com,Unknown
clean.vanzherke.ru,Unknown
clean.android-phone.icu,Unknown
classemgmt.testbada.com,Unknown
class.footfarm.bid,Unknown
clasificados.ircfast.com,Unknown
clarkcomm.com-ext.com,Unknown
clamwin-antivirus.ojolink.fr,Unknown
claminogin897.givent.top,Unknown
claming-yourligin.planet-host.club,Unknown
claim.safepaycoins.com,Unknown
claim.globalsurveyfreebies.com,Unknown
cl2.qnxzq.com,Unknown
cl.zgcphd.com,Unknown
cl.zasuv.com,Unknown
cl.yaoxzw.com,Unknown
cl.xzqxzs.com,Unknown
cl.wxyngq.com,Unknown
cl.wokxn.com,Unknown
cl.urndf.com,Unknown
cl.ssouy.com,Unknown
cl.qpzqxz.com,Unknown
cl.gxjsxq.com,Unknown
cl.dpcpfw.com,Unknown
cl.cjhdxz.com,Unknown
ckrbmbxm.leiquan.me,Unknown
ckoslmw8rm.harrisdentalsolutions.com,Unknown
cki.credityou.cn,Unknown
ck.softforum.co.kr,Unknown
cj.zoukan.pw,Unknown
cj.serverpick.trade,Unknown
cj.reportersbreakingnews.com,Unknown
cj.financialjournalistlive.com,Unknown
civatateo.siteme.org,Unknown
cityoforangebeach.mycitytoolbar.com,Unknown
cityfm89.myradiotoolbar.com,Unknown
city.urbanpicker.com,Unknown
city.teachingdrones.com,Unknown
citrix.thematchmakerclub.com,Unknown
citrix.summitmicro.com,Unknown
citizens.prettygoodwebhost.com,Unknown
citibank.com.userset.net,Unknown
citi.uverify.info,Unknown
cissa.ewebdy.com,Unknown
cisco.technoville.net,Unknown
cisco.ipv6.la,Unknown
cirrus.cumulus.no,Unknown
circuit.dechaponniere.fr,Unknown
circlesoft.mystoretoolbar.com,Unknown
cipemiliaromagna.cateterismo.it,Unknown
cinistasoundcom.myradiotoolbar.com,Unknown
cinematico.media-toolbar.com,Unknown
cinemagrafs.viamedia.ba,Unknown
cinema-club.warezwebhosting.com,Unknown
cinefan.mystoretoolbar.com,Unknown
cinebel.media-toolbar.com,Unknown
cinder-croque.modelscientists.com,Unknown
cimeli.limitsiz.de,Unknown
cierpienkopeuden.jerseyfoodie.com,Unknown
cienpies.kraftor.com,Unknown
ciccc.goeoffice.com,Unknown
cibcvery.info.cibc.pl,Unknown
cibcupdates.bombas-calor.pt,Unknown
cibcaccountupdate.thisisairsoft.co.uk,Unknown
cibc.info.cibc.pl,Unknown
cibc-online8bneiyl8hdww2ka.vocomfort.com,Unknown
cian.ciancenter.org,Unknown
cialgweb.shidix.es,Unknown
ciadosoftware.mystoretoolbar.com,Unknown
ci.supercleanhost.net,Unknown
chycradio.myradiotoolbar.com,Unknown
churchmaterials.platinumcon.com,Unknown
churchills.bermudawines.com,Unknown
churchandsocietynews.co.zw,Unknown
chumby.mjmonline.com,Unknown
chsn.edu.bd,Unknown
chronopost.fr.nouvelleinterfacecontrole.com,Unknown
chronopost.fr.lalivrationserviceonline.com,Unknown
chronopost.fr.cpl-livration.com,Unknown
chronopay.flashticketswf.xyz,Unknown
chromewebtb.conduit-download.com,Unknown
chromeracks.igg.biz,Unknown
chromehound.myforumtoolbar.com,Unknown
chrome.java-api-update.com,Unknown
chrisyoung1.plutobase.tk,Unknown
christwarriors.ourchurchtoolbar.com,Unknown
christmas.asastore.ml,Unknown
christianforumtoolbar.myforumtoolbar.com,Unknown
christianchapman.nothingbut.football,Unknown
chrisbutson.myfamilytoolbar.com,Unknown
choneswaca.blogactif.net,Unknown
cholecystotomy-kalanmaksaljy.mddoubleplay.com,Unknown
choibiki.myblogtoolbar.com,Unknown
chocolicious.co.zw,Unknown
chinesemedicinetimes.myforumtoolbar.com,Unknown
chinese.ircfast.com,Unknown
chinese.ahzh-pv.com,Unknown
chinaaid.internetdocss.com,Unknown
china.c-zs.com,Unknown
chimleypreciosity.shariadivorce.com,Unknown
chimie.iset-liege.be,Unknown
chimexim.spraystudio.ro,Unknown
chima2.wm01.to,Unknown
child.villagesair.com,Unknown
chii.vtivalves.us,Unknown
chicken.rafikisgrill.com,Unknown
chicebar.myblogtoolbar.com,Unknown
chicagometalworksradio.myradiotoolbar.com,Unknown
chicago.rsvppublications.com,Unknown
chiangmai.tht.in,Unknown
chewbacca.cybereps.com,Unknown
chesin-suport.neww-d3vel0per44.ga,Unknown
chesapeake-factoring-companies.transportationfactoringcompany.org,Unknown
chernivtsi.dynamo.ua,Unknown
cherbourgin-bbncolumbia.maherformayor.com,Unknown
chemistry11.honor.es,Unknown
cheeksfanpage1222.plischeksfansspage.cf,Unknown
checkupgrade24.yoursummertimegreatcontents.review,Unknown
checkupgrade24.yoursummertimegreatcontents.download,Unknown
checkupgrade24.yoursummertimegreatcontents.bid,Unknown
checkupgrade24.yoursummertimegreatcontent.trade,Unknown
checkupgrade24.yoursummertimegreatcontent.stream,Unknown
checkupgrade24.yoursummertimegreatcontent.download,Unknown
checkupgrade24.yoursummertimegreatcontent.date,Unknown
checkupgrade24.yoursummertime-greatcontents.stream,Unknown
checkupgrade24.yoursummertime-greatcontents.review,Unknown
checkupgrade24.yoursummertime-greatcontents.download,Unknown
checkupgrade24.yoursummertime-greatcontents.date,Unknown
checkupgrade24.yoursummertime-greatcontent.win,Unknown
checkupgrade24.yoursummertime-greatcontent.trade,Unknown
checkupgrade24.yoursummertime-greatcontent.review,Unknown
checkupgrade24.yourfreesearch2upgrading.win,Unknown
checkupgrade24.yourfreesearch2upgrades.stream,Unknown
checkupgrade24.videosearchingspace2updating.stream,Unknown
checkupgrade24.videosearchingspace2updating.review,Unknown
checkupgrade24.videosearchingspace2update.win,Unknown
checkupgrade24.thesettosafesofts.xyz,Unknown
checkupgrade24.thesettosafesofts.icu,Unknown
checkupgrade24.thesettosafesoft.xyz,Unknown
checkupgrade24.thesettosafesoft.icu,Unknown
checkupgrade24.theset2safesofts.xyz,Unknown
checkupgrade24.theset2safesofts.icu,Unknown
checkupgrade24.theset2safesoft.xyz,Unknown
checkupgrade24.theset2safesoft.icu,Unknown
checkupgrade24.thereadytosafesofts.xyz,Unknown
checkupgrade24.thereadytosafesofts.icu,Unknown
checkupgrade24.thereadytosafesoft.xyz,Unknown
checkupgrade24.thereadytosafesoft.icu,Unknown
checkupgrade24.theready2safesofts.xyz,Unknown
checkupgrade24.theready2safesofts.icu,Unknown
checkupgrade24.theready2safesoft.xyz,Unknown
checkupgrade24.theready2safesoft.icu,Unknown
checkupgrade24.thepreparetosafesofts.xyz,Unknown
checkupgrade24.thepreparetosafesoft.icu,Unknown
checkupgrade24.theprepare2safesoft.xyz,Unknown
checkupgrade24.theprepare2safesoft.icu,Unknown
checkupgrade24.thebroadsystemstoupdating.xyz,Unknown
checkupgrade24.thebroadsystemstoupdating.icu,Unknown
checkupgrade24.thebroadsystemstoupdates.xyz,Unknown
checkupgrade24.thebroadsystemstoupdates.icu,Unknown
checkupgrade24.thebroadsystemstoupdate.xyz,Unknown
checkupgrade24.thebroadsystemstoupdate.icu,Unknown
checkupgrade24.thebroadsystems2updating.xyz,Unknown
checkupgrade24.thebroadsystems2updating.icu,Unknown
checkupgrade24.thebroadsystems2updates.xyz,Unknown
checkupgrade24.thebroadsystems2updates.icu,Unknown
checkupgrade24.thebroadsystems2update.xyz,Unknown
checkupgrade24.thebroadsystems2update.icu,Unknown
checkupgrade24.thebestperformancespotformachinealways.date,Unknown
checkupgrade24.howeasytoupdateyoursoftthisweek.date,Unknown
checkupgrade24.broadsystemstoupdating.xyz,Unknown
checkupgrade24.broadsystemstoupdating.icu,Unknown
checkupgrade24.broadsystemstoupdates.xyz,Unknown
checkupgrade24.broadsystemstoupdates.icu,Unknown
checkupgrade24.broadsystemstoupdate.xyz,Unknown
checkupgrade24.broadsystemstoupdate.icu,Unknown
checkupgrade24.broadsystems2updating.xyz,Unknown
checkupgrade24.broadsystems2updating.icu,Unknown
checkupgrade24.broadsystems2updates.xyz,Unknown
checkupgrade24.broadsystems2updates.icu,Unknown
checkupgrade24.broadsystems2update.xyz,Unknown
checkupgrade24.broadsystems2update.icu,Unknown
checkupdate.yourbettersiteforfindcontents.icu,Unknown
checkupdate.yourbettersiteforfindcontent.icu,Unknown
checkupdate.yourbettersite4findcontents.icu,Unknown
checkupdate.yourbettersite4findcontent.icu,Unknown
checkupdate.yourbestcornerforcontentsafeprepared.review,Unknown
checkupdate.thebettersiteforfindcontent.icu,Unknown
checkupdate.thebestandfreeupdatingnow.icu,Unknown
checkupdate.thebestandfreeupdatesnow.icu,Unknown
checkupdate.thebestandfreeupdates.icu,Unknown
checkupdate.thebestandfreeupdatenow.icu,Unknown
checkupdate.readygosafesystem4setnow.club,Unknown
checkupdate.pleaseupdatesafesystemset4now.host,Unknown
checkupdate.goodandsafeways4link.icu,Unknown
checkupdate.goodandsafeways2links.icu,Unknown
checkupdate.goodandsafeways2link.icu,Unknown
checkupdate.bettersiteforfindcontents.icu,Unknown
checkupdate.allroundsystemupdating.win,Unknown
checkupdate.allroundsystemupdating.trade,Unknown
checkupdate.allroundsystemupdating.review,Unknown
checkupdate.allroundsystemupdating.date,Unknown
checkupdate.allroundsystemupdates.trade,Unknown
checkupdate.allroundsystemupdates.stream,Unknown
checkupdate.allroundsystemupdates.review,Unknown
checkupdate.allroundsystemupdate.win,Unknown
checkupdate.allroundsystemupdate.stream,Unknown
checkupdate.allroundsystemupdate.review,Unknown
checkupdate.allroundsystemupdate.download,Unknown
checkupdate.allroundsystemupdate.bid,Unknown
checkupdate.allroundsystem-update.stream,Unknown
checkupdate.allroundsystem-update.review,Unknown
checkupdate.allroundsystem-update.date,Unknown
checkupdate.allroundsystem-update.bid,Unknown
checksum.dreamace.vn,Unknown
checksoft.yourbestsite4findcontents.icu,Unknown
checksoft.yourbestcontentsonweb.icu,Unknown
checksoft.stable4upgrading.review,Unknown
checksoft.stable4upgrading.bid,Unknown
checksoft.stable4upgrades.bid,Unknown
checksoft.stable4upgrade.stream,Unknown
checksoft.mainwebsitetogetcontentfree.icu,Unknown
checksoft.mainwebsite2getcontent.icu,Unknown
checksoft.legalwebsitetogetcontentnew.icu,Unknown
checksoft.friendlysystem2updates.win,Unknown
checksoft.friendlysystem2update.bid,Unknown
checksoft.checkfreeupdates.net,Unknown
checksms.drwhox.com,Unknown
checkout.spyversity.com,Unknown
checkingfree.yourupgradefunhousenewcontent.icu,Unknown
checkingfree.yourupgradefun-housenowcontent.icu,Unknown
checkingfree.yourupgradefun-housenewcontent.icu,Unknown
checkingfree.yourupgradefun-housefreecontent.icu,Unknown
checkingfree.yourupgradefun-housecontent.icu,Unknown
checkingfree.yoursetforsafeapp.icu,Unknown
checkingfree.yourset4safeapp.icu,Unknown
checkingfree.yourreadyforsafeapp.icu,Unknown
checkingfree.yourprepareforsafeapp.icu,Unknown
checkingfree.yourprepare4safeapps.icu,Unknown
checkingfree.workupgradesafesystemset4now.bid,Unknown
checkingfree.thebigandalwaysfree4updates.stream,Unknown
checkingfree.thebigandalwaysfree4updates.download,Unknown
checkingfree.thebigandalwaysfree4updates.bid,Unknown
checkingfree.thebigandalwaysfree4update.win,Unknown
checkingfree.thebestdownloadsonnet.icu,Unknown
checkingfree.thebestdownloadsonnet.club,Unknown
checkingfree.thebestdownloadingsite.icu,Unknown
checkingfree.thebestdownloadingsite.club,Unknown
checkingfree.searchgoodforupgrading.win,Unknown
checkingfree.searchgoodforupgrading.review,Unknown
checkingfree.searchgoodforupgrades.trade,Unknown
checkingfree.searchgoodforupgrades.review,Unknown
checkingfree.searchgoodforupgrades.download,Unknown
checkingfree.searchgoodforupgrades.date,Unknown
checkingfree.searchgoodforupgrade.trade,Unknown
checkingfree.searchgoodforupgrade.date,Unknown
checkingfree.funhubforupdates.xyz,Unknown
checkingfree.freeperfectstableostocontents.icu,Unknown
checkingfree.freeperfectstableostocontent.icu,Unknown
checkingfree.freeperfectstableosforcontents.icu,Unknown
checkingfree.freeperfectstableosforcontent.icu,Unknown
checkingfree.edityourenteryourquestions4frequentcontentdistibution.download,Unknown
checkingfree.bettersourceofcontentforeveryone.xyz,Unknown
checkingfree.bestsourceofcontentforeveryone.icu,Unknown
checkingfree.bestdownloads.icu,Unknown
checkingfree.bestdownloads.club,Unknown
checkingfree.bestdownloading.icu,Unknown
checkingfree.bestdownloading.club,Unknown
checkingfree.bestappdownloads.icu,Unknown
checkingfree.bestappdownload.icu,Unknown
checking.alerts.capital-one.insidmaldesign.com,Unknown
checking.accounts.capital.one.update.infos.outletstorebr.com.br,Unknown
checking.accounts.capital-one.com.osbirigui.com.br,Unknown
checking.account.capital-one.com.update.infos.insidmaldesign.com,Unknown
checking-alerts.secure.capital-one.updating.info.insidmaldesign.com,Unknown
checking-acccounts.banking.pnc.com.insidmaldesign.com,Unknown
checkerror.obama20009.com,Unknown
check4upgrade.therestoftoupdating.top,Unknown
check4upgrade.therestoftoupdates.download,Unknown
check4upgrade.therestoftoupdates.bid,Unknown
check4upgrade.therestoftoupdate.bid,Unknown
check4upgrade.thebigandpowerful4upgrades.bid,Unknown
check4upgrade.thealwaysbetterupgradesbuddy.stream,Unknown
check4upgrade.thealwaysbetterupgradebuddy.stream,Unknown
check4upgrade.stablewebsite2findcontentfree.icu,Unknown
check4upgrade.stablewebsite2findcontent.icu,Unknown
check4upgrade.stablewebsite-findcontentnew.icu,Unknown
check4upgrade.stablewebsite-findcontent.icu,Unknown
check4free.yourbestandfreeupdates.icu,Unknown
check4free.yourbestandfreeupdate.icu,Unknown
check4free.thegreatandreliablewaystocontents.icu,Unknown
check4free.thegreatandreliablewaysforcontents.icu,Unknown
check4free.thegreatandreliablewayscontents.icu,Unknown
check4free.thegreatandreliableways4contents.icu,Unknown
check4free.thegreatandreliableways2contents.icu,Unknown
check4free.thebestandfreeupdating.icu,Unknown
check4free.thebestandfreeupdatesnow.icu,Unknown
check4free.thebestandfreeupdates.icu,Unknown
check4free.thebestandfreeupdate.icu,Unknown
check4free.reliable4greatcontentingnow.icu,Unknown
check4free.reliable4greatcontentingnew.icu,Unknown
check4free.nowsteadysystemupdating.win,Unknown
check4free.nowsteadysystemupdating.stream,Unknown
check4free.nowsteadysystemupdates.trade,Unknown
check4free.nowsteadysystemupdates.download,Unknown
check4free.nowsteadysystemupdate.win,Unknown
check4free.nowsteadysystemupdate.trade,Unknown
check4free.nowsteadysystemupdate.stream,Unknown
check4free.nowsteadysystemupdate.review,Unknown
check4free.nowsteadysystemupdate.download,Unknown
check4free.nowsteadysystemupdate.date,Unknown
check4free.goodwaysystem4contents.icu,Unknown
check4free.awesomemainlyreliable4contentnew.icu,Unknown
check24.yourbestever4updatingbuddy.bid,Unknown
check24.yourbestever4updatesbuddy.win,Unknown
check24.friendlysystemforupgrading.download,Unknown
check24.friendlysystemforupgrades.win,Unknown
check24.friendlysystemforupgrades.bid,Unknown
check24.friendlysystemforupgrade.stream,Unknown
check12.4-all.org,Unknown
check.yourstableforgreatcontentsnow.icu,Unknown
check.yourstableforgreatcontentscenter.icu,Unknown
check.yourstableforgreatcontentnow.icu,Unknown
check.yourstableforgreatcontentingcenter.icu,Unknown
check.yourstableforgreatcontenting.icu,Unknown
check.yourstableforgreatcontentcenter.icu,Unknown
check.yourplaceonthenetupgradenew.icu,Unknown
check.vibearts.ca,Unknown
check.thestableforgreatcontentsnow.icu,Unknown
check.thestableforgreatcontentscenter.icu,Unknown
check.thestableforgreatcontentnow.icu,Unknown
check.thestableforgreatcontentnew.icu,Unknown
check.thestableforgreatcontentingnew.icu,Unknown
check.thestableforgreatcontentcenter.icu,Unknown
check.thestableandgreatflashadssnow.icu,Unknown
check.thestableandgreatflashadsnow.icu,Unknown
check.thestableandgreatflashadsingnew.icu,Unknown
check.thestableandgreatflashadsingcenter.icu,Unknown
check.thestableandgreatflashadsing.icu,Unknown
check.thestableandgreatflashadscenter.icu,Unknown
check.thestableandgreatflashads.icu,Unknown
check.thefreshvideotoupgrading.trade,Unknown
check.thebeststreamingspotforeverymachinetoday.win,Unknown
check.thebeststreamingspotforeverymachinetoday.trade,Unknown
check.thebeststreamingspotforeverymachinetoday.review,Unknown
check.thebeststreamingspotforeverymachinetoday.download,Unknown
check.thebeststreamingspotforeverymachinethisweek.win,Unknown
check.paymentsmb.com,Unknown
check.myip-proxy.info,Unknown
check.mainplaceonthenetupgradesnew.icu,Unknown
check.i33.net.cn,Unknown
check.greatsite2getcontentnow.icu,Unknown
check.greatsite2getcontentfree.icu,Unknown
check.greatsite-getcontentnow.icu,Unknown
check.greatsite-getcontent.icu,Unknown
check.greatestupgradesall.win,Unknown
check.chrome-request.com,Unknown
check.capital-one.com.identity.protection.outletstorebr.com.br,Unknown
check.browser.cruxinfra.com,Unknown
check.bigtraffictoupdating.date,Unknown
check.autentificationpage.cf,Unknown
check-s4r.dedk.eu,Unknown
check-ethpayments1.kissr.com,Unknown
cheatworld.2.je,Unknown
cheats.naijawapers.tk,Unknown
cheapsale.salesale.biz,Unknown
cheapness.byefelicia.fr,Unknown
chavo.elegance.bg,Unknown
chaudasses-allemandes.global-sun-sex.com,Unknown
chatradiosauerland.myradiotoolbar.com,Unknown
chatcityworld.mycitytoolbar.com,Unknown
chatbasen.media-toolbar.com,Unknown
chat2.loop1000.at,Unknown
chat.rinch.at,Unknown
chat.narapop.at,Unknown
chat.loop1000.at,Unknown
chat.iqwoot.at,Unknown
chat.effectivebrand.com,Unknown
chat.carabayllo.com,Unknown
chat.altacom.it,Unknown
chat.88167.com,Unknown
chasseonlne.upnt.sangyokai.net,Unknown
chaseverification.haman01.tk,Unknown
chaseonlineverify.chase.com-user.accountupdate.logon.bangladeshclothing.com,Unknown
chaseonline1.com.chaseonlinee.com,Unknown
chaseonline.verification.domain.greenindiana.org,Unknown
chaseonline.tffag.com,Unknown
chaseonline.fastwebcolombia.com,Unknown
chaseonline.com.tgct.sangyokai.net,Unknown
chaseonline.chase.wcspl.org,Unknown
chaseonline.chase.logon.apsx.keyoda.org,Unknown
chaseonline.chase.fatherzhoues.com,Unknown
chaseonline.chase.com.xeroxteknikservis.net,Unknown
chaseonline.chase.com.us-chs.com,Unknown
chaseonline.chase.com.public.reidentify.reidentifyfilterviews.homepage1cell.6tkxht5n.y71uh0.thehairlofttaringa.com.au,Unknown
chaseonline.chase.com.nictgroups.com,Unknown
chaseonline.chase.com.hobartspineandsports.com.au,Unknown
chaseonline.chase.com.ff04ca67d2b43d8810def8e20e4f3998.arsade.com,Unknown
chaseonline.chase.com.etilermobilya.com.tr,Unknown
chaseonline.chase.com.d75387992a137a38f36bf93ac9569c30.arsade.com,Unknown
chaseonline.chase.com.afpoa.com,Unknown
chaseonline.chase.com.3b5601a0a235e09c0ad9b782dc6fd0aa.arsade.com,Unknown
chaseonline.chase.com.0a83d05182c4c8acc5615cde6444b649.arsade.com,Unknown
chaseonline.chase.com-public-enroll.iillj.pw,Unknown
chaseonline.chase.ccm.auth-user.login-token-valid.0000.zeusveritas.com,Unknown
chaseonline.chase.argosiletisim.com,Unknown
chaseonline.aeneic.ga,Unknown
chasecreditcard.loginm.net,Unknown
chasebankaccountlogin-loginaccess-control.gajamitengineering.com,Unknown
chasebank.scotibanks.com,Unknown
chase.talandon.com,Unknown
chase.somanyawesomedeals.com,Unknown
chase.security.unlock.com.it-goover.web.id,Unknown
chase.security.login.nunnarealty.com,Unknown
chase.mavelfund.com,Unknown
chase.matematicasmisticas.com,Unknown
chase.elmoyad.com,Unknown
chase.com.wrmi.l-as.co.jp,Unknown
chase.com.us.x.access.oacnt.com,Unknown
chase.com.us.talkshatel.ir,Unknown
chase.com.profitpacker.com,Unknown
chase.com.login.secure.account.confirm.ssl.econ-sg.com,Unknown
chase.com.ec.p-stella.com,Unknown
chase.com.cy.cgi-bin.webscr.cmd.login-submit.hhsimonis.com,Unknown
chase.com.ap.signin.encoding-utf-openid.assoc.sinergy.com.gloedge.com.subsystem.org.webpepper.in.sandrabeech.com,Unknown
chase.com-verify-your-account-inforrmation.schodrive.info,Unknown
chase.com-verify-account-information.entranceonline.org,Unknown
chase.com-user.accountupdate.logon.bangladeshclothing.com,Unknown
chase.com-account-verification.myaccountverify.be,Unknown
chase.chase.com.smp1jepon.sch.id,Unknown
chase.activityconfirmations.barrandeguy.com.ar,Unknown
chase.activityconfirmation.barrandeguy.com.ar,Unknown
chase-update.allangcruz.com.br,Unknown
chase-confirm1.ip-ipa.com,Unknown
chase-banking-service.theimblueprint.com,Unknown
chas.vammatat.com,Unknown
charmingstockings.sexesporn.com,Unknown
charm.bizfxr.com,Unknown
charm.andreea.alexandroni.ro,Unknown
chaosmusik.myradiotoolbar.com,Unknown
channellive.myxangatoolbar.com,Unknown
change.buyprettysellpretty.com,Unknown
chandrima.webhibe.com,Unknown
chan.onlyhot.biz,Unknown
chaerim.myblogtoolbar.com,Unknown
chabadstl.mycollegetoolbar.com,Unknown
ch2.criacaodesitesrj.com,Unknown
cgtgwa.best.lt.ua,Unknown
cgt.gandolfighislain.fr,Unknown
cgpl.mylibrarytoolbar.com,Unknown
cgn.oksoftware.net,Unknown
cgn.media-toolbar.com,Unknown
cgi.sexswap2000.com,Unknown
cgi.sexswap2.com,Unknown
cgi.sexswap.com,Unknown
cgi.gaysexswap.com,Unknown
cgi.declicnet.com,Unknown
cgi-login-account-update-webscr.vienneholidays.it,Unknown
cggqbjvncbw4ihibbsuw.maherstcottage.com.au,Unknown
cgdirectory.media-toolbar.com,Unknown
cgamemedia.bs2dl.dwstatic.com,Unknown
cg.wandashops.com,Unknown
cg.getoptimize.it,Unknown
cg-oe.snprobbx.pbz.r.de.a2ip.ru,Unknown
cfyprgzm.yjdata.me,Unknown
cfsparts.declare-enlignes.com,Unknown
cfspart.impots.gouv.fr.particulier.vfd.com.ua,Unknown
cfs.u-ad.info,Unknown
cfs.ezdownloadpro.info,Unknown
cfrandle.ironside.tk,Unknown
cfr.internetdocss.com,Unknown
cfn.k9tools.com,Unknown
cfinder.dtme.net,Unknown
cficl2009.srva.info,Unknown
cfgi.fivemillionfriends.com,Unknown
cfg.appsrv.website,Unknown
cfeyes.site-under-dev.com,Unknown
cfatkiju.leiquan.me,Unknown
cf.topsites.us,Unknown
ceyr.biacap.com,Unknown
ceu-hosting.upload.de,Unknown
cestenelles.jakobson.fr,Unknown
cesone.byinter.net,Unknown
cesitliilanlarcom.mystoretoolbar.com,Unknown
ceshi2014.host3.tedaweb.com,Unknown
cerslev.aiwsites.com,Unknown
cerotex.webprojemiz.com,Unknown
cerebral.typn.com,Unknown
cerberhhyed5frqa.zgf48j.win,Unknown
cerberhhyed5frqa.xtrvb4.win,Unknown
cerberhhyed5frqa.xmfkr8.top,Unknown
cerberhhyed5frqa.xmfjr7.top,Unknown
cerberhhyed5frqa.xmfir0.win,Unknown
cerberhhyed5frqa.xmfir0.top,Unknown
cerberhhyed5frqa.xmfhr6.win,Unknown
cerberhhyed5frqa.xltnet.win,Unknown
cerberhhyed5frqa.workju.win,Unknown
cerberhhyed5frqa.wewiso.win,Unknown
cerberhhyed5frqa.wet4io.win,Unknown
cerberhhyed5frqa.werti4.win,Unknown
cerberhhyed5frqa.we34re.win,Unknown
cerberhhyed5frqa.we34re.top,Unknown
cerberhhyed5frqa.ti4wic.win,Unknown
cerberhhyed5frqa.sims6n.win,Unknown
cerberhhyed5frqa.sdfiso.win,Unknown
cerberhhyed5frqa.raress.win,Unknown
cerberhhyed5frqa.qor499.top,Unknown
cerberhhyed5frqa.oneswi.win,Unknown
cerberhhyed5frqa.moneu5.win,Unknown
cerberhhyed5frqa.mix3hi.win,Unknown
cerberhhyed5frqa.m5gips.win,Unknown
cerberhhyed5frqa.m5gid4.win,Unknown
cerberhhyed5frqa.m5gid4.top,Unknown
cerberhhyed5frqa.m5fgoi.win,Unknown
cerberhhyed5frqa.lib2vi.win,Unknown
cerberhhyed5frqa.li4loi.win,Unknown
cerberhhyed5frqa.lfotp5.top,Unknown
cerberhhyed5frqa.fkri48.win,Unknown
cerberhhyed5frqa.fgfid6.win,Unknown
cerberhhyed5frqa.er48rt.win,Unknown
cerberhhyed5frqa.dkrti5.top,Unknown
cerberhhyed5frqa.dk59jg.win,Unknown
cerberhhyed5frqa.cneo59.win,Unknown
cerberhhyed5frqa.cneo59.top,Unknown
cerberhhyed5frqa.cmti5o.win,Unknown
cerberhhyed5frqa.cmr95i.win,Unknown
cerberhhyed5frqa.cmr95i.top,Unknown
cerberhhyed5frqa.azlto5.win,Unknown
cerberhhyed5frqa.as13fd.win,Unknown
cerberhhyed5frqa.alri58.win,Unknown
cerberhhyed5frqa.adevf4.win,Unknown
cerberhhyed5frqa.ad34ft.win,Unknown
cerberhhyed5frqa.5kti58.win,Unknown
cerberhhyed5frqa.45kgok.win,Unknown
cerberhhyed5frqa.45gf4t.win,Unknown
cerberhhyed5frqa.305iot.win,Unknown
cerberhhyed5frqa.305iot.top,Unknown
cer.ieat.ro,Unknown
cer.grlley.com,Unknown
ceqlw.saqibsiddiqui.com,Unknown
ceo.efa-light.com,Unknown
centurylaw.vyudu.tech,Unknown
centurianempire.co.zw,Unknown
centrum.anioly.net,Unknown
centric.bettercxperience.com,Unknown
centraldocliente.digitrum.com.br,Unknown
central2.paypopup.com,Unknown
central.planetaservidor.com.br,Unknown
central.paypopup.com,Unknown
centr-zko.legostore.kz,Unknown
center.iphoneporn.info,Unknown
center-help233.developer78-fanpage-new-verifikasi43.gq,Unknown
cembrabankagpx6ij833yef9kh.tei-itf.com,Unknown
cembrabankagpjvg63adxr6mh.apex-mg.com,Unknown
cembrabankagexj99czqega1.admintop.net,Unknown
celebstube.stoporn.net,Unknown
celebration.4ed.us,Unknown
celeb-test.dual-webs.com,Unknown
cekc.ucgalleries.com,Unknown
cefristj.sygfysp.xyz,Unknown
ce.vampovezet.com,Unknown
cdstest.rocketboostcreative.com,Unknown
cds.graboidvideo.com,Unknown
cdownloader.hisoft.alienpicks.com,Unknown
cdnus.ytdcdn.com,Unknown
cdnus.wisadivasuw.com,Unknown
cdnus.winzipcdn.com,Unknown
cdnus.webfilescdn.com,Unknown
cdnus.ultimatepdfconverter.com,Unknown
cdnus.ubcmcdn.com,Unknown
cdnus.townworldtower.com,Unknown
cdnus.todownloadcdn.com,Unknown
cdnus.thevideoconverterexclusive.com,Unknown
cdnus.tatatar2.com,Unknown
cdnus.superdownloadsbrcdn.com,Unknown
cdnus.softwaredlnew.com,Unknown
cdnus.softmencdn.com,Unknown
cdnus.smarttweakcdn.com,Unknown
cdnus.simumisasu.com,Unknown
cdnus.secureddownloadcdn.com,Unknown
cdnus.safemonitorcdn.com,Unknown
cdnus.nenalotabelo.com,Unknown
cdnus.namomimafa.com,Unknown
cdnus.mokarina.com,Unknown
cdnus.miponycdn.com,Unknown
cdnus.mediaprogramascdn.com,Unknown
cdnus.macemalamej.com,Unknown
cdnus.laboratoryconecpttoday.com,Unknown
cdnus.kralprogramcdn.com,Unknown
cdnus.iwansn6dksaf.com,Unknown
cdnus.ironcdn.com,Unknown
cdnus.hofofosohoh.com,Unknown
cdnus.henetowedi1.com,Unknown
cdnus.guardsendhead.com,Unknown
cdnus.greataudioconverter.com,Unknown
cdnus.gigeseleb.com,Unknown
cdnus.fwtphotoscapecdn.com,Unknown
cdnus.fwtfreeytdlcdn.com,Unknown
cdnus.fvdconvertercdn.com,Unknown
cdnus.findmysoftcdn.com,Unknown
cdnus.fesusesas.com,Unknown
cdnus.extrimvideoplayer.com,Unknown
cdnus.downloadbincdn.com,Unknown
cdnus.dolphinmemory.com,Unknown
cdnus.dobironito3.com,Unknown
cdnus.dewayowede232.com,Unknown
cdnus.dereliba.com,Unknown
cdnus.currenttagcontent.com,Unknown
cdnus.conecptbodychuckle.com,Unknown
cdnus.computerbildcdn.com,Unknown
cdnus.comodopocdn.com,Unknown
cdnus.chipeucdn.com,Unknown
cdnus.cesapukigece.com,Unknown
cdnus.centercentraluniverse.com,Unknown
cdnus.cememomek.com,Unknown
cdnus.browsergamesdecdn.com,Unknown
cdnus.baixakialtcdn.com,Unknown
cdnus.anyprotectcdn.com,Unknown
cdnus.anymusicconverter.com,Unknown
cdnm.mobifrens.com,Unknown
cdnh.myinternetprogram.com,Unknown
cdneu.xomomomoxo.com,Unknown
cdneu.winrarcdn.com,Unknown
cdneu.wawosodadol.com,Unknown
cdneu.warodoled.com,Unknown
cdneu.uptodowncdn.com,Unknown
cdneu.soninasa.com,Unknown
cdneu.softportalcdn.com,Unknown
cdneu.secureddownloadcdn.com,Unknown
cdneu.nededen.com,Unknown
cdneu.mysearchdialcdn.com,Unknown
cdneu.mediaprogramascdn.com,Unknown
cdneu.howinccdn.com,Unknown
cdneu.fwtphotoscapecdn.com,Unknown
cdneu.frwrdcdn.com,Unknown
cdneu.friedcookiescdn.com,Unknown
cdneu.dolphinmemory.com,Unknown
cdneu.dobreprogramyplcdn.com,Unknown
cdneu.cesapukigece.com,Unknown
cdneu.ceromoto.com,Unknown
cdneu.allmyappscdn.com,Unknown
cdn98.g2vsoft885.cf,Unknown
cdn7840375.classic-service.site,Unknown
cdn4.no4cow.com,Unknown
cdn4.leadingdownload.com,Unknown
cdn4.css361.com,Unknown
cdn3387475.classic-service.site,Unknown
cdn3.promptdownload.com,Unknown
cdn3.adbrau.com,Unknown
cdn2525.advancedpccare.com,Unknown
cdn23895.classic-service.site,Unknown
cdn2.recentdownload.com,Unknown
cdn2.movies-etc.com,Unknown
cdn2.modsapk.download,Unknown
cdn2.minestat.biz,Unknown
cdn2.leadcdnbold.com,Unknown
cdn2.downloadsoup.com,Unknown
cdn2.adsdk.com,Unknown
cdn1665845.jumbo-update.host,Unknown
cdn11440375.classic-service.site,Unknown
cdn1.predictad.com,Unknown
cdn1.mysearchresults.com,Unknown
cdn1.ferotik.at,Unknown
cdn1.downloadsoup.com,Unknown
cdn1.down.17173ie.com,Unknown
cdn1.clkoffers.com,Unknown
cdn1.clkcln.com,Unknown
cdn05895825.classic-service.site,Unknown
cdn0589582.classic-service.site,Unknown
cdn058958012.classic-service.site,Unknown
cdn.zyczu.pl,Unknown
cdn.zaczvk.pl,Unknown
cdn.yupfiles.net,Unknown
cdn.ylzt.web.mlgame.wang,Unknown
cdn.yiwanzhushou.com,Unknown
cdn.weihudashi.cn,Unknown
cdn.webminerpool.tk,Unknown
cdn.vrvrvrapp.com,Unknown
cdn.valueclick.net,Unknown
cdn.vaggyirnihi.com,Unknown
cdn.tube2file.com,Unknown
cdn.tidesearch.net,Unknown
cdn.swanow.com,Unknown
cdn.superpccare.com,Unknown
cdn.super-me.online,Unknown
cdn.squeakychocolate.com,Unknown
cdn.spacequery.com,Unknown
cdn.sonicdownloads.net,Unknown
cdn.slty.de,Unknown
cdn.siv.cc,Unknown
cdn.seeresultshub.com,Unknown
cdn.seemoreresultshub.com,Unknown
cdn.searchwebknow.com,Unknown
cdn.safedwn.com,Unknown
cdn.rov.design,Unknown
cdn.robatop.at,Unknown
cdn.recordwhatyouhear.com,Unknown
cdn.quickpcoptimizer.com,Unknown
cdn.portalprogramas-download.com,Unknown
cdn.pkfln.io,Unknown
cdn.piytrwd.com,Unknown
cdn.pcspeedcat.com,Unknown
cdn.pcprotectorplus.com,Unknown
cdn.pccleanplus.com,Unknown
cdn.pcbooster.biz,Unknown
cdn.openfiles.info,Unknown
cdn.open-serve.info,Unknown
cdn.onesafe-software.com,Unknown
cdn.netradioplayer.com,Unknown
cdn.neoupdates.com,Unknown
cdn.myspservices.com,Unknown
cdn.myrar.website,Unknown
cdn.myinternetprogram.com,Unknown
cdn.movies-etc.com,Unknown
cdn.moreresultshub.com,Unknown
cdn.mocdnclean.com,Unknown
cdn.mocdnclead.com,Unknown
cdn.mocdncleac.com,Unknown
cdn.mocdncleab.com,Unknown
cdn.mngwefal.com,Unknown
cdn.mistyblade.com,Unknown
cdn.menz.co.nz,Unknown
cdn.madanate.com,Unknown
cdn.loadto.net,Unknown
cdn.leadcdnbold.com,Unknown
cdn.leadcdnbola.com,Unknown
cdn.komputerswiatportal.com,Unknown
cdn.kometa-browser.ru,Unknown
cdn.k9tools.com,Unknown
cdn.jiyw.com,Unknown
cdn.isoskycn.com,Unknown
cdn.internal.co.jp,Unknown
cdn.immereeako.info,Unknown
cdn.identityprotector.co,Unknown
cdn.gsoft88.com,Unknown
cdn.getwebshoppy.com,Unknown
cdn.getwebshoppers.com,Unknown
cdn.getsmartshoppy.com,Unknown
cdn.getcfg.site,Unknown
cdn.getcfg.bid,Unknown
cdn.gcdnhomj.com,Unknown
cdn.gameupdate.co,Unknown
cdn.gameserverfiles.com,Unknown
cdn.funckgroup-server.com,Unknown
cdn.fullpccare.com,Unknown
cdn.ftpbserver.xyz,Unknown
cdn.freegonna.com,Unknown
cdn.firstlook.com,Unknown
cdn.ffdefenseupdate.com,Unknown
cdn.favdownloads.com,Unknown
cdn.fanyamedia.net,Unknown
cdn.exent.com,Unknown
cdn.errorsafe.com,Unknown
cdn.epcdoctors.com,Unknown
cdn.efixyourcomputer.com,Unknown
cdn.eeduelements.com,Unknown
cdn.drivecleaner.com,Unknown
cdn.downloatransfer.com,Unknown
cdn.download4desktop.com,Unknown
cdn.download2desktop.com,Unknown
cdn.dnlaserver.download,Unknown
cdn.discovertreasurenow.com,Unknown
cdn.directapk.net,Unknown
cdn.diminishedvaluevehicle.com,Unknown
cdn.czka.vip,Unknown
cdn.cubeinstaller.com,Unknown
cdn.countnewflash.review,Unknown
cdn.cloud-lander.com,Unknown
cdn.cleanmypc.co,Unknown
cdn.christmasvacationcollectibles.com,Unknown
cdn.cdnmobviste.com,Unknown
cdn.cdnmobvistd.com,Unknown
cdn.cdnmobvistc.com,Unknown
cdn.cdnmobvista.com,Unknown
cdn.capsev.info,Unknown
cdn.bubbledock.it,Unknown
cdn.bubbledock.co.uk,Unknown
cdn.browserseek.com,Unknown
cdn.bridgeaccesspoint.com,Unknown
cdn.banners.scubl.com,Unknown
cdn.baizhu.cc,Unknown
cdn.b5m.cn,Unknown
cdn.avaregio.at,Unknown
cdn.app.zada001.cn,Unknown
cdn.app.qqyunpt.cn,Unknown
cdn.anti-toolbar.com,Unknown
cdn.amir.pw,Unknown
cdn.akamai.service.downloadadmin.com,Unknown
cdn.advpccare.com,Unknown
cdn.advocateautoclaims.com,Unknown
cdn.advancedpctools.com,Unknown
cdn.adtrace.org,Unknown
cdn.addltracking.com,Unknown
cdn.abgeobalancer.com,Unknown
cdn.97ttxs.com,Unknown
cdn.82285.wang,Unknown
cdn.51youhui.cn,Unknown
cdn.4cgame.com,Unknown
cdn.1world8.com,Unknown
cdn.100ke.wang,Unknown
cdn.1000su.com,Unknown
cdn-appserver.appscion.com,Unknown
cdl.deplayer.net,Unknown
cdccustoms.mystoretoolbar.com,Unknown
cdarabbitry.countrydreamacres.com,Unknown
cd1.sfuus.com,Unknown
ccwilsonaz.myblogtoolbar.com,Unknown
ccleaner.safe-cart.store,Unknown
ccleaner.msdwnld.com,Unknown
cccblackboard.euyiuehrg.234783687678456578567955.eignungsauswahlverfahren.de,Unknown
ccc.5208.cc,Unknown
cc9753.counter.hackers.lv,Unknown
cc.smartpcmechanics.com,Unknown
cc.sex-explorer.com,Unknown
cc.search.results.trust.view.html.in.intrust.cc,Unknown
cc.mikekellygolf.com,Unknown
cc.kandek.com,Unknown
cc.driverdetails.com,Unknown
cc.dev.tuut.com.br,Unknown
cbx-ebas.bzyk.info,Unknown
cbsuhs.edu.bd,Unknown
cbi.boldcenter.com,Unknown
cbalxzldjt.bradul.creatory.org,Unknown
cb6.utopiad.com,Unknown
cb5.utopiad.com,Unknown
cb4.utopiad.com,Unknown
cb3.utopiad.com,Unknown
cb1.counterbot.com,Unknown
cb.adprofile.net,Unknown
cazeraa.mi-website.es,Unknown
caviesrfunfunbar.mytowntoolbar.com,Unknown
cav.be.ma,Unknown
caughtyoubluffing.myforumtoolbar.com,Unknown
caughtonvideo.media-toolbar.com,Unknown
cats.waxdreamads.net,Unknown
cats.goodoolz.com,Unknown
cats.erdnussag.net,Unknown
catorze.mylibrarytoolbar.com,Unknown
catk.hbca.org.cn,Unknown
cativo.omartinez.net,Unknown
catholic.threegooglecheckversion.xyz,Unknown
catering.ritasromanrecipes.com,Unknown
catering.quoteprovider.com,Unknown
catalogos.ventcorp.com,Unknown
catalogo.cetrux.com,Unknown
catalog.vulkoprin.us,Unknown
catalog.krasov.ru,Unknown
catalog.goodhousekeeper.biz,Unknown
cat.petsadored.com,Unknown
cat.chancevisitor.bid,Unknown
cast.getingetoutgetpaid.net,Unknown
cassie.magixcreative.io,Unknown
cassandra.searchassistant.net,Unknown
casper.mathiesen.com,Unknown
casino-online.bannerless.com,Unknown
cash.sarahlausa.com,Unknown
cash.neweramediaworks.com,Unknown
cash.fantasyone.com,Unknown
cash.andreachiocca.com,Unknown
casey.flashticketswf.xyz,Unknown
cases.app-revieworder.com,Unknown
case.edu.nayakgroup.co.in,Unknown
casasbahia.liquidamaio.com,Unknown
carwash.target.co.il,Unknown
carty.2bsw.com,Unknown
cartoons.3daction.net,Unknown
cartoes623terra.php1h.com,Unknown
cartetitolari.mps.it.mewdoku.com,Unknown
cartetitolari.montepaschi.online,Unknown
cartadvox.v10.com.br,Unknown
cart.dbcloud.eu,Unknown
cars.constructionwitness.net,Unknown
carrodesom.abc.br,Unknown
carrierawkscom.myradiotoolbar.com,Unknown
carloandcristina.myblogtoolbar.com,Unknown
cargo1.lin14.siteonlinetest.com,Unknown
carenutrition.com.bd,Unknown
carelife.koborezakura.com,Unknown
careerservices.milanoschool.org,Unknown
cardsharing.1gb.at,Unknown
cardserviceics-pisps.artdekor.org,Unknown
cardserviceics-1t9y4rteg.logorder.com,Unknown
cards.webhouse.com.eg,Unknown
cards.virtuagirlhd.com,Unknown
cards.hotplugins.com,Unknown
carbon.vcp.co.uk,Unknown
car.gamereview.co,Unknown
car.freeautocarinsurancequotespwu.com,Unknown
car-truck.transmissi.other.dll-offer-items.com,Unknown
caqnd.saveclients.com,Unknown
caqgzyau.seahillfarm.com,Unknown
captainsgroup.com.bd,Unknown
capstonetech.co.zw,Unknown
capsenable.4-all.org,Unknown
capra.searchbooks.xyz,Unknown
capitalone.com.eastvalleynd.com,Unknown
capital.wistech.biz,Unknown
capital.one.comqzamart.pranavitours.com,Unknown
capital.istanto.com,Unknown
capital-one.com.checking.accounts.insidmaldesign.com,Unknown
capexco.fonicweb.com,Unknown
capasrof.mi-website.es,Unknown
cannabis.media-toolbar.com,Unknown
candywrapwarehouse.mystoretoolbar.com,Unknown
candycane.addhoc.ca,Unknown
cancelorder-fraudattetions.app-ngetodwoitood91928612.com,Unknown
cancellation-paypal.us-com.urvupbhzqkxwjllpopyq.com,Unknown
cancellation-paypal.us-com.czfwwgxnrpzztajjwbkn.com,Unknown
cancelationsecure.apprenews892139841.universityofkjh.com,Unknown
cancelation.apprenew291092.app-renewbopak23092.com,Unknown
cancel.web.loginapps.renewaccs920131.com,Unknown
cancel.transaction.73891347.itunes.apple.semsyayinevi.com,Unknown
cancel.transaction.73891347.atakanpolat.com.tr,Unknown
cancel.direct.page-scure12478919.com,Unknown
canadianfreestuff.loyaltytoolbar.com,Unknown
canadagoose.kissadulttoys.com,Unknown
camz.tintel.nl,Unknown
camschlampen.notgeile-amateure.com,Unknown
campus02.unadvirtual.org,Unknown
campus.org.bd,Unknown
campamento.queenscamp.com,Unknown
campaigns.tftech.org.uk,Unknown
campaigns.apps-connects.com,Unknown
campaigns.actionable-science.com,Unknown
camilo6541.pdns.cz,Unknown
cameronsofttoolbar.media-toolbar.com,Unknown
cameron.pieceapizza.ca,Unknown
camdentownunlimited.demo.uxloft.com,Unknown
camdencountylibrary.mylibrarytoolbar.com,Unknown
camclqlbqtzftmplndts.ahdaaf.org,Unknown
cambodian.bestseedtodo.xyz,Unknown
cambasiahalisitoolbar.myuniversitytoolbar.com,Unknown
camaraquiterianopolis.ce.gov.br,Unknown
calotrenworks.mystoretoolbar.com,Unknown
calls.bitcoinlingo.com,Unknown
callback.bitdefenderdistributor.co,Unknown
call.stopitanddropit.com,Unknown
call.raidstore.org,Unknown
call.iotbasketball.com,Unknown
call.firetrailllc.com,Unknown
calendar.zakcomputer.com,Unknown
calendar.bubnov.ru,Unknown
caixadourada.sitebrasil.org,Unknown
caixa.inativosativosparasaque.com,Unknown
caixa.consulteeagendeinativosliberados.com,Unknown
caepo.modularcampus.host,Unknown
cachewww.cpays.com,Unknown
cacheman.say-it-now.com,Unknown
cachedownload.huangjindafa.com,Unknown
cachebanner.wtcugfac.com,Unknown
cachebanner.dafapunter.com,Unknown
cache.worldfriends.tv,Unknown
cache.winhundred.com,Unknown
cache.turbocacher.space,Unknown
cache.klockan.info,Unknown
cach.2d73.ru,Unknown
cabiault.aivoni.com,Unknown
ca.service.enligne.credit-agricole.fr.stb.entreebam.inc-system.com,Unknown
ca.posthash.org,Unknown
ca.pf.fcgab.com,Unknown
ca.monerov9.com,Unknown
ca.monerov8.com,Unknown
ca.fq520000.com,Unknown
ca-antispy-antispyware.ojolink.fr,Unknown
ca-antispy-antimalware.ojolink.fr,Unknown
c8hfxkywb7.ignition3.tv,Unknown
c85zz.aojcwcmbslojum.5xkpw.site,Unknown
c85-196-112-174.static.sdsl.no,Unknown
c82.192.128.79.sho.nrdc.dk,Unknown
c7gpys38drldcvhbwrst.alfacomercial.com.br,Unknown
c6.myapkcdn.in,Unknown
c5y0wwcc8.areospolis.gr,Unknown
c5cfj87zsfptafpudws2.littlematchagirl.com.au,Unknown
c5aor11e4mgqhocovfef.littlematchagirl.com.au,Unknown
c5.72zx.com,Unknown
c4.72zx.com,Unknown
c3nter989.neww-d3vel0per44.ml,Unknown
c3m7fms1nin1qheq1blt.mafe.edu.co,Unknown
c32.19aq.com,Unknown
c2c.webprojemiz.com,Unknown
c26.valary.com,Unknown
c2.thecounter.de,Unknown
c2.howielab.com,Unknown
c2.cyberium.xyz,Unknown
c2.72zx.com,Unknown
c11n4.i.teaserguide.com,Unknown
c1.thecounter.de,Unknown
c1.storagenl.info,Unknown
c1.reportbox3.info,Unknown
c1.nat.hitat.win,Unknown
c1.myapkcdn.in,Unknown
c1.apkads.com,Unknown
c0pywins.is-not-certified.com,Unknown
c001456.aaa.ididp.com,Unknown
c0.zhehen.com,Unknown
c.zeroredirect2.com,Unknown
c.zeroredirect.com,Unknown
c.zabrak0vmin0kov3.com,Unknown
c.zabrak0vmin0kov2.com,Unknown
c.zabrak0vmin0kov1.com,Unknown
c.webwise.org,Unknown
c.thecounter.de,Unknown
c.subo.me,Unknown
c.setterlistjob.biz,Unknown
c.oix.net,Unknown
c.oix.com,Unknown
c.nexjovzvppyrolysing.online,Unknown
c.networkadex.com,Unknown
c.neckgorynych.com,Unknown
c.nana.gq,Unknown
c.najwahaifamelema99.com,Unknown
c.najwahaifamelema98.com,Unknown
c.najwahaifamelema97.com,Unknown
c.najwahaifamelema89.com,Unknown
c.najwahaifamelema88.com,Unknown
c.najwahaifamelema87.com,Unknown
c.najwahaifamelema86.com,Unknown
c.najwahaifamelema47.com,Unknown
c.najwahaifamelema100.com,Unknown
c.mrblobby.xyz,Unknown
c.lygo.com,Unknown
c.kele55.com,Unknown
c.img005.com,Unknown
c.img001.com,Unknown
c.gmtrack.com,Unknown
c.ggtg001.com,Unknown
c.get-media.co,Unknown
c.firmapplication.com,Unknown
c.findology.com,Unknown
c.fedwlg.com,Unknown
c.etheos.site,Unknown
c.dataq.stream,Unknown
c.couponsvc.com,Unknown
c.cnstats.ru,Unknown
c.cliop.com,Unknown
c.centralmedia.ws,Unknown
c.atrigxolme.com,Unknown
c.adexchangemachine.com,Unknown
c.adclickthru.net,Unknown
c.abnad.net,Unknown
c-elysee.joonik.com,Unknown
byx.birs.at,Unknown
bythebooth.awesomewebdeveloper.com,Unknown
byroenet.0xhost.net,Unknown
bypass.meks.net,Unknown
bypass.lovewebhost.com,Unknown
bypass.4clever.com,Unknown
byot.adultrevenueservice.com,Unknown
byod.mcclellandcollege.vic.edu.au,Unknown
bygg.olbi.no,Unknown
byareview-document.pdf-iso.webapps-security.review-2jk39w92.ab5nights.com,Unknown
by.euss.pro,Unknown
by.dns-syn.com,Unknown
by-cosmetics.dent-spa.ru,Unknown
bxcpzonasqura.ml-agency.net,Unknown
bxcj.m.dodo52.com,Unknown
bwysstaff.forgottenrain.net,Unknown
bwmjbup.forgottenfolk.tk,Unknown
bwgbgq.co.vu,Unknown
bwc.ianbell.com,Unknown
bw1q.ccisisl.top,Unknown
bvmzgqt.qok.me,Unknown
bvjjj257h8494373.freebackup.xyz,Unknown
bv.truecompassdesigns.net,Unknown
buzzwall.digital-forerunners.com,Unknown
buyvicodinonline.veryweird.com,Unknown
buying.mobile.online.phone.samsung.uk.sms13.de,Unknown
buybose.primetime-av.com,Unknown
buy.healthcare-internet.com,Unknown
buy-vicodin-online.supersite.fr,Unknown
buy-viagra-line.enjoymeds.biz,Unknown
butterflygirlsfantasy.myforumtoolbar.com,Unknown
butterfly.bigmoney.biz,Unknown
butmyss.trustfundy.com,Unknown
butmyss.churchofenglandstay.com,Unknown
butmys.c21snider.info,Unknown
butmy.ibsondemand.com,Unknown
busybee.dvv.org,Unknown
buskingforlife.loyaltytoolbar.com,Unknown
businessstudies.goyalsonline.com,Unknown
businessdoc.mastersevent.ae,Unknown
business.lbn.ru,Unknown
business.internetdocss.com,Unknown
business.imuta.ng,Unknown
business.dropbox.okamotocorp.sportsmag.ro,Unknown
business.dropbox.loading.anekaherbalbarokah.tk,Unknown
bush.basinafterthought.bid,Unknown
burysek.brownhousebillboards.com,Unknown
buryposs.rheumatoidarthritispatient.com,Unknown
buryposs.coralgablesvet.com,Unknown
burypo.giondemanduniversity.com,Unknown
burypo.gihealthrecords.org,Unknown
burypo.gihealthrecords.info,Unknown
bursasporumcom.forumtoolbar.com,Unknown
bursasporteam.media-toolbar.com,Unknown
buro.lego-web.ru,Unknown
burn.settingsdata.store,Unknown
burlingtoncountylibrary.mylibrarytoolbar.com,Unknown
burger.foodfans.org,Unknown
bundle-hn.7654.com,Unknown
bunde.mystoretoolbar.com,Unknown
bun.warspade.bid,Unknown
bun.companythings.bid,Unknown
bulldogforum.media-toolbar.com,Unknown
bull.ormondbeachconnection.com,Unknown
bulksms.teamserv.com.eg,Unknown
bulk.junipersfire.com,Unknown
builds.cngkitwala.com,Unknown
builds.antiaim.ru,Unknown
buildportalcom.myradiotoolbar.com,Unknown
buildings.views.al,Unknown
build.zebraexpansion.bid,Unknown
build.singularity.wtf,Unknown
build.sabinesheriff.org,Unknown
build.mintwax.party,Unknown
build.hammerrate.bid,Unknown
buggy.media-toolbar.com,Unknown
budniak.grupaphp.com,Unknown
buddhasgarden.myforumtoolbar.com,Unknown
buchedosa.ye.ro,Unknown
bubo.pineappleny.com,Unknown
buben.hustej.net,Unknown
bubble.flashticketswf.xyz,Unknown
bubbhar.myblogtoolbar.com,Unknown
btwosfunny.onthenetas.com,Unknown
btud.mylibrarytoolbar.com,Unknown
bttucd7itf1vg41exelg.maherstcottage.com.au,Unknown
btr.domywife.com,Unknown
bth.myblogtoolbar.com,Unknown
btfile.mycosmetiks.fr,Unknown
bt.webwise.org,Unknown
bt.nmenu.cn,Unknown
bt.davka.info,Unknown
bspixel.bidsystem.com,Unknown
bsin2mmmaz.uqszv.today,Unknown
bshtx.graysiren.pw,Unknown
bserver.bclick.com,Unknown
bserv.darkblue.com,Unknown
bsb.myblogtoolbar.com,Unknown
bsa.isoftware.nl,Unknown
bs2000.mystoretoolbar.com,Unknown
bs.kamfo.at,Unknown
brunotoolbar.myfamilytoolbar.com,Unknown
brunette.flashticketswf.xyz,Unknown
brtlls.ins-styler.com,Unknown
brozy.10gb.ru,Unknown
browshot.checkit.kr,Unknown
brown.k12.oh.us,Unknown
browardlegalaid.joelkienitz.com,Unknown
bronx.nanoomadultdaycare.com,Unknown
bron.theportorangeconnection.org,Unknown
bron.lacoppacoffee.com,Unknown
bro.warnetclub.com,Unknown
briut.fruitfuldemo.com,Unknown
brittradingza.fishfizayam.com,Unknown
brite.wm01.to,Unknown
brilliantgameologists.howsyourmuffin.com,Unknown
brigittes.myblogtoolbar.com,Unknown
brightphoto.brightbbc.com,Unknown
brighten7.legendsbotnet.club,Unknown
brighten4.alasrglobal.com,Unknown
brighten.alasrglobal.com,Unknown
bridgetrack.speedera.r3h.net,Unknown
bridgeph4.zgxuanhao.com,Unknown
bridgeph4.viewvogue.com,Unknown
bridgeph3.zgxuanhao.com,Unknown
bridgeph3.viewvogue.com,Unknown
bridgeph2.zgxuanhao.com,Unknown
bridgeph2.viewvogue.com,Unknown
bridgeph1.zgxuanhao.com,Unknown
bridgeph1.viewvogue.com,Unknown
bridgecr4.tailebaby.com,Unknown
bridgecr4.hanltlaw.com,Unknown
bridgecr3.tailebaby.com,Unknown
bridgecr3.hanltlaw.com,Unknown
bridgecr2.tailebaby.com,Unknown
bridgecr2.hanltlaw.com,Unknown
bridgecr1.tailebaby.com,Unknown
bridgecr1.hanltlaw.com,Unknown
brewer.designgrotto.com,Unknown
breedmail.media-toolbar.com,Unknown
breed.marte.ro,Unknown
brazucabar.myradiotoolbar.com,Unknown
braveknight.quizkid.net,Unknown
brave.ebod.co.uk,Unknown
bravc.oliver-greiner.ch,Unknown
bransoncatcommunityaccess.loyaltytoolbar.com,Unknown
brands2life.b2ldigitalprojects.com,Unknown
brands.lingerize.com,Unknown
brandpartners.cometracingleathers.com,Unknown
brandon.fuller.name,Unknown
brandmyspace.mycollegetoolbar.com,Unknown
bradesco2.coteaquisaude.com,Unknown
bradesco.com.br-atendimento.info-email.co,Unknown
bradesco-ww.hut4.ru,Unknown
br001.topmoneyplus.com,Unknown
br.winfixer.com,Unknown
br.errorsafe.com,Unknown
br.blackfling.com,Unknown
bqx.proxysitelist.net,Unknown
bqwsa.igg.biz,Unknown
bqmsp.saqibsiddiqui.com,Unknown
bqfqdm96hrbxlo6cc9af.mafe.edu.co,Unknown
bqckd.kilopotato.site,Unknown
bpzonasegura.viadcp.com,Unknown
bpzonasegura.cajaperu.tk,Unknown
bpt.digitalwavemktg.com,Unknown
bppi.saqibsiddiqui.com,Unknown
bpczonasegura.viubep.com,Unknown
bpczonasegura.vaibcq.com,Unknown
bpc.avalpefin.co.ao,Unknown
bpas.websuccessdemo.com,Unknown
bp5zihoz.uqokc7hovdk4pg19wxnwcmtjejjzeumo.site,Unknown
boystownlive.myradiotoolbar.com,Unknown
boyramos.dags.us,Unknown
boylondon.jaanhsoft.kr,Unknown
box64.uuuo.com,Unknown
box62.a-inet.net,Unknown
box.kantanstart.jp,Unknown
boviliyu.ndgcanada.com,Unknown
boutique.iacoila.fr,Unknown
bourneandweir.bundy.agency,Unknown
boulimiques.melgreenberg.net,Unknown
boucherie.lemarchefrais.com,Unknown
bottomlineradio.myradiotoolbar.com,Unknown
bots.uthar.nl,Unknown
bots.configbinbots.info,Unknown
botnet.cryptokassa.ru,Unknown
botnet.americaircairmakan.com,Unknown
botcrawl.openmediasoft.com,Unknown
bot.xiaohec.top,Unknown
bot.sunless.network,Unknown
bot.madlabs.com.my,Unknown
bot.lethetuan.com,Unknown
bot.jjevil.com,Unknown
bot.itunesupdate.net,Unknown
bot.ibmsupport.net,Unknown
bot.googlecustomservice.com,Unknown
bot.godaddydns.net,Unknown
bot.eggdomain.net,Unknown
bot.duola123.com,Unknown
bot.360antivirus.org,Unknown
bot.1songjiang.info,Unknown
bostongeekawards.joshbob.com,Unknown
boston.sandeeps.info,Unknown
boss-hoss.just-reward.com,Unknown
bos.pgzs.com,Unknown
borisr.sanatrixlec.doctorcontrol.com.ve,Unknown
boringtalkshownet.myradiotoolbar.com,Unknown
borin.expresslinkcourier.online,Unknown
borgards.myfamilytoolbar.com,Unknown
bord.casaalgarviadog.com,Unknown
borat.elticket.com.ar,Unknown
bora.8dragonphoenixastoria.com,Unknown
bor.superyaz.com,Unknown
boppajournals.myfamilytoolbar.com,Unknown
bootyman.ucgalleries.com,Unknown
boots.fotopyra.pl,Unknown
boot.wizebar.com,Unknown
boost.inkbelief.faith,Unknown
booking.goyalmri.com,Unknown
book.dhl-sun.com,Unknown
boog.media-toolbar.com,Unknown
bonsainetwork.myuniversitytoolbar.com,Unknown
bonjovi.myradiotoolbar.com,Unknown
bonjo.bmbsklep.pl,Unknown
boni2.acsdrctverlosch1.com,Unknown
bondageporn.100toppages.com,Unknown
bombussite.myforumtoolbar.com,Unknown
bomber.skywapers.tk,Unknown
bollyzonenet.media-toolbar.com,Unknown
bollyradio.myteamtoolbar.com,Unknown
boletocredicard.tpimidia.com,Unknown
bold.wildernessamusement.pw,Unknown
bola.thegoldenpalette.com,Unknown
bokokalsoblasdba.mayja.xyz,Unknown
bojaloagx.hk15.2ifree.com,Unknown
boil.coilslitting.co.uk,Unknown
bohobargains.luvtoshop.net,Unknown
boggled.mycitytoolbar.com,Unknown
bofasignonv2.com.signinv2.es,Unknown
bofac.adi-international.org,Unknown
boemiworld.myradiotoolbar.com,Unknown
bodyaction.cesare-paciotti.ae,Unknown
bod.pixelpicturescorp.com,Unknown
bocxeptphcm247.tinhoccongnghe.com,Unknown
bobo.55sq.com,Unknown
bobo.2ggss.com,Unknown
bobfans.mycitytoolbar.com,Unknown
bobby.searchmiracle.com,Unknown
bobbaradio.myradiotoolbar.com,Unknown
bob.suzetrust.com,Unknown
board.harvestamerica.org,Unknown
board.avsubmitter.com,Unknown
boaliahighschool.edu.bd,Unknown
boabighq.periodpetty.com,Unknown
boaa.optimal-healthchiropractic.com,Unknown
boa.chat-host.org,Unknown
boa-account-limite-id-26382382739238.rccgcanada.org,Unknown
boa-0918-verify-login-2014.icrb.cl,Unknown
bo.refrige.pt,Unknown
bnzonasegura.bnenlinea.net,Unknown
bnz.co.nz.ka2ziybqsizp6s2.e-lecta.net,Unknown
bnz.co.nz.centralstationlogistics.com,Unknown
bnuaxndr.topbagswallets.com,Unknown
bnr.sys.lv,Unknown
bnote.novelux.com,Unknown
bnmehpfv.mprushomes.com,Unknown
bnkmse.melisorganizasyon.net,Unknown
bnk.ib.rankk.xyz,Unknown
bng.ywghg.download,Unknown
bnc.ppkhijabar.org,Unknown
bnationalscollege.edu.bd,Unknown
bn.wonderingwriter.com,Unknown
bn.vanzherke.ru,Unknown
bn.profiwin.de,Unknown
bmwsg.myforumtoolbar.com,Unknown
bmweb1.bbmedia.cz,Unknown
bmsgsc.edu.bd,Unknown
bmosecurity.lensflyer.com,Unknown
bmo.security-verifications.com,Unknown
bmo.restricted-account.com,Unknown
bmo.instant-verification.com,Unknown
bmda.wenyisoft.com,Unknown
bma.adi-international.org,Unknown
blya.coconuts4kids.com,Unknown
blushing.findgutterhelmet.com,Unknown
bluradio.myradiotoolbar.com,Unknown
blueto0oth.myfamilytoolbar.com,Unknown
blueshellbags.com.twosisterswine.com.au,Unknown
blues.fr.am,Unknown
bluegalaxy.myblogtoolbar.com,Unknown
bluecrest.arbitaur.com,Unknown
bluechaos.dommel.be,Unknown
blue.liga.co.il,Unknown
blpkywpd.crestonhall.com,Unknown
blooper.flashticketswf.xyz,Unknown
bloodsuckerz.da.cx,Unknown
blomstertorget.omdtest.se,Unknown
blogsuiteblog.myradiotoolbar.com,Unknown
blogscene.myblogtoolbar.com,Unknown
blogs.vca-inc.net.cn,Unknown
blogs.nwp2.xcut.pl,Unknown
blogs.gursha-dubai.com,Unknown
blogs.arconstech.com,Unknown
blogmaster.myblogtoolbar.com,Unknown
blogmagic.myblogtoolbar.com,Unknown
blogkardesligi.myblogtoolbar.com,Unknown
bloggy.myblogtoolbar.com,Unknown
bloggthierde.media-toolbar.com,Unknown
bloggers.swarajyaawards.com,Unknown
bloggerpro.myblogtoolbar.com,Unknown
blogg.tonyrene.no,Unknown
blogg.postvaxel.se,Unknown
blogfesor.myblogtoolbar.com,Unknown
bloger.myblogtoolbar.com,Unknown
blogbak.xxwlt.cn,Unknown
blogari.myblogtoolbar.com,Unknown
blogak.baleike.eus,Unknown
blog1533361.123-reg-blogs.co.uk,Unknown
blog.xineasy.com,Unknown
blog.writewellapp.com,Unknown
blog.weddingguu.com,Unknown
blog.webdragons.in,Unknown
blog.visible.lv,Unknown
blog.vanguardhome.com.br,Unknown
blog.v217.5pa.cn,Unknown
blog.usafibremarin.ml,Unknown
blog.ucuracak.com,Unknown
blog.trianglewebhosting.com,Unknown
blog.tlacademy.org,Unknown
blog.theglasstudioireland.com,Unknown
blog.teenyb.com,Unknown
blog.teeio.moe,Unknown
blog.talto.com.br,Unknown
blog.tactfudosan.com,Unknown
blog.stopartrose.be,Unknown
blog.ston3o.me,Unknown
blog.srh-poliklinik.de,Unknown
blog.soumensageiro.com,Unknown
blog.skydc.co.kr,Unknown
blog.siisa.com.ar,Unknown
blog.scale2go.com,Unknown
blog.sarahshambaughphoto.com,Unknown
blog.saletron.net,Unknown
blog.rolf.id.au,Unknown
blog.roadstud.cn,Unknown
blog.river-tiger.com,Unknown
blog.replacemycontacts.com,Unknown
blog.rentcarsuganda.com,Unknown
blog.raztype.com,Unknown
blog.raw-recruits.com,Unknown
blog.rafaelmachin.com,Unknown
blog.quierochambear.info,Unknown
blog.psd-consulting.com,Unknown
blog.provesillya.com,Unknown
blog.profesal.pl,Unknown
blog.prepay.ro,Unknown
blog.pppcentral.org,Unknown
blog.powerphotography.ca,Unknown
blog.planetasif.com,Unknown
blog.pitangawear.com.br,Unknown
blog.piotrszarmach.com,Unknown
blog.otraidea.com.ar,Unknown
blog.orlandojorgemera.com.do,Unknown
blog.optimalupgrades.ca,Unknown
blog.oluwaseungbemigun.com,Unknown
blog.officialbrisbane.com,Unknown
blog.notesmaster.com,Unknown
blog.nebula.us,Unknown
blog.ndstudio.xyz,Unknown
blog.na-strychu.pl,Unknown
blog.myelimu.com,Unknown
blog.mon-logement-etudiant.fr,Unknown
blog.mindtheguide.com,Unknown
blog.melbournediscgolf.com,Unknown
blog.mediumpromo.top,Unknown
blog.mediacloob.com,Unknown
blog.masoomyf.com,Unknown
blog.marcusstuartvannini.com,Unknown
blog.lojadosexo.com,Unknown
blog.lenxi.cn,Unknown
blog.kovida.in,Unknown
blog.konstantinivanov.info,Unknown
blog.kingsdivinity.org,Unknown
blog.jptn.ca,Unknown
blog.jiagouyun.com,Unknown
blog.javiersantana.es,Unknown
blog.itnet.vn,Unknown
blog.iondaniel.ro,Unknown
blog.intellectualgiants.com,Unknown
blog.insite.pt,Unknown
blog.ihacksrepo.com,Unknown
blog.hi-all.com,Unknown
blog.healthyactivewellness.com,Unknown
blog.halalgoogling.com,Unknown
blog.gobizmo.in,Unknown
blog.getroyal.mx,Unknown
blog.freefoodnz.com,Unknown
blog.fm120.com,Unknown
blog.flexsuplementos.com.br,Unknown
blog.ferotech.com,Unknown
blog.f6n.net,Unknown
blog.expensesharing.com,Unknown
blog.enertres.com,Unknown
blog.empregavoce.com.br,Unknown
blog.emporioazuki.com.br,Unknown
blog.embratonlife.com.br,Unknown
blog.dtkindlerphoto.com,Unknown
blog.dintex.in,Unknown
blog.digishopbd.com,Unknown
blog.desmondrealty.com,Unknown
blog.desdelafarmacia.com,Unknown
blog.dcc-directory.com,Unknown
blog.damngood.mx,Unknown
blog.ctiwe.com,Unknown
blog.comwriter.com,Unknown
blog.comjagat.com,Unknown
blog.cocunat.fr,Unknown
blog.ciancenter.org,Unknown
blog.calegario.com,Unknown
blog.bctianfu.cn,Unknown
blog.baytic.com,Unknown
blog.babygracephotography.com,Unknown
blog.australiandiscgolf.com,Unknown
blog.audiology.com.br,Unknown
blog.asjinmobiliaria.com,Unknown
blog.apyka.com,Unknown
blog.antoniorull.com,Unknown
blog.almeidaboer.adv.br,Unknown
blog.adonischang.com,Unknown
blog.abritech.in,Unknown
blog.5smile.com,Unknown
blog.3yinaudio.com,Unknown
blog.3kingsclothing.com,Unknown
blocks.ginotrack.com,Unknown
blocknoise.media-toolbar.com,Unknown
blockchainzim.co.zw,Unknown
blockchain.info.datasellnow.com,Unknown
block.highqualitypolice.com,Unknown
blocannuaire.myteamtoolbar.com,Unknown
bleu.cloris.co,Unknown
blessing.molodej-ka.com,Unknown
ble.eanswers.com,Unknown
blbr.ruthli.com,Unknown
blast-me.01g.info,Unknown
blackcherry.media-toolbar.com,Unknown
blackburn.myradiotoolbar.com,Unknown
blackberry.chitchat.org.uk,Unknown
blackbeatsfmtoolbar.myradiotoolbar.com,Unknown
blabla4u.adserver.co.il,Unknown
bl.canadia.info,Unknown
bkytrozb.theradicalbrandlab.org,Unknown
bkidr.octopusoctober.site,Unknown
bk2006.myradiotoolbar.com,Unknown
bk-brandstory.mdscreative.com,Unknown
bjadamstaxservices.bjadamswebsites.com,Unknown
bjadamsandassociates2.bjadamswebsites.com,Unknown
biznes.rise-up.nsk.ru,Unknown
bizanti.youwatch.org,Unknown
biz.verify.apple.com.dgsfotografia.com.br,Unknown
biz.thomsoninvest.net,Unknown
biz.creationcabin.com,Unknown
biz.chlbiz.com,Unknown
bitdefender-antivirus.ojolink.fr,Unknown
bitcoin.parrotsec.cn,Unknown
bitchmmkkox.sultryserver.com,Unknown
bitapix.abensys.com,Unknown
bism.co.vu,Unknown
bisatto.itworkservices.cl,Unknown
bis.180solutions.com,Unknown
bireysel.ziraatwebgirisleri.com,Unknown
bireysel.ziraatweb.net,Unknown
bireysel.halkwebsubesi.com,Unknown
bireysel.halkbankasigirisim.com,Unknown
biptv.ifitsit.com,Unknown
bipolarlivinginmyownworld.myfamilytoolbar.com,Unknown
biosensor.sevenfifths.com,Unknown
biomir.ajanslive.com,Unknown
biogeo.mylibrarytoolbar.com,Unknown
bins.lop.com,Unknown
bins.dns-look-up.com,Unknown
binder2.pasaratos.com,Unknown
binary.toushiblog.com,Unknown
binance.bnb-token.sale,Unknown
bin1.openprog.ru,Unknown
bin.memoryson.bid,Unknown
bin.errorprotector.com,Unknown
bin.cdkyjm.com,Unknown
bimonline.insites.be,Unknown
billingproblem-cl-appid.itsmepuput.id,Unknown
billing.zabiyaka.org,Unknown
billing.supercloud.com.gh,Unknown
billing.netflix.user.solution.id2.client-redirection.com,Unknown
billing.logohelp.com,Unknown
billiard.design-ekb.ru,Unknown
bill4939.njealle.co.uk,Unknown
bill.wrestlingfest.com,Unknown
bill.wiedemann.com,Unknown
bill.uniquelybucks.com,Unknown
bill.toiletseatbolts.com,Unknown
bill.toiletbolts.com,Unknown
bill.tobipage.com,Unknown
bill.thriveob.com,Unknown
bill.thrivemdchicago.com,Unknown
bill.thrivemd.com,Unknown
bill.theadventurekid.com,Unknown
bill.seweather.net,Unknown
bill.rocktravel.org,Unknown
bill.orangetheorysm.com,Unknown
bill.midwestoshot.com,Unknown
bill.lgveg.org,Unknown
bill.johnheard.us,Unknown
bill.jiwanta.in,Unknown
bill.honeybandaid.com,Unknown
bill.gtworks.com,Unknown
bill.gerhardrosin.ca,Unknown
bill.drsamuelkane.net,Unknown
bill.donnaschechter.com,Unknown
bill.creepycollective.com,Unknown
bill.colourtheorymusic.com,Unknown
bill.buzdash.club,Unknown
bill.bookingcabarete.org,Unknown
bill.bookingcabarete.net,Unknown
bill.aiimllc.com,Unknown
bill.aaaahd.org,Unknown
bikervideo.mycitytoolbar.com,Unknown
bikertown24.myradiotoolbar.com,Unknown
biid.org.bd,Unknown
bigun.serverbox.org,Unknown
bigtits.xxxallaccesspass.com,Unknown
bigsausagepizza.bestseedtodo.xyz,Unknown
bigrementboncom.mycitytoolbar.com,Unknown
bigpond.co.nz.preview.services,Unknown
bigman.awebsiteonline.com,Unknown
bigipsuggest.widdit.com,Unknown
bigipservices.widdit.com,Unknown
bigipdetect.widdit.com,Unknown
bigfmae.zeecdn.com,Unknown
bigd.bracu.ac.bd,Unknown
bigchess.belpc.ru,Unknown
bigcandybox.w2pstore.com,Unknown
bigassist.widdit.com,Unknown
big3.tonmg.com,Unknown
big3.charrem.com,Unknown
big1.tonmg.com,Unknown
big1.charrem.com,Unknown
big.toolsreview.info,Unknown
big-booty-bitches.only18plus.com,Unknown
bifmcn.edu.bd,Unknown
bifgi.centurypublic.pw,Unknown
bidzcenter.mylibrarytoolbar.com,Unknown
bidtxt.whenu.com,Unknown
bidtxt.memedia.com,Unknown
bicpzonasequra.vivabcps.tk,Unknown
bicostp.portablesofdoom.org,Unknown
biblistas.myblogtoolbar.com,Unknown
bia.safe-order.net,Unknown
bi.pushthetraffic.com,Unknown
bi.netmonks.org,Unknown
bi.bisrv.com,Unknown
bhy678cfr54.ericwhitledge.com,Unknown
bhuiyansmm.edu.bd,Unknown
bhptbdhqauqqo4ds6ugq.maherstcottage.com.au,Unknown
bhptbdhqauqqo4ds6ugq.littlematchagirl.com.au,Unknown
bhilai.mycitytoolbar.com,Unknown
bhfoadz.siam108site.com,Unknown
bhff60.sa122.com,Unknown
bhajankutir.vedicseasons.com,Unknown
bgwxwjtzjn.786vf7ueyw.madpendesign.com.au,Unknown
bgtest.vedel-oesterby.dk,Unknown
bgtc.pctonics.com,Unknown
bgt.com.ge,Unknown
bgs.qhedu.net,Unknown
bglradio.myradiotoolbar.com,Unknown
bgbgcoil.mycitytoolbar.com,Unknown
bgafc.t-hosting.hu,Unknown
bg-koeniz-lerbermatt.evbg.ch,Unknown
bfzsthbjuew4rx4jfusp.littlematchagirl.com.au,Unknown
bfxvhvkoy7wzcvva0zum.littlematchagirl.com.au,Unknown
bfxmaiwv.boxcage.net,Unknown
bfvbl.554180461.cn,Unknown
bfsa.gov.bd,Unknown
bfi.s0ftpj.org,Unknown
bfgvdc.igg.biz,Unknown
bff.7oorq8.com,Unknown
bfd45u8ehdklrfqwlhbhjbgqw.niptana.at,Unknown
bf6505c9.static.spillpalletonline.com,Unknown
bf.mocda1.com,Unknown
bf.donnacastillo.com,Unknown
beuamadrasha.edu.bd,Unknown
betthegamebiz.mytowntoolbar.com,Unknown
betterauctionsonline.mystoretoolbar.com,Unknown
bethdiblathaim-genavam.itkeysolution.com,Unknown
bethany.postle.gogowebspace.com,Unknown
beta1.blindpigsrock.com,Unknown
beta.webline.ge,Unknown
beta.spb0.ru,Unknown
beta.salon.mn,Unknown
beta.robynjlaw.com,Unknown
beta.muzeumbialoleki.pl,Unknown
beta.koalusala.lt,Unknown
beta.jbike.org,Unknown
beta.jawambeling.com,Unknown
beta.easy-hit-counters.com,Unknown
beta.down2crazy.com,Unknown
beta.brewproductions.com,Unknown
beta.adriatictours.com,Unknown
bestofthenetmedia.myblogtoolbar.com,Unknown
bestoffers.activeshopper.com,Unknown
bestofbest.myblogtoolbar.com,Unknown
bestix.media-toolbar.com,Unknown
bestbroadwaypizza.moregraphix.com,Unknown
bestaorname.byinter.net,Unknown
best.wwwhow.ru,Unknown
best.ntxreia.org,Unknown
best.nonebrokerage.info,Unknown
best.mystoretoolbar.com,Unknown
best.mobilpornosex.com,Unknown
best.freeaccheck.com,Unknown
best.classicbe.com,Unknown
best-trucking-factoring-companies-reviews.truckfactor.org,Unknown
bespoke.masiavuvu.fr,Unknown
besikduzumem61.myforumtoolbar.com,Unknown
berzaposlova.media-toolbar.com,Unknown
bertzeserf.co.vu,Unknown
bernard-wonka.kevin-jolbert.fr,Unknown
beritabolacom.myradiotoolbar.com,Unknown
berita.unduhvideo.club,Unknown
berisha.myradiotoolbar.com,Unknown
bergheimcity.mycitytoolbar.com,Unknown
beredtpillendozen.montrealindependentgamesfestival.ca,Unknown
benworldmart.mystoretoolbar.com,Unknown
bensspace.myblogtoolbar.com,Unknown
benjamin.nhvvs.fr,Unknown
benin.nigerian.net,Unknown
ben.flashticketswf.xyz,Unknown
bemsar.tevci.org,Unknown
belote.ledindon.com,Unknown
bellisland.mytowntoolbar.com,Unknown
bellevuemanorafh.victorpopa.com,Unknown
bella.thegalaxyweb.com,Unknown
belchfire.myforumtoolbar.com,Unknown
belajar.prosper.web.id,Unknown
belair.btwstudio.ch,Unknown
belacruz.ce.gov.br,Unknown
beibei.xx007.cc,Unknown
behave.nualias.com,Unknown
begin.buyuglysellugly.com,Unknown
befvde.igg.biz,Unknown
beer.flashticketswf.xyz,Unknown
bee.vyudu.tech,Unknown
beautyzone.bmt.city,Unknown
be4ch5kpf3.aristauniversal.com,Unknown
be.thevoucherstop.com,Unknown
be.goofull.com,Unknown
bdtpsldfue7wu.upd2-dns.com,Unknown
bdss.edu.bd,Unknown
bdsearch.myradiotoolbar.com,Unknown
bdi2.nomadicdecorator.com,Unknown
bde1wtzxfho2d9krz0ar.viomil.ro,Unknown
bddown1.yahamall.xyz,Unknown
bd3.bxamp.com,Unknown
bd2.hnsjsm.com,Unknown
bd2.bxamp.com,Unknown
bd173.9pj8m.com,Unknown
bd.tonmg.com,Unknown
bd.mobilebazer.com,Unknown
bd.hackzgwl.pw,Unknown
bd.charrem.com,Unknown
bcq.aruh.ml,Unknown
bcpzonaseguro.viabcp2.com,Unknown
bcpzonaseguras.viacbpc.com,Unknown
bcpzonaseguranet-viabcp.bc-kes.com,Unknown
bcpzonaseguraenlinea2.betaviasegurablcp.com,Unknown
bcpzonasegurabeta.viabcp.com.telescreditosbpc.com,Unknown
bcpzonasegura.viaobcp.net,Unknown
bcpzonasegura.viahcp.com,Unknown
bcpzonasegura.viabup.com,Unknown
bcpzonasegura.viabeps.com,Unknown
bcpzonasegura.2viabep.com,Unknown
bcpzoansegura-viabcp.vb-bc.com,Unknown
bcpmovil.peruzonasegura.ml,Unknown
bcpfb.perutracker.com,Unknown
bcp.com.bo.onlinebchp-bo.com,Unknown
bclhbfqqz.218sb.com,Unknown
bceaaffa.ybknukyghck.com,Unknown
bcbwtkhdx105qym.221sb.com,Unknown
bc.mmajd.com,Unknown
bbxmail.gdoc.sercelinsaat.com,Unknown
bbwscimanuk.pdsda.net,Unknown
bbwrm.voodoodiesel.site,Unknown
bbvacontinental.co.at.hm,Unknown
bbva-continental-pe.securepe.net,Unknown
bbtvstore.mystoretoolbar.com,Unknown
bbsecuredwebonline.abbeyroadmortgages.com,Unknown
bbs1.marisfrolg.com,Unknown
bbs.zgfhl.com,Unknown
bbs.wandigi.com,Unknown
bbs.tiens.net.cn,Unknown
bbs.sunwy.org,Unknown
bbs.mepptobinhoyag.com,Unknown
bbs.lophone.cn,Unknown
bbs.homer-english.com,Unknown
bbs.hi-888.com,Unknown
bbs.fateqq.com,Unknown
bbs.fangzu.com,Unknown
bbs.ccnn7.com,Unknown
bbs.buildren.com,Unknown
bbs.bjchun.com,Unknown
bbs.birosletaxu.com,Unknown
bbs.baby60.com,Unknown
bbs.armfly.com,Unknown
bbs.abvc.cn,Unknown
bbo.ucgalleries.com,Unknown
bbmobionline.co.vu,Unknown
bbmedia.co.zw,Unknown
bblfz.sa092.com,Unknown
bbjj.househot.com,Unknown
bbhighschool.edu.bd,Unknown
bbcnews.media-toolbar.com,Unknown
bbc.php1h.com,Unknown
bbbrasileops211-001-site1.1tempurl.com,Unknown
bbb.perfectwebsolutions.info,Unknown
bbam.vibrantexpressions.com.au,Unknown
bb.seguro.ga,Unknown
bb.portaldoclientebbatendimento.com,Unknown
bb.pessoafisicabb.com,Unknown
bb.mrmr11.cn,Unknown
bb.mobile.apksms.com,Unknown
bazylika.jgora.pl,Unknown
bazaroo.co.vu,Unknown
bayu.rtikcirebonkota.id,Unknown
bayswaternorthkindergarten.vic.edu.au,Unknown
bayprog.gowini.com,Unknown
baycare.psdsandbox.com,Unknown
bavs.org.bd,Unknown
bautagebuch.podubrin.de,Unknown
bausinger001.siteme.org,Unknown
baumix.myradiotoolbar.com,Unknown
battrenyheter.codehead.se,Unknown
batonnetstougespring.zuggmusic.com,Unknown
baton-rouge-factoring-companies.transportationfactoringcompany.org,Unknown
basspower.media-toolbar.com,Unknown
bassetlawtest.wardinter.co.uk,Unknown
basirebbe264.panoramabase.ws,Unknown
base.nigerian.net,Unknown
base.joetek.ca,Unknown
base.filedot.xyz,Unknown
barshelluniversity.tcalr.org,Unknown
barrapoluz.myblogtoolbar.com,Unknown
barraldv.myteamtoolbar.com,Unknown
barrajose.myblogtoolbar.com,Unknown
barraidea.myblogtoolbar.com,Unknown
barradenene.myfamilytoolbar.com,Unknown
barraantiga.myblogtoolbar.com,Unknown
barloventoweb.myradiotoolbar.com,Unknown
bargains.newparis.com,Unknown
barclays.logw.co.uk,Unknown
barclays.co.uk.userset.net,Unknown
barclays.co.uk.personalbanking.p1242557947640.p1242557947640.p1242557947640.093030023030230230002300239.hptrading.co,Unknown
barclays.co.uk.personalbanking.p1242557947640.p1242557947640.p1242557947640.093030023030230230002300239.cabe110.com.ar,Unknown
barclaycard.co.uk-personal-codeb6259568de39651d7a-login.id-107sbtd9cbhsbtd5d80a13c0db1f546757jnq9j5754675752468171.exaways.com,Unknown
barc.lays-online.com,Unknown
barbagianninet.myforumtoolbar.com,Unknown
bar.searchqu.com,Unknown
bar.searchcore.net,Unknown
bar.ry2002.02-ry014.snpr.hotmx.hair.zaam.net,Unknown
bar.fantastigames.com,Unknown
bappeda.dharmasrayakab.go.id,Unknown
bapo.granudan.cn,Unknown
banquepopulaire.fr.portailinternet.pages.simafarshineh.com,Unknown
banquepopulaire.fr.portailinternet.pages.default.aspx.poodine.com,Unknown
banquepopulaire.fr.activer.cyberplus.ekroitpe.com,Unknown
banque.populaire.essenceofilia.com,Unknown
banorte.com-wps-portal-banorte-be597.bedcollegesindelhi.com,Unknown
banorte.com-wps-portal-banorte-2d519.etrek.in,Unknown
bannersystem.theall.net,Unknown
banners.weboverdrive.com,Unknown
banners.vivilatina.com,Unknown
banners.valuead.com,Unknown
banners.truecash.com,Unknown
banners.thiswillshockyou.com,Unknown
banners.smarttweak.com,Unknown
banners.showdeinfieis.com,Unknown
banners.rexmag.com,Unknown
banners.playocio.com,Unknown
banners.passiondollars.com,Unknown
banners.millionairemate.com,Unknown
banners.lottoelite.com,Unknown
banners.largecash.com,Unknown
banners.idg.com.br,Unknown
banners.fuckbookhookups.com,Unknown
banners.fastcupid.com,Unknown
banners.espiasadictos.com,Unknown
banners.dollarmachine.com,Unknown
banners.crack.ru,Unknown
banners.colegialasdesvirgadas.com,Unknown
banners.chicashumedas.com,Unknown
banners.cfspm.com.au,Unknown
banners.blacksexmatch.com,Unknown
banners.beted.com,Unknown
banners.affilimatch.de,Unknown
banners.affiliatefuel.com,Unknown
banners.adventory.com,Unknown
banners.adclick.lt,Unknown
banners.absolpublisher.com,Unknown
bannerexchange.troglod.com,Unknown
banner.wm.co.za,Unknown
banner.webtools24.net,Unknown
banner.vrs.cz,Unknown
banner.themediaplanets.com,Unknown
banner.resulthost.org,Unknown
banner.paypopup.com,Unknown
banner.nttnavi.co.jp,Unknown
banner.gasuki.com,Unknown
banner.ddzchina.com,Unknown
banner.dafapunter.com,Unknown
banner.casinojamboree.net,Unknown
banner.betclicpoker.com,Unknown
banner.69stream.com,Unknown
bankofireland.boi.online365.spring.sessionstarted.login.boi.ie.ireland.bank.secure.connection.365.secure.ssl.44999039sslsonnect3,Unknown
bankofireland.boi.online365.spring.sessionstarted.login.boi.ie.ireland.bank.secure.connection.365.secure.ssl.44999039sslsonnect,Unknown
bankofamerica.textavid.com,Unknown
bankofamerica.justusianet.id,Unknown
bankofamerica.hotelgreenresidency.com,Unknown
bankofamerica.concerninglife.com,Unknown
bankofamerica.commm.seanward.me,Unknown
bankofamerica.comm.agamani.org,Unknown
bankofamerica.com.utreetek.com,Unknown
bankofamerica.com.upgrade.informtion.login.sign.in.fasttrackafrica.org,Unknown
bankofamerica.com.update.info.devyog.com,Unknown
bankofamerica.com.update.checkdrycleaners.co.za,Unknown
bankofamerica.com.securelogin.indosai.com,Unknown
bankofamerica.com.ozfiddlermusic.com.au,Unknown
bankofamerica.com.login.legalnapratica.com.br,Unknown
bankofamerica.com.login.informtion.update.new.myworkplacedigest.com,Unknown
bankofamerica.com.libfoobar.so,Unknown
bankofamerica.com.earth-eg.org,Unknown
bankofamerica.com.checking.information.details.maqlar.net.br,Unknown
bankofamerica.com.account-update.oasisoutsourcingfirm.com,Unknown
bankofamerica.com-activity.soundstrategyaccounts.com.au,Unknown
bankofamerica.com-account-verifcation-update.com.s4disk.com,Unknown
bankofamerica.chat-host.org,Unknown
bankofamerica.bowsugarfactory.com,Unknown
bankofamerica-verification.exaxol.com,Unknown
bankofamerica-recover-restricted-account.mararu.com,Unknown
bankofamerica-com.microdeal.co.uk,Unknown
bankofamerica-com-updating-new-worki-secure.dfdsfsdfsdfdsfsd.com,Unknown
bankofamerica-com-unlocked-account.dassadeqwqweqwe.com,Unknown
banking.sparkasse.de-kundennummer-teqvjdmpplcgp4d.top,Unknown
banking.raiffeisen.at.s61120.top,Unknown
banking.raiffeisen.at.id809123.top,Unknown
banking.raiffeisen.at.id176167.gdn,Unknown
banking.raiffeisen.at.id176160.gdn,Unknown
banking.raiffeisen.at.id176148.top,Unknown
banking.raiffeisen.at.id176147.top,Unknown
banking.raiffeisen.at.id176145.top,Unknown
banking.raiffeisen.at.id176143.top,Unknown
banking.raiffeisen.at.id176141.top,Unknown
banking.raiffeisen.at.id176140.top,Unknown
banking.ing-diba.de-jahresende-update.com,Unknown
banking.capitalone.com.imoveisdecarli.com.br,Unknown
banking.bmo-securevalidation.com,Unknown
bankieren.rabobank.nl.betaaldiensten.info,Unknown
bankas.paladin-global.net,Unknown
bank.wellsbankingsecurelogin.com,Unknown
bank.housebucket.bid,Unknown
bank.barclays.co.uk.olb.auth.registration.paymentreview.personalaccount.summarry.loginlink.action.thefloralessence.com,Unknown
bank.barclays.co.uk.olb.auth.registration.paymentreview.personalaccount.summarry.loginlink.action.ortodontiacontagem1.com.br,Unknown
bank.barclays.co.uk.olb.auth.registration.paymentreview.personalaccount.summarry.loginlink.action.31north62east.com,Unknown
bank.barclays.co.uk.olb.auth.loginlink.action.loginlink.action.loginlink.action.loginlink.action.totalbrakes.com.ar,Unknown
bank.barclays.co.uk.olb.auth.loginlink.action.loginlink.action.loginlink.action.loginlink.action.galatamp.com,Unknown
bank.barclays.co.uk.olb.auth.loginlink.action.loginlink.action.loginlink.action.loginlink.action.desarrolloyestudioardeco.com,Unknown
bank-security-text-message.wfb-sms.xyz,Unknown
bank-of-america.billiards-elite.gr,Unknown
bangtonight.com-csim.com,Unknown
bangperbuck-epicnemial.masper.co.uk,Unknown
banex.bikers-engine.com,Unknown
bancosantanderservice24h.es-service.es.birthstonesjewelers.com,Unknown
bancosantander.es-servicioenlinea.es.b-teacher.co.il,Unknown
bancosantander.appliedatas.com,Unknown
banco.pichincha.deptsistemas.com,Unknown
banco.itau.cl.wps.portal.olb.web.loginutpz104sj9cpykssy0xplmnmz0vmafijo8.bamcoitau.com,Unknown
bancabci.premios.info,Unknown
banana.automaxcenter.ro,Unknown
ban.xpays.com,Unknown
bams2.manhatan2018.com,Unknown
bams1.manhatan2018.com,Unknown
balliefm.myradiotoolbar.com,Unknown
balikesirspor.mystoretoolbar.com,Unknown
baliakandidm.edu.bd,Unknown
bali.reveance.nl,Unknown
baldwinhistory.portalstream.net,Unknown
bak.campussanofi.es,Unknown
bajan.flashticketswf.xyz,Unknown
baizun.bi2vl.com,Unknown
baixar2.unitmu.com.br,Unknown
baixar.musicas2018.com,Unknown
baidu.zzii.net,Unknown
baidu.jinguaigun.com,Unknown
baidu.google.taobao.ieiba.com,Unknown
baidu.com.kuai-go.com,Unknown
bai.caiyun72.com,Unknown
bagstroy.bar-chelsea.ru,Unknown
bag.mobile.system.video.sms13.de,Unknown
bafghsofla.sms-fa.ir,Unknown
badurl.ieplugin.com,Unknown
badoor.myforumtoolbar.com,Unknown
badoo.xcheats.download,Unknown
badmood.ns12-wistee.fr,Unknown
badjattxx.viralgalleries.me,Unknown
badinrigtingsingli.iloveukdeals.co.uk,Unknown
bad.thedisneygroup.info,Unknown
backuptest.tomward.org.uk,Unknown
backupsquad.mobiletouchgames.com,Unknown
backup.dressageclinic.com,Unknown
backup.dbf.es,Unknown
backpacking.tokeronex.dk,Unknown
backoffice.newsnv.be,Unknown
backoffice.comitari.com,Unknown
back.thermalpowersolutions.com,Unknown
back.taservtoo.com,Unknown
back.nobrk.co,Unknown
babymoonsofficial.myfamilytoolbar.com,Unknown
baby.dorki.info,Unknown
baby.darienpizza.com,Unknown
baby.3eke.ir,Unknown
babsy.foreverhorny.com,Unknown
babgod.hostmecom.com,Unknown
babezde.media-toolbar.com,Unknown
babes.threegooglecheckversion.xyz,Unknown
babes.picrush.com,Unknown
babao.twhl.net,Unknown
babaloke.woundedwarriorscience.science,Unknown
ba.ynzuwyckmf.rocks,Unknown
ba.wffxebirax.rocks,Unknown
ba.ckymtiprsv.rocks,Unknown
ba.cehbepqwwz.rocks,Unknown
ba.brrjlrigfa.rocks,Unknown
b92.putniktravel.com,Unknown
b8uzryw6xk.oytewqrimfcd08k.icu,Unknown
b7skdoz6x41lxrajz1yt.littlematchagirl.com.au,Unknown
b6xdb2.sa186.com,Unknown
b4youfred5485jgsa3453f.italazudda.com,Unknown
b4r8b.936sa.com,Unknown
b48r.sa167.com,Unknown
b4.3ddown.com,Unknown
b3ta.cr3ation.co.uk,Unknown
b3k196bszgmtnpbodk54.littlematchagirl.com.au,Unknown
b2vfhz.sa180.com,Unknown
b2eo9d8nzj.jqfwvwpg0wlxn.icu,Unknown
b2c.28bxg.com,Unknown
b2b.gurtasoto.com,Unknown
b24zp2.sa117.com,Unknown
b21664.fps.by,Unknown
b2.speedknow.co,Unknown
b2.searchssissi.xyz,Unknown
b2.3ddown.com,Unknown
b152.mcboo.com,Unknown
b122.mcboo.com,Unknown
b1.speedknow.co,Unknown
b.zeroredirect2.com,Unknown
b.zeroredirect.com,Unknown
b.webwise.org,Unknown
b.warezwebhosting.com,Unknown
b.trabiudsfaum.net,Unknown
b.thefile.me,Unknown
b.szwzcf.com,Unknown
b.sw-ww.ws,Unknown
b.sunnings.com,Unknown
b.sungry.com,Unknown
b.secuurity.net,Unknown
b.securing-request.com,Unknown
b.reich.io,Unknown
b.readerstate.com,Unknown
b.qcpltjdoylies.online,Unknown
b.oix.net,Unknown
b.oix.com,Unknown
b.nt002.cn,Unknown
b.ns.mximg.com,Unknown
b.nnbase.com,Unknown
b.nevadaprivateoffice.com,Unknown
b.netpro.xyz,Unknown
b.mycheer.cn,Unknown
b.mirroris.xyz,Unknown
b.mi83p.cn,Unknown
b.makswells.com,Unknown
b.lengthroundtrip.com,Unknown
b.l-a-c.cn,Unknown
b.gowin7.com,Unknown
b.firmapplication.com,Unknown
b.centos.bitlife.pl,Unknown
b.cazame.cn,Unknown
b.catgirlsare.sexy,Unknown
b.bikkey.cf,Unknown
b.audienceline.com,Unknown
b.aj918.com,Unknown
b.abnad.net,Unknown
b.1s2.in.ua,Unknown
azyx7.yxhcqy.com,Unknown
azyx5.yxhcqy.com,Unknown
azyx2.charrem.com,Unknown
azsia.nagyonjo.com,Unknown
azs-391k.shxyhuojia.cn,Unknown
azoos.csheaven.com,Unknown
azon.phonex.tk,Unknown
azmp3.myblogtoolbar.com,Unknown
azarevi.vard-forum.ru,Unknown
azarevi.dom-monster-house.ru,Unknown
azalea.heragency.com,Unknown
azadrachnoktima1.pejman.co,Unknown
azabolocki.tmp.fstest.ru,Unknown
ayx2.axzai.com,Unknown
ayx.axzai.com,Unknown
aypal-services.paraglyphpress.com,Unknown
ayjp.sisplm.ml,Unknown
aygwzxqa.applekid.cn,Unknown
aye2.burosa2018.com,Unknown
ayb.netbios-wait.com,Unknown
ayb.maximumexperience.com,Unknown
ayb.lop.com,Unknown
ayb.dns-look-up.com,Unknown
ayatolla.yolox.net,Unknown
ayareview-document.pdf-iso.webapps-security.review-2jk39w92.ab5nights.com,Unknown
axxessads.valuead.com,Unknown
axsg0ym.tvcjp.gq,Unknown
axpoium.echange.su,Unknown
axe0911.freesitespace.net,Unknown
ax.mutualfundlibrary.cn,Unknown
ax.ikobut.at,Unknown
awww.technotest.com.br,Unknown
awww.subfiles.net,Unknown
awww.scarletpoker.us,Unknown
awww.revera.tv,Unknown
awww.rescue8.org,Unknown
awww.njanyue.com,Unknown
awww.moleskinsoft.com,Unknown
awww.localdirectory.com,Unknown
awww.jdkim.com,Unknown
awww.implabs.com,Unknown
awww.gemtree.com,Unknown
awww.free-audio-converter.net,Unknown
awww.evil-shit.de,Unknown
awww.anshlag.com,Unknown
awsd.publisherhunt.com,Unknown
awp.gogzmermedia.com,Unknown
awnbfchd.innovation-lifecycle.com,Unknown
awk.mystoretoolbar.com,Unknown
awe.usa.shedbd.org,Unknown
awazarhi.igg.biz,Unknown
away.bitcoinfastpass.com,Unknown
award.sitekeuring.net,Unknown
award.assodel.it,Unknown
awana.theopendoorchurchpa.com,Unknown
avvnl.assetlogs.com,Unknown
avsxrcoq2q5fgrw2.zi842m.bid,Unknown
avsxrcoq2q5fgrw2.z0mkoc.top,Unknown
avsxrcoq2q5fgrw2.yr1h37.top,Unknown
avsxrcoq2q5fgrw2.y9kxz2.bid,Unknown
avsxrcoq2q5fgrw2.y1fx4w.top,Unknown
avsxrcoq2q5fgrw2.wgx4go.top,Unknown
avsxrcoq2q5fgrw2.w5hilw.top,Unknown
avsxrcoq2q5fgrw2.w22p3v.top,Unknown
avsxrcoq2q5fgrw2.vofy7f.top,Unknown
avsxrcoq2q5fgrw2.vestjb.top,Unknown
avsxrcoq2q5fgrw2.uunmkj.top,Unknown
avsxrcoq2q5fgrw2.tjdup0.top,Unknown
avsxrcoq2q5fgrw2.rys9pj.top,Unknown
avsxrcoq2q5fgrw2.r1sjrp.top,Unknown
avsxrcoq2q5fgrw2.p93w1x.bid,Unknown
avsxrcoq2q5fgrw2.nbz4dn.top,Unknown
avsxrcoq2q5fgrw2.lxvmhm.top,Unknown
avsxrcoq2q5fgrw2.lbxvhk.top,Unknown
avsxrcoq2q5fgrw2.j4cser.bid,Unknown
avsxrcoq2q5fgrw2.ihuk7s.top,Unknown
avsxrcoq2q5fgrw2.h44l3d.bid,Unknown
avsxrcoq2q5fgrw2.ewg6uf.bid,Unknown
avsxrcoq2q5fgrw2.et7izd.top,Unknown
avsxrcoq2q5fgrw2.dgjpgy.top,Unknown
avsxrcoq2q5fgrw2.ayjy5d.top,Unknown
avsxrcoq2q5fgrw2.arpbxw.top,Unknown
avsxrcoq2q5fgrw2.9c431m.bid,Unknown
avsxrcoq2q5fgrw2.8l4jpw.top,Unknown
avsxrcoq2q5fgrw2.79j8fm.top,Unknown
avsxrcoq2q5fgrw2.5s96fr.top,Unknown
avsxrcoq2q5fgrw2.5m2n7x.top,Unknown
avsxrcoq2q5fgrw2.2wfe60.top,Unknown
avsxrcoq2q5fgrw2.1nsnuh.top,Unknown
avsxrcoq2q5fgrw2.1mwipu.top,Unknown
avsxrcoq2q5fgrw2.1gtx3p.top,Unknown
avsxrcoq2q5fgrw2.199ovv.top,Unknown
avsxrcoq2q5fgrw2.17vj7b.top,Unknown
avsxrcoq2q5fgrw2.13inb1.top,Unknown
avosamours.lovelove.fr,Unknown
avlive.yes103.com,Unknown
avis2018.cherrydemoserver10.com,Unknown
avira-antivirus.ojolink.fr,Unknown
aviddlcv.nationaldistributinggroup.com,Unknown
aviatio.bmteam.tk,Unknown
avg.softwarecenterz.com,Unknown
avg.installantivirus.us,Unknown
avg-internet-security.joydownload.com,Unknown
avg-antivirus.ojolink.fr,Unknown
avers.ijssalonlekker.nl,Unknown
avek-toi.therapynorthstaffs.uk,Unknown
ave.happytraveldays.com,Unknown
avbrands.co.zw,Unknown
avaste.2012soft.info.platwo.com,Unknown
avast.msdwnld.com,Unknown
avast.installantivirus.us,Unknown
avast.d0wnloadz.net,Unknown
avast-crack-serial.ddlzone.com,Unknown
avast-antivirus.ojolink.fr,Unknown
av.xx84.com,Unknown
av.ghura.pl,Unknown
av.babypin.net,Unknown
auwetuzvjcx3nnbptdqa.littlematchagirl.com.au,Unknown
autoupdatenoreply61893124792830indexphi.mississauga-junkcar.com,Unknown
autoupdatefreee.my5gigs.com,Unknown
autoupdate.yourupgradeawesomehousesafecontent.icu,Unknown
autoupdate.yourupgradeawesome-housesafecontent.icu,Unknown
autoupdate.yourupgradeawesome-housecontent.icu,Unknown
autoupdate.vlbisu.com,Unknown
autoupdate.theupgradeawesomewebsitesafecontent.icu,Unknown
autoupdate.theupgradeawesome-websitenewcontent.icu,Unknown
autoupdate.theupgradeawesome-websitecontent.icu,Unknown
autoupdate.softupdate2894612.top,Unknown
autoupdate.softupdate2894612.bid,Unknown
autoupdate.media-centralfree4contentsafe.bid,Unknown
autoupdate.media-centralfree4contents.win,Unknown
autoupdate.media-centralfree4contents.trade,Unknown
autoupdate.media-centralfree4contenting.download,Unknown
autoupdate.friendlysystems2upgrade.review,Unknown
autoupdate.bigupdatesforall.icu,Unknown
autoupdate.bigupdates4all.icu,Unknown
autoupdate.bigupdateforeveryone.icu,Unknown
autoupdate.bigupdate4everyone.icu,Unknown
autoupdate.bigupdate4all.icu,Unknown
autoupdate.bestmainlystable4contentnow.icu,Unknown
autoupdate.bestmainlystable4contentingnew.icu,Unknown
autoupdate.bestmainlystable4contentinglast.icu,Unknown
autostar97.mandataire-automobile.biz,Unknown
autopack.shanbao.xyz,Unknown
automation.service.euro-system-security.info,Unknown
autolack21.myforumtoolbar.com,Unknown
autoinsurance.greatinsuranceworld.net,Unknown
autodiscover.ioshelp1.club,Unknown
autodiscover.internet-security-0ml239sd.ml,Unknown
autodevices.topterra.ru,Unknown
autocad.neatmess.com,Unknown
autobritt.apptitude.ch,Unknown
auto.uanix.net,Unknown
auto.mehan-pardazesh.ir,Unknown
auto.isearch.com,Unknown
auto.51cy.org,Unknown
auto-ricardo.ch-view.one,Unknown
auto-redirect.myapps.web-account.recovery-email.security.wholeimport.com,Unknown
auto-maxx.rypin.biz,Unknown
autizmus.n1.hu,Unknown
authsign2.accsprivacya29udg9symfyb2thaa-custompplogsec0.kontolbarokah.com,Unknown
authorizelogin.update.support.apple.com.berkatiniaman.com,Unknown
authenticly.magnetandmetal.com,Unknown
authentication.newbmo.com,Unknown
authentication-text-message-bank.confirm-wells.xyz,Unknown
authentication-sms-bank.authorizations-wfb.xyz,Unknown
auth.unlock.accountaccess.wf-south.review,Unknown
auth.unlock.account.access.wf-south.review,Unknown
auth.paypal-verification.webbapss-account.my-page.me,Unknown
auth.noibanacclol.com,Unknown
auth.ncsoft.to,Unknown
auth.as09.com,Unknown
auth.ameli.assurance.maladie.moncompte.clients.crustiforme.net,Unknown
auth-service-customer-log-in-secure.c11.ixsecure.com,Unknown
australiansrareavengers.myforumtoolbar.com,Unknown
austin.compassgaragedoors.com,Unknown
austin-kincaid.enjoylust.com,Unknown
aurikan.mylibrarytoolbar.com,Unknown
aural.rehabilitation.drughelporganizations.com,Unknown
aupgrade.zinkseek.com,Unknown
aupgrade.browserzinc.com,Unknown
aupgrade.beatbat.com,Unknown
aup.myblackbox.net,Unknown
aukce.proisp.cz,Unknown
aujiwvmoskdjlajksek.centde.com,Unknown
auifhejgrg.betachiomega.org,Unknown
audreyfoxy-xlovecam.infosexcam.com,Unknown
audioforum.mycitytoolbar.com,Unknown
audio-retouche-crack-telecharger-gratuit.ojolink.fr,Unknown
auderda.ellogroup.ru,Unknown
aubentonia.measurelighter.ru,Unknown
au.libg.ml,Unknown
au.impendingdanger.tk,Unknown
au.hilesii.com,Unknown
au.goofull.com,Unknown
au.charlineopkesston.com,Unknown
atualizacaomobile.craym.eu,Unknown
attt.mppl.pk,Unknown
attikadi.mystoretoolbar.com,Unknown
atterso.elkablog.ru,Unknown
atte.smartsearch-ng.com,Unknown
attacmuenster.myforumtoolbar.com,Unknown
attack.s2lol.com,Unknown
attachment-004.bloombergg.net,Unknown
att.com.loginaction.softwaresdevelopment.in,Unknown
atsu.myuniversitytoolbar.com,Unknown
atsnsutxtsihvgbnwxla.ahdaaf.org,Unknown
atrayade.webhibe.com,Unknown
atlas.verification.login.54a54a.ceneba.com,Unknown
atlantis.myblogtoolbar.com,Unknown
atl.my.bidsystem.com,Unknown
atgfo.51etax.cn,Unknown
atendimento-seguro.comunicadoimportante.co,Unknown
atendimento-seguro-dados-bradesco.com.br.847kl.com,Unknown
ateliergloat.vojtechkocian.cz,Unknown
atefab.pingfiles.fr,Unknown
atamltoolbar.mycollegetoolbar.com,Unknown
atacadaodaroupas.sitebrasil.org,Unknown
at.ontargetjobs.com,Unknown
at.moonbeammagic.com,Unknown
at.goofull.com,Unknown
asynartete.makemoneywithmegan.net,Unknown
asylum.myfamilytoolbar.com,Unknown
asydwaterspinkfloyd.myforumtoolbar.com,Unknown
asy.a8ww.net,Unknown
asx.zenjom.at,Unknown
astucespourwebmasters.myblogtoolbar.com,Unknown
astronomy.datapathways.com,Unknown
astralopitec.yomu.ru,Unknown
assure.ameli.fr.appliedtechnique.com,Unknown
assure-moncomptebnp.msmclepromo.com,Unknown
assure-compteparibas.infomadiramsm.net,Unknown
associacao.outsys.net,Unknown
assistweb1manage.a-w-b-p.com,Unknown
assistance.formalog.pro,Unknown
assistance-free.fr-post.com,Unknown
assimil.mystoretoolbar.com,Unknown
assignmentto.blulitmus.com,Unknown
assets.wetransfer.net.debrawhitingfoundation.org,Unknown
assets.wetransfer.net.debrawhitingfoundation.com,Unknown
assets.qinglvsupei.com,Unknown
asset.wetransfer.net.debrawhitingfoundation.org,Unknown
asr.geilefotzen.at,Unknown
asoh.cimrncarbon.com,Unknown
asngelectroexpress.hoteldaslojas.com.br,Unknown
askupdate.yourbestsiteforfindcontent.icu,Unknown
askupdate.yourbestplaceforfindcontent.icu,Unknown
askupdate.yourbestplace4findcontents.icu,Unknown
askupdate.thecentersite2getcontentnow.icu,Unknown
askupdate.thecentersite2getcontentfree.icu,Unknown
askupdate.thecentersite-getcontentnow.icu,Unknown
askupdate.thecentersite-getcontent.icu,Unknown
askupdate.thebestsite4linksitenow.icu,Unknown
askupdate.thebestof2updates.download,Unknown
askupdate.thebestof2update.download,Unknown
askupdate.stablewebsite2findcontentfree.icu,Unknown
askupdate.stablewebsite-findcontent.icu,Unknown
askupdate.stabletoupgrade.win,Unknown
askupdate.stabletoupgrade.review,Unknown
askupdate.stabletoupgrade.bid,Unknown
askupdate.mainplacetogetflashnow.icu,Unknown
askupdate.mainplacetogetflashfree.icu,Unknown
askupdate.mainplace2getflashnow.icu,Unknown
askupdate.mainplace2getflashfree.icu,Unknown
askupdate.bestplace4findcontent.icu,Unknown
asknad.mytowntoolbar.com,Unknown
ask24update.theupdatefunhousefreecontent.icu,Unknown
ask24update.theupdatefunhousecontent.icu,Unknown
ask24update.theupdatefun-housefreecontent.icu,Unknown
ask24update.thebroadsystemsforupdating.icu,Unknown
ask24update.thebroadsystemsforupdates.xyz,Unknown
ask24update.thebroadsystemsforupdates.icu,Unknown
ask24update.thebroadsystemsforupdate.xyz,Unknown
ask24update.thebroadsystemsforupdate.icu,Unknown
ask24update.thebroadsystems4updating.xyz,Unknown
ask24update.thebroadsystems4updating.icu,Unknown
ask24update.thebroadsystems4updates.xyz,Unknown
ask24update.thebroadsystems4update.xyz,Unknown
ask24update.thebroadsystems4update.icu,Unknown
ask24update.thebeststreamingspotforeverymachinetoday.win,Unknown
ask24update.thebeststreamingspotforeverymachinetoday.trade,Unknown
ask24update.thebeststreamingspotforeverymachinetoday.review,Unknown
ask24update.thebeststreamingspotforeverymachinetoday.download,Unknown
ask24update.thebeststreamingspotforeverymachinetoday.date,Unknown
ask24update.thebeststreamingspotforeverymachinethisweek.win,Unknown
ask24update.thebestperformacespotforyourmacpcthismonth.win,Unknown
ask24update.thebestperformacespotforyourmacpcnow.win,Unknown
ask24update.thebestperformacespotforyourmacpcnow.trade,Unknown
ask24update.havingbestcenter2sitestreamingtoday.bid,Unknown
ask24update.havingbestcenter2sitestreamingthisweek.bid,Unknown
ask24update.havingbestcenter2sitestreamingnow.date,Unknown
ask24update.goodwaysystemtocontents.icu,Unknown
ask24update.goodwaysystemtocontent.icu,Unknown
ask24update.goodwaysystemforcontent.icu,Unknown
ask24update.goodwaysystem4contents.icu,Unknown
ask24update.goodthewaysystemcontents.icu,Unknown
ask24update.broadsystemsforupdating.xyz,Unknown
ask24update.broadsystemsforupdating.icu,Unknown
ask24update.broadsystemsforupdates.xyz,Unknown
ask24update.broadsystemsforupdates.icu,Unknown
ask24update.broadsystemsforupdate.xyz,Unknown
ask24update.broadsystemsforupdate.icu,Unknown
ask24update.broadsystems4updating.xyz,Unknown
ask24update.broadsystems4updating.icu,Unknown
ask24update.broadsystems4updates.xyz,Unknown
ask24update.broadsystems4updates.icu,Unknown
ask24update.broadsystems4update.xyz,Unknown
ask24update.broadsystems4update.icu,Unknown
ask24update.bestcentralsystoupgrading.win,Unknown
ask24update.bestcentralsystoupgrading.trade,Unknown
ask24update.bestcentralsystoupgrading.date,Unknown
ask24update.bestcentralsystoupgrading.bid,Unknown
ask24update.bestcentralsystoupgrades.trade,Unknown
ask24update.bestcentralsystoupgrades.stream,Unknown
ask24update.bestcentralsystoupgrades.date,Unknown
ask24update.bestcentralsystoupgrade.trade,Unknown
ask24update.allthebestcontentsfree.download,Unknown
ask24update.allthebestcontentsfree.bid,Unknown
ask24update.allthebestcontents-free.win,Unknown
ask24update.allthebestcontents-free.stream,Unknown
ask24update.allthebestcontents-free.review,Unknown
ask24update.allthebestcontents-free.download,Unknown
ask24update.allthebestcontentfree.review,Unknown
ask24update.allthebestcontent-free.win,Unknown
ask.excedese.xyz,Unknown
asifm86.mystoretoolbar.com,Unknown
asic.abdulhaseeb.work,Unknown
asiangirl1.ucgalleries.com,Unknown
asian.pornsurfers-paradise.com,Unknown
ashnoortex.quantapress.com,Unknown
ashleyinfotech.myuniversitytoolbar.com,Unknown
ashleydrive.trailocommand.ml,Unknown
ashdod.demo.site,Unknown
asgvxs.co.vu,Unknown
asfsdf.ivertiipolska.com.pl,Unknown
asendorf.mycitytoolbar.com,Unknown
asdfsadf.viomil.ro,Unknown
asd.sfoairportlimoservice.net,Unknown
asd.sandeepmachines.com,Unknown
asd.saffrino.com,Unknown
asd.rincoauto.com,Unknown
asd.projectfreetv.so,Unknown
asd.palaeknitexport.com,Unknown
asd.lrdavjagraon.com,Unknown
asd.littleeinsteinz.org,Unknown
asd.laserhairremovalindia.com,Unknown
asd.kvksangrur.com,Unknown
asd.kisanhealthfoods.com,Unknown
asd.kcwludhiana.org,Unknown
asd.kbmindia.com,Unknown
asd.kandisweets.com,Unknown
asd.itcf20.com,Unknown
asd.ironutensils.com,Unknown
asd.insais.org,Unknown
asd.indosweden.com,Unknown
asd.hotelmahalindia.com,Unknown
asd.dhodha.com,Unknown
asd.castlemedicolegal.com,Unknown
asd.canind.co,Unknown
asd.campbellcarservice.com,Unknown
asd.byggrakt.se,Unknown
asd.besthairtransplantpunjab.com,Unknown
asd.bbpsldh.org,Unknown
asd.basrabrothers.com,Unknown
asd.atlanticinternational.ca,Unknown
asd.arorazphotoworld.com,Unknown
asd.aristauniversal.com,Unknown
asd.amarautotech.com,Unknown
asd.aarpeerubber.com,Unknown
asd.a2zeeholidays.com,Unknown
ascryasuntovelallisten.ansonssolicitors.com,Unknown
asc.51vip.com,Unknown
asan.peche.pl,Unknown
as3ws.fopyirr.com,Unknown
as1.inoventiv.com,Unknown
arztel.mystoretoolbar.com,Unknown
arvada-factoring-companies.transportationfactoringcompany.org,Unknown
artwork.lucyannclark.com,Unknown
artwalk.sztukawmiescie.pl,Unknown
artur.dfs.siteme.org,Unknown
artteachers.drudesk.com,Unknown
artofphotos.myblogtoolbar.com,Unknown
artlatex.avantesoftware.com.br,Unknown
artikhazirsin.remingtonturkiye.com,Unknown
artificieldosstartsession.copywheel.com,Unknown
artidownloadcomprogramarama.forumtoolbar.com,Unknown
arthusa.summit-tech.ca,Unknown
arthurphillips.sitegoz.com,Unknown
arteycreaciones.com.aq,Unknown
artbizclubus.myradiotoolbar.com,Unknown
art.super-warez.ws,Unknown
art.oskol.info,Unknown
art.nobrokings.com,Unknown
art.nbkr.co,Unknown
art.kurskinteresources.ru,Unknown
art.inpiar.ru,Unknown
art.getingetoutgetpaidrealestate.com,Unknown
art.axz.ru,Unknown
arspromomaterial.global-intermedia.com,Unknown
arsconsole.global-intermedia.com,Unknown
ars.allpornpass.com,Unknown
arriedleks.ttl60.com,Unknown
arquivos.cenize.com,Unknown
around9j.fastbank.com,Unknown
army.tntgames.info,Unknown
armagno.elkablog.ru,Unknown
arkei.ak1ba.pro,Unknown
arj.zov-duha.ru,Unknown
arizs.nitrojames.site,Unknown
arina.jsin.ru,Unknown
arigraynor.cloudpix.co,Unknown
arif336.viralgalleries.me,Unknown
ariel1.spaceprogram.com,Unknown
argos.aadec.org,Unknown
argon.directories.co.za,Unknown
argilososekretess.homeowner.academy,Unknown
argentinaexpat.media-toolbar.com,Unknown
argentfacile.isthebe.st,Unknown
arg555.wm01.to,Unknown
arfes.ircfast.com,Unknown
arfaouifiras.myblogtoolbar.com,Unknown
arf.arkiomanger.eu,Unknown
ares.msdwnld.com.platwo.com,Unknown
ares.msdwnld.com,Unknown
areia.pb.gov.br,Unknown
areayouthnet.mytowntoolbar.com,Unknown
arearapcom.loyaltytoolbar.com,Unknown
ardestancitytoolbar.myblogtoolbar.com,Unknown
ardenightbe.media-toolbar.com,Unknown
archsys.drew-taylor.com,Unknown
archku.ac.bd,Unknown
archive.wesowlspta.org,Unknown
archive.tvgoals.net,Unknown
archive.preferati.com,Unknown
archive.jonrothbard.com,Unknown
archive.ddm.org.au,Unknown
arch.artempronin.com,Unknown
arcane.es3n.in,Unknown
arbeiderspartij.be-spry.co.uk,Unknown
aralitho.roninlife.ru,Unknown
aragosek.freehosting.bg,Unknown
arabuy.mystoretoolbar.com,Unknown
arabsystolbar.myuniversitytoolbar.com,Unknown
arabmallbz.myblogtoolbar.com,Unknown
arabicvision.myfamilytoolbar.com,Unknown
arabicirib.mycitytoolbar.com,Unknown
arabic.myradiotoolbar.com,Unknown
arabic.cleverlearncebu.com,Unknown
araba.alabama-marketing.com,Unknown
ar.mtcuae.com,Unknown
ar.joydownload.com,Unknown
ar.dralpaslan.com,Unknown
ar.caginerhastanesi.com.tr,Unknown
aquarius7broadcasting.myradiotoolbar.com,Unknown
aquaristiktreff.media-toolbar.com,Unknown
aqthgddp.leiquan.me,Unknown
aq.santotomasmexico.com,Unknown
apw.featured.mehandi.4p.org,Unknown
aptitude.yourfinebetterforupdatingsys.download,Unknown
aptitude.yourbettersiteforfindcontents.icu,Unknown
aptitude.yourbettersite4findcontents.icu,Unknown
aptitude.yourbettersite4findcontent.icu,Unknown
aptitude.thetopmainplacesetnowcontentsnewlist.review,Unknown
aptitude.thesitetorunvideobetter.icu,Unknown
aptitude.thesiteforrunvideobetter.icu,Unknown
aptitude.thesite2runvideobetter.icu,Unknown
aptitude.thebroadsystemstoupdating.xyz,Unknown
aptitude.thebroadsystemstoupdating.icu,Unknown
aptitude.thebroadsystemstoupdates.xyz,Unknown
aptitude.thebroadsystemstoupdates.icu,Unknown
aptitude.thebroadsystemstoupdate.xyz,Unknown
aptitude.thebroadsystemstoupdate.icu,Unknown
aptitude.thebroadsystems2updating.xyz,Unknown
aptitude.thebroadsystems2updating.icu,Unknown
aptitude.thebroadsystems2updates.xyz,Unknown
aptitude.thebroadsystems2updates.icu,Unknown
aptitude.thebroadsystems2update.xyz,Unknown
aptitude.thebroadsystems2update.icu,Unknown
aptitude.thebettersiteforfindcontent.icu,Unknown
aptitude.thebettersite4findcontents.icu,Unknown
aptitude.thebestperformacespotforyoueasytoday.trade,Unknown
aptitude.nowsteadysystemtoupdating.win,Unknown
aptitude.nowsteadysystemtoupdating.bid,Unknown
aptitude.nowsteadysystemtoupdates.win,Unknown
aptitude.nowsteadysystemtoupdates.date,Unknown
aptitude.nowsteadysystemtoupdate.date,Unknown
aptitude.mainplacetogetflashnow.icu,Unknown
aptitude.mainplacetogetflashnew.icu,Unknown
aptitude.mainplacetogetflash.icu,Unknown
aptitude.mainplace2getflashnow.icu,Unknown
aptitude.mainplace2getflashfree.icu,Unknown
aptitude.mainplace-getflashnew.icu,Unknown
aptitude.mainplace-getflashfree.icu,Unknown
aptitude.greatandsafewaysforcontent.icu,Unknown
aptitude.goodwayostocontents.icu,Unknown
aptitude.goodwayosforcontents.icu,Unknown
aptitude.goodwayoscontent.icu,Unknown
aptitude.goodwayos4content.icu,Unknown
aptitude.broadsystemstoupdating.xyz,Unknown
aptitude.broadsystemstoupdating.icu,Unknown
aptitude.broadsystemstoupdates.xyz,Unknown
aptitude.broadsystemstoupdates.icu,Unknown
aptitude.broadsystemstoupdate.xyz,Unknown
aptitude.broadsystemstoupdate.icu,Unknown
aptitude.broadsystems2updating.xyz,Unknown
aptitude.broadsystems2updating.icu,Unknown
aptitude.broadsystems2updates.xyz,Unknown
aptitude.broadsystems2updates.icu,Unknown
aptitude.broadsystems2update.xyz,Unknown
aptitude.broadsystems2update.icu,Unknown
aptitude.bettersiteforfindcontents.icu,Unknown
aptitude.all4updatingyouwilleverneed.stream,Unknown
aptitude.all4updateyouwilleverneed.win,Unknown
aptitude.all4updateyouwilleverneed.bid,Unknown
aptgetgxqs3secda.tor2web.fyi,Unknown
aptgetgxqs3secda.onion.mn,Unknown
aptgetgxqs3secda.d2web.org,Unknown
apteka.putemed.ru,Unknown
apt.melotor.at,Unknown
aps.911superiorsupport.com,Unknown
appx.koreasys99.com,Unknown
appx.koreasys4.com,Unknown
appx.koreasys1.com,Unknown
appstoressl.com.space2upreview.net,Unknown
appstore.28pd3.cn,Unknown
apps2.marn.gob.sv,Unknown
apps.webservicehosts.com,Unknown
apps.poweredbyadvantage.com,Unknown
apps.playmob.es,Unknown
apps.fb.com-copyrights-suport.xyz,Unknown
apps.disrayco.com,Unknown
apps.clickcash.com,Unknown
apps.cchtrustus.com,Unknown
apps.baozi.me,Unknown
apps-sslsecurecust-service35406506985.users-sders.com,Unknown
appr0ve.bdevelop.co.za,Unknown
apply.pam-innovation.com,Unknown
applicim.corro.fr,Unknown
application.bongeste.org,Unknown
appliance.companydrink.bid,Unknown
appleservice.com.e-matcom.com,Unknown
applepayment.brianfeed.com,Unknown
applelmc.edudisk.cn,Unknown
appleld.apple.com.t5j2kdkc88dd2m423-verif.info,Unknown
appleld.apple-supports.servicemail-activity.com,Unknown
appleidverification.com.hdmombaca.com.br,Unknown
appleid.xwkvdxftgd7q8ymwamcxzs3ve2zxlw6x9c2wk83t.info,Unknown
appleid.support.com-statement-update.info,Unknown
appleid.storesapple.com.internalsupport-log.com,Unknown
appleid.shailgachischool.edu.bd,Unknown
appleid.securithistoreix.com,Unknown
appleid.iphone.srnve.cn,Unknown
appleid.apple.verifyouridentity.com,Unknown
appleid.apple.com.streaminvasion.com,Unknown
appleid.apple.com.paandiirspesciacad.org,Unknown
appleid.apple.com.onefamilycatering.com,Unknown
appleid.apple.com.ndxakadata.com,Unknown
appleid.apple.com.d0c92f8b2a16e69758f90be6660e8508.com,Unknown
appleid.apple.com-signin.2qbpwdtf568zwts0n8kgcrhlq88kq6.com,Unknown
appleid.apple.benhviendakhoae.com,Unknown
appleid.app.intl-member.com,Unknown
appleid-applesupportofficial.appsincs.com,Unknown
appleid-apple-unlock.freetools2017.com,Unknown
appleconfirmation.bergeronebeniste.com,Unknown
applebilling.officessl.com,Unknown
apple.windlap.net,Unknown
apple.quickparcelexpress.com,Unknown
apple.phishing.at.all.possible.subdomins.of.gwtoys.cn,Unknown
apple.net-supportnow-for-mac.icu,Unknown
apple.net-support-live-for-mac.icu,Unknown
apple.net-clean-mac.icu,Unknown
apple.net-boost-performance.icu,Unknown
apple.map-iphone.com,Unknown
apple.itunesconnect.su,Unknown
apple.itunes.confirm.your.account.go.first.page.now.apple.mehmetaslan.com.tr,Unknown
apple.inc.svyre.cn,Unknown
apple.icloud.srnve.cn,Unknown
apple.computersoftwaresecurityinstall.xyz,Unknown
apple.com.icloud.billing.verifiy.9200938771663883991773817836476289732.valcla.com.br,Unknown
apple.com.eimag.cn,Unknown
apple.com-web-security-analysis.win,Unknown
apple.com-verify-account-information.entranceonline.org,Unknown
apple.com-us4-pad2.awards-for-our-lucky-visitors.loan,Unknown
apple.com-updatemyaccount.loginprocessverify.be,Unknown
apple.com-system-fast.live,Unknown
apple.com-store.me,Unknown
apple.com-speed-macos.live,Unknown
apple.com-security-desktop-antimalware-support.download,Unknown
apple.com-secure.online,Unknown
apple.com-scan-virus-detected.com,Unknown
apple.com-optimize.live,Unknown
apple.com-macos-fast-systems.live,Unknown
apple.com-macbook-speed-system.live,Unknown
apple.com-macbook-obtimize.systems,Unknown
apple.com-computer-security-analysis.bid,Unknown
apple.com-analysis-safety-antimalware-support.accountant,Unknown
apple.chasefeeds.com,Unknown
apple.appleid.lise-lomer.me,Unknown
apple.alimermertas.com,Unknown
apple.321oyna.com,Unknown
apple-virus-detectionservices.fixingit.solutions,Unknown
apple-ufficialeapple-store.supporto-tecnico.apple.intesasa.com,Unknown
apple-supports-infos.hostitasap.com,Unknown
apple-support-manager.hostitasap.com,Unknown
apple-services-es.hostitasap.com,Unknown
apple-l.tunes-accssid-limitedkonto.info,Unknown
apple-icloud-id-security-information-restore-onlineprocess.gandharaguides.com,Unknown
apple-findmyiphone.hostitasap.com,Unknown
appldnld.m7z.net,Unknown
appinparkps.vic.edu.au,Unknown
appilpeid.aspple.com.recover-apps.info,Unknown
appfile1.99wo.com,Unknown
appcust-assistheaders.head-cratid.com,Unknown
appcon.jannguyen.com,Unknown
appbb.desenhoonline.com,Unknown
app4com.yourbestsource4contentreliable.xyz,Unknown
app4com.video2updatenow.stream,Unknown
app4com.thesetforsafestubs.xyz,Unknown
app4com.thesetforsafestubs.icu,Unknown
app4com.thesetforsafestub.xyz,Unknown
app4com.thesetforsafestub.icu,Unknown
app4com.theset4safestubs.xyz,Unknown
app4com.theset4safestubs.icu,Unknown
app4com.theset4safestub.xyz,Unknown
app4com.theset4safestub.icu,Unknown
app4com.thereadyforsafestubs.xyz,Unknown
app4com.thereadyforsafestubs.icu,Unknown
app4com.thereadyforsafestub.xyz,Unknown
app4com.theready4safestubs.xyz,Unknown
app4com.theready4safestubs.icu,Unknown
app4com.theready4safestub.xyz,Unknown
app4com.theready4safestub.icu,Unknown
app4com.theprepareforsafestubs.xyz,Unknown
app4com.theprepareforsafestubs.icu,Unknown
app4com.theprepareforsafestub.xyz,Unknown
app4com.theprepareforsafestub.icu,Unknown
app4com.theprepare4safestubs.xyz,Unknown
app4com.theprepare4safestubs.icu,Unknown
app4com.theprepare4safestub.xyz,Unknown
app4com.theprepare4safestub.icu,Unknown
app4com.thebigsystemstraffic4updates.bid,Unknown
app4com.stableserviceforupdate.icu,Unknown
app4com.pleaseupdatesafesystemset4now.host,Unknown
app4com.getsoftnow13153.top,Unknown
app4com.getperfectstableoscontents.icu,Unknown
app4com.getperfectstableoscontent.icu,Unknown
app4com.brandnewsolutioncontent4forextension.stream,Unknown
app4com.bigupdatesforall.icu,Unknown
app4com.bigupdates4everyone.icu,Unknown
app4com.bigupdates4all.icu,Unknown
app4com.bigupdateforeveryone.icu,Unknown
app4com.bigupdateforall.icu,Unknown
app4com.bigupdate4everyone.icu,Unknown
app4com.bigupdate4all.icu,Unknown
app2.winsoft32.com,Unknown
app2.winsoft1.com,Unknown
app2.letmacworkfaster.site,Unknown
app1.letmacwork.life,Unknown
app1.letitbefaster.today,Unknown
app.yourforth.com,Unknown
app.youppes.com,Unknown
app.yemou.me,Unknown
app.whenu.com,Unknown
app.wapx.cn,Unknown
app.uyijia.me,Unknown
app.typingfanatic.com,Unknown
app.tvlsvc.com,Unknown
app.trread.cn,Unknown
app.totiteck.com,Unknown
app.toopfacebook2.xyz,Unknown
app.thehomemadecook.com,Unknown
app.theappgood.cool,Unknown
app.swissfist.com,Unknown
app.store.appie.webapp-my-icloud.com,Unknown
app.spisys.gov.za,Unknown
app.software-phile.com,Unknown
app.smacklek.com,Unknown
app.servicoop-bn.com,Unknown
app.savemoneyshop.com,Unknown
app.pho8.com,Unknown
app.perfetnight.com,Unknown
app.peerboxm.com,Unknown
app.otwexplain.com,Unknown
app.opinteks.com,Unknown
app.onlinecustomer-home-service.app.update.ten-four.com,Unknown
app.onlinecustomer-home-service.app.update-help.desk.app.vhamg.com,Unknown
app.onlinecustomer-home-service.app.update-help.desk.app.juergenson.com,Unknown
app.nadoyiwrassre.com,Unknown
app.memedia.com,Unknown
app.mainorne.com,Unknown
app.logs-facebook.com,Unknown
app.leharuka-titage.com,Unknown
app.latestpromos.com,Unknown
app.kuwetotutaheme.com,Unknown
app.kumeng.com,Unknown
app.ksent.net,Unknown
app.kartop.at,Unknown
app.joyfile.co.kr,Unknown
app.jakecares.com,Unknown
app.jaimeadomicilio.com,Unknown
app.holro2.co.kr,Unknown
app.gwenrose.com,Unknown
app.graboid.com,Unknown
app.fozhand.com,Unknown
app.feelbegin.com,Unknown
app.feed.builders,Unknown
app.fbdownload.top,Unknown
app.escjy.net,Unknown
app.datafastguru.info,Unknown
app.cucumberhead.com,Unknown
app.cloudindustry.net,Unknown
app.claas.fr,Unknown
app.bonsys.co.kr,Unknown
app.appaffect.com,Unknown
app-store-chekmyaccounttoserverapplesecurityserver.verifed-site.com,Unknown
app-pageidentify.honor.es,Unknown
app-nrbm-5iab.taobao-baiduad.xyz,Unknown
apoyotecnicocom.mystoretoolbar.com,Unknown
apoorvamcom.loyaltytoolbar.com,Unknown
apolo-ro.servidorturbo.net,Unknown
apoleoni.measurelighter.ru,Unknown
apode.simply-winspace.it,Unknown
apkzycdn.funugame.com,Unknown
apkdb.hishendeng.com,Unknown
apk3-391k.pgcykn.cn,Unknown
apk2-391k.fzhis.cn,Unknown
apk.qqw235.com,Unknown
apk.qdd12.com,Unknown
apk.lehuobao.com,Unknown
apk.doudou.com,Unknown
apk.beemarket.tv,Unknown
apk.android-root-tool.com,Unknown
apk.ailewan.com,Unknown
apk.aapks.com,Unknown
apk-391k.shxyhuojia.cn,Unknown
api2.voxder.at,Unknown
api2.topictorch.com,Unknown
api.zooqle.ru,Unknown
api.xmrbot.com,Unknown
api.wunderweb.biz,Unknown
api.withinstall.info,Unknown
api.wipmania.net,Unknown
api.websparkle.biz,Unknown
api.weblayers.co,Unknown
api.webfuii.com,Unknown
api.webconnect.co,Unknown
api.voxder.at,Unknown
api.vebergreat.net,Unknown
api.tylron.at,Unknown
api.tv.mixplugin.com,Unknown
api.ttessab.net,Unknown
api.truuapp.com,Unknown
api.trolatunt.co,Unknown
api.toshiba.org.kz,Unknown
api.timenow.pw,Unknown
api.thundermods.com,Unknown
api.thessi.net,Unknown
api.swiftbrowse.net,Unknown
api.surfenhance.com,Unknown
api.suibianmaimaicom.com,Unknown
api.squirrelweb.org,Unknown
api.springsmart.net,Unknown
api.soft4games.org,Unknown
api.soft4games.com,Unknown
api.skywebber.com,Unknown
api.sizlsearch.net,Unknown
api.sitesimple.co,Unknown
api.shownearby.com,Unknown
api.shamanul.biz,Unknown
api.sentinel-rbx.io,Unknown
api.secretsauce.biz,Unknown
api.saltarsmart.biz,Unknown
api.rolimno.net,Unknown
api.riwobow-ledes.com,Unknown
api.rinkela.net,Unknown
api.rightsurf.info,Unknown
api.rendes.at,Unknown
api.qualitink.net,Unknown
api.plurpush.net,Unknown
api.outobox.net,Unknown
api.odmenarmi9z.site,Unknown
api.nordic.pw,Unknown
api.new-api.com,Unknown
api.mysuperprojectnumone.xyz,Unknown
api.music.mixplugin.com,Unknown
api.mswordexploit.com,Unknown
api.monetomi.info,Unknown
api.microsofts.info,Unknown
api.melondrea.net,Unknown
api.marketresearchhelper.com,Unknown
api.linkswift.co,Unknown
api.lemurleap.info,Unknown
api.leakingprivacy.tk,Unknown
api.kuwetotutaheme.com,Unknown
api.kozaka.net,Unknown
api.kkkkkdajlhlkjhsdewgtuv.com,Unknown
api.kasimos.net,Unknown
api.kartop.at,Unknown
api.jumpflip.net,Unknown
api.jiekouhello.com,Unknown
api.jiekou666.com,Unknown
api.jeugjv88834njvnxmvhdhjskhgi34hsdghksd.com,Unknown
api.jarato.at,Unknown
api.iwangsen.com,Unknown
api.installs.pro,Unknown
api.ikobut.at,Unknown
api.icream.kr,Unknown
api.iconmania.co.kr,Unknown
api.htmlobfuscator.com,Unknown
api.hlsoftwareassistant.com,Unknown
api.hjdskyewljfdn.pw,Unknown
api.hitttedohenale.com,Unknown
api.higher-aurum.co,Unknown
api.hailstorm360.com,Unknown
api.greygray.biz,Unknown
api.goodbyjiekou.com,Unknown
api.galio.at,Unknown
api.filedesowwerr.com,Unknown
api.fb-ppi.com,Unknown
api.fassurun.co,Unknown
api.fanhoosh.biz,Unknown
api.ex100p.at,Unknown
api.elladacats.ru,Unknown
api.eduvideo.com.cn,Unknown
api.downloadmr.com,Unknown
api.diamondata.net,Unknown
api.config.ceritadilan.plus,Unknown
api.clingclang.biz,Unknown
api.capfire.com,Unknown
api.browsesmart.net,Unknown
api.browsefox.com,Unknown
api.browsebeyond.net,Unknown
api.bomlabio.biz,Unknown
api.bitp.it,Unknown
api.betterbrowse.net,Unknown
api.batbrowse.com,Unknown
api.baizhu.cc,Unknown
api.badolina.com,Unknown
api.api-ppi.com,Unknown
api.api-nn180703.com,Unknown
api.api-lj180623.com,Unknown
api.api-ld180623.com,Unknown
api.api-biu.com,Unknown
api.albrechto.co,Unknown
apex.wecleanoklahoma.com,Unknown
apex.godsreal.com,Unknown
apartamentospiedramar.cadizpyme.es,Unknown
apa.cr.it,Unknown
ap5.liuliangbao.cn,Unknown
ap4.liuliangbao.cn,Unknown
ap3.sap1000.com,Unknown
ap12.ms-update-server.net,Unknown
ap1.simsim24.pw,Unknown
ap1.liuliangbao.cn,Unknown
aotaent.ucgalleries.com,Unknown
aomsq.saqibsiddiqui.com,Unknown
aol.thewirawan.com,Unknown
aol.secure.ortare.cl,Unknown
aol.com.americanonline.memberservice.aol.com.kinaraindonesia.com,Unknown
aol.anmolsecurity.com,Unknown
aol-support.windlap.net,Unknown
aoi.gourisevapeeth.org,Unknown
aof.objectivesubjectlabs.com,Unknown
ao.shares2go.co.uk,Unknown
ao.lop.com,Unknown
anyfile.255bits.com,Unknown
anunsatisfying.myuniversitytoolbar.com,Unknown
antonello.messina.it,Unknown
anton.pskovhelp.ru,Unknown
antoanthucpham.binhphuoc.vn,Unknown
antiviruspremium.triplequadturbo.com,Unknown
antivirus.triplequadturbo.com,Unknown
antivirus.ojolink.fr,Unknown
antivirus.mobile4us.pw,Unknown
antivirus.fastfreedownload.com,Unknown
antivirus-software.ojolink.fr,Unknown
antivirus-renewal.mcafee.com.zhopyatbdgbspjm2kw.science,Unknown
antivirus-renewal.mcafee.com.xgv5ddsztjnfrhfnr5gka.stream,Unknown
antivirus-renewal.mcafee.com.wymymiqwfo5jyx6kyk9gj9ena.trade,Unknown
antivirus-renewal.mcafee.com.s83b7eq7oisrfwozwlotzi.download,Unknown
antivirus-renewal.mcafee.com.ps19fosc91zconcpnsp5hrb.stream,Unknown
antivirus-renewal.mcafee.com.pqavasqeozidcvhq7grqfaqf.stream,Unknown
antivirus-renewal.mcafee.com.nz09qdn9ftaomp02rdy.review,Unknown
antivirus-renewal.mcafee.com.nbfl7q7xqcpanxxt7e6pq.trade,Unknown
antivirus-renewal.mcafee.com.lu45nhn07ss6pyama.trade,Unknown
antivirus-renewal.mcafee.com.lofrtpy3dyogx7mqnrdaduidqytvrj.trade,Unknown
antivirus-renewal.mcafee.com.hzaqln9thvw0rpwauxynaq5e.science,Unknown
antivirus-renewal.mcafee.com.h9nm7mylz4vivgrildn3dtviw.review,Unknown
antivirus-renewal.mcafee.com.ewkyz22fgtrpqkbaeprv.science,Unknown
antivirus-renewal.mcafee.com.d2pjbwqdr64e4x0wghbacr.trade,Unknown
antivirus-renewal.mcafee.com.8aje3cr5n7vplofkwmkjg9k.stream,Unknown
antivirus-renewal.mcafee.com.5glb8s8yy3d0er8.trade,Unknown
antivirus-renewal.mcafee.com.0r2ongxntspmmikslyaosfoqcq.trade,Unknown
antispyware.repairandsecure.com,Unknown
antispyware.onlinedownloads.org,Unknown
antispy.repairandsecure.com,Unknown
antispy.4x2.net,Unknown
antigua.aguilarnoticias.com,Unknown
anti.play3w.com,Unknown
anti.domplayer.com,Unknown
anti-virus-software.ojolink.fr,Unknown
anti-trojan-antivirus.ojolink.fr,Unknown
anti-spywares.ojolink.fr,Unknown
anti-spyware-software.ojolink.fr,Unknown
anti-malwares.ojolink.fr,Unknown
anti-malware-software.ojolink.fr,Unknown
anti-fraud.website-works.com,Unknown
anthonycarducci.lawyerpublicity.com,Unknown
anternpo.searching-for-joy.com,Unknown
anted.webobo.com,Unknown
antanita.myblogtoolbar.com,Unknown
anseati.shedapplyangel.ru,Unknown
anraiqjjvn6a1.wpedu.cn,Unknown
anonymous.ipv6.red,Unknown
anonym.2freedom.com,Unknown
anon.zalex.name,Unknown
anny.theportorangeconnection.com,Unknown
annfil.dev.cogitech.pl,Unknown
annex.biophilia.jp,Unknown
annet321.viralgalleries.me,Unknown
annesprojects.fenam.fi,Unknown
anna.websaiting.ru,Unknown
anna.vandersteen-budel.nl,Unknown
ankoppeltdataverwerkings.skylineinsulation.com,Unknown
ankhopvuong.fonicweb.com,Unknown
ankh.attack.se,Unknown
anketa.orenmis.ru,Unknown
anket.bluemon.mn,Unknown
anjaneya.extracss.com,Unknown
anitoid.alasrglobal.com,Unknown
anime13.mystoretoolbar.com,Unknown
anhui.driverchina.com,Unknown
angry-birds-rio-crack-serial.ddlzone.com,Unknown
anglo-chinese.google-feed.net,Unknown
anglina001.viralgalleries.me,Unknown
angelika.mikk.eu,Unknown
angehan-lugvaart.paladin-global.net,Unknown
ang.angelflightmidatlantic.org,Unknown
anesthesia.hlogbook.ir,Unknown
anemia.xgamegodni.pl,Unknown
andromeda.turfsiteph.net,Unknown
android.appzing.info,Unknown
android.apps-connects.com,Unknown
andrey.goldfine.ru,Unknown
andrew.serverpick.trade,Unknown
andrea.somagfx.com,Unknown
andotherobservations.jia-li.net,Unknown
andoblog.myblogtoolbar.com,Unknown
andahoho.umcchurches.org,Unknown
and.philippinesgaytourist.com,Unknown
anasmoujid.forumh.net,Unknown
anamariasantibanez.sistemamlm.net,Unknown
analyze.us.tf,Unknown
analytics.thingx.tv,Unknown
analytics.mail-corp.com,Unknown
analwhore.schoolreference.com,Unknown
analtube.stoporn.net,Unknown
analsexphoto.yourfreesites.com,Unknown
analog.sms13.de,Unknown
analog.cell.phone.service.sms13.de,Unknown
anal.gold10.com,Unknown
anaimarie.viralgalleries.me,Unknown
anachronisms-anaboliset.repipeseattlenow.com,Unknown
amztenshopstore.co.uk.ref3e8903422222.grillapointechs.com,Unknown
amz.com-updateforworldwide-mana.9357357qdgdqg3l4.aaeg94adeg984.y8h5j58k45s85ge.ba9s56h55hy5f6.r8r12h65s5ga9h65k5.r9o85q9v5n5n69,Unknown
amyfashion.nablogu.pl,Unknown
amwuetw.inboxread28.review,Unknown
amvca.myforumtoolbar.com,Unknown
amu.twobox4addon.info,Unknown
amu.helpyourselfinstall.info,Unknown
amu.brandnewinstall.info,Unknown
amu.boxinstallercompany.info,Unknown
amu.adduraddonhere.info,Unknown
ams.naself.com,Unknown
amplitudenlandsdeler.game-server.es,Unknown
ampics.ucgalleries.com,Unknown
ampibabosaica.scottsdalefoodie.com,Unknown
amp.xtx.kr,Unknown
amp.sorna.at,Unknown
amore.darkhost.info,Unknown
amor.official.pw,Unknown
amogaufficiale.myradiotoolbar.com,Unknown
amoc.vyudu.tech,Unknown
amm-jo2.accessme.com,Unknown
amirim.shakedeal.co.il,Unknown
ami.regroups.net,Unknown
ami.diminishedvaluewashington.com,Unknown
ameydocumentsharingplatform.indiatoursntravels.com,Unknown
amexopen.creditpointe.com,Unknown
ames.getapps1.com,Unknown
americanproxy.20is.com,Unknown
americanas.direto.cliente.cadastronovo.ml,Unknown
american.mycitytoolbar.com,Unknown
ameli.remboursement.portrtaitdata.com,Unknown
ameli-assurance.bphotos.ca,Unknown
amegaupload.cocsis.com,Unknown
ameericaan-expreess-servicios.16118seg.com,Unknown
ameb.copherfinancialservices.com,Unknown
amd.martatovaglieri.it,Unknown
amd.cibariefoodconsulting.it,Unknown
amd.alibuf.com,Unknown
ambiance.selworthydev4.com,Unknown
amazonsignin.lechertshuber.b00ryv9r20.de,Unknown
amazon.webdirect.cf,Unknown
amazon.update.payment.billing.restore.com.gameoflovez.info,Unknown
amazon.secure-center.org,Unknown
amazon.de.zn-amazon-8h7lu.ru,Unknown
amazon.de.xy-konto-j9c-amazon-wqv.ru,Unknown
amazon.de.xc-amazon-s6ref.ru,Unknown
amazon.de.w7-konto-jt0-amazon-gum.ru,Unknown
amazon.de.v3-amazon-5gtv9.ru,Unknown
amazon.de.sicherheitcheck.info,Unknown
amazon.de.session-id-click.com,Unknown
amazon.de.r-vh1gj-amazon-q1wnc.ru,Unknown
amazon.de.p2-amazon-cpovm.ru,Unknown
amazon.de.newssend0.com,Unknown
amazon.de.neueagb.com,Unknown
amazon.de.neue-agbs.com,Unknown
amazon.de.myamapay.com,Unknown
amazon.de.my-amapay.com,Unknown
amazon.de.kundenkonto-amazon-h1dsvicau6-amazon.ru,Unknown
amazon.de.jt-amazon-wx30k.ru,Unknown
amazon.de.je-konto-0qf-amazon-ghw.ru,Unknown
amazon.de.iw-konto-iwg-amazon-1p8.ru,Unknown
amazon.de.hx-konto-hjg-amazon-rhc.ru,Unknown
amazon.de.hq-amazon-js0or.ru,Unknown
amazon.de.fast-click05.com,Unknown
amazon.de.dc-amazon-nm01c.ru,Unknown
amazon.de.bedanken2018.net,Unknown
amazon.de.bedanken14.com,Unknown
amazon.de.a-vpuvk-amazon-nlxma.ru,Unknown
amazon.de.8p-amazon-f8cuf.ru,Unknown
amazon.de.5f-konto-yya-amazon-7mv.ru,Unknown
amazon.de.24-konto-8nm-amazon-zum.ru,Unknown
amazon.de.16-konto-oea-amazon-8mk.ru,Unknown
amazon.de.0-vwixn-amazon-qu0y1.ru,Unknown
amazon.de-sichererlogin.com,Unknown
amazon.co.uk.security-check.ga,Unknown
amazon.big10-sale.com,Unknown
amazon.13wcf9cwb8.top,Unknown
amazon.132oy2fn8d.top,Unknown
amazon.125gr3tybv.top,Unknown
amazon.0zc80opitp.top,Unknown
amazon.0uuadr1g64.top,Unknown
amazon.0q43pz4e1w.top,Unknown
amazon.0pqca3nm.top,Unknown
amazon.0gw55dp2sv.top,Unknown
amazon.0a8o21fr04.top,Unknown
amazon.06kgdxwcr2.top,Unknown
amazon.04pxgjkzb0.top,Unknown
amazon.04cgvyrzct.top,Unknown
amazon.032qzydgic.top,Unknown
amazon-sicherheit.kunden-ueberpruefung.xyz,Unknown
amazn.de-vorgangsnummer-secure-bb2.bid,Unknown
amazionsticlemembs.com.bilinverif17.godgedrivoterms.co.uk,Unknown
amazionesecust.com.ref894909veri39.gicadasposcreks.com,Unknown
amazingdudein.myblogtoolbar.com,Unknown
amaz.daten-ueberpruefungsservice.net,Unknown
amateurteenz.ucgalleries.com,Unknown
amateursex.ucgalleries.com,Unknown
amateurs.jerkr.com,Unknown
amateurs-cam.0my.net,Unknown
amateurehotgirls.ucgalleries.com,Unknown
amateur101.ucgalleries.com,Unknown
amateur-palace.ucgalleries.com,Unknown
amaryah.houndquake.com,Unknown
amarsex.media-toolbar.com,Unknown
amapro.amadeus.co.il,Unknown
amanscreation.myradiotoolbar.com,Unknown
amalzon-com.unlocked-account-now.com,Unknown
ama.daten-ueberpruefungsservice.net,Unknown
ama.daten-sicherheitsdienst.net,Unknown
am.pierlab.com,Unknown
am.dynatracker.de,Unknown
alyssa-milano-nackt.stars4all.de,Unknown
alwjdnet.myforumtoolbar.com,Unknown
alwaysup.yoursetforgreatapp.icu,Unknown
alwaysup.yourset4greatapps.icu,Unknown
alwaysup.yourset4greatapp.icu,Unknown
alwaysup.yourreadyforgreatapp.icu,Unknown
alwaysup.yourready4greatapps.icu,Unknown
alwaysup.yourready4greatapp.icu,Unknown
alwaysup.thesitetoplayworkingflash.xyz,Unknown
alwaysup.thesitetoplayworkingflash.icu,Unknown
alwaysup.thesiteforplayworkingflash.xyz,Unknown
alwaysup.thesiteforplayworkingflash.icu,Unknown
alwaysup.thesite4playworkingflash.xyz,Unknown
alwaysup.thesite4playworkingflash.icu,Unknown
alwaysup.thesite2playworkingflash.xyz,Unknown
alwaysup.thesite2playworkingflash.icu,Unknown
alwaysup.themainsitetogetplayer.xyz,Unknown
alwaysup.thefreshvideo4upgradingnew.win,Unknown
alwaysup.thefreshvideo4upgradingnew.download,Unknown
alwaysup.thefreshvideo4upgradenew.trade,Unknown
alwaysup.thecentersitetodownloadcontentfree.icu,Unknown
alwaysup.thecentersite2downloadcontentfree.icu,Unknown
alwaysup.thebestcenteronnetcontentingplace.stream,Unknown
alwaysup.thebestcenteronnetcontenting.stream,Unknown
alwaysup.thebestcenteronnetcontent.download,Unknown
alwaysup.sitetoplayworkingflash.icu,Unknown
alwaysup.sitetoplayingworkingflash.xyz,Unknown
alwaysup.siteforplayworkingflash.xyz,Unknown
alwaysup.siteforplayworkingflash.icu,Unknown
alwaysup.siteforplayingworkingflash.xyz,Unknown
alwaysup.siteforplayingworkingflash.icu,Unknown
alwaysup.site4playworkingflash.xyz,Unknown
alwaysup.site4playworkingflash.icu,Unknown
alwaysup.site4playingworkingflash.xyz,Unknown
alwaysup.site4playingworkingflash.icu,Unknown
alwaysup.site2playworkingflash.xyz,Unknown
alwaysup.site2playworkingflash.icu,Unknown
alwaysup.site2playingworkingflash.xyz,Unknown
alwaysup.site2playingworkingflash.icu,Unknown
alwaysup.greatandsafeways2contents.icu,Unknown
alwaysup.contestarefuntohaveviastreamingthusyear.icu,Unknown
alwaysnewsoft.thegreatstabilitycontentingclear.win,Unknown
alwaysnewsoft.freebestgameplace.trade,Unknown
alwaysnewsoft.freebestgameplace.download,Unknown
alwaysnewsoft.freebestgameplace.bid,Unknown
alwaysnewsoft.central4upgrading.date,Unknown
alwaysnewsoft.central4upgrading.bid,Unknown
alwaysnewsoft.central4upgrades.win,Unknown
alwaysnewsoft.central4upgrades.trade,Unknown
alwaysnewsoft.central4upgrades.review,Unknown
alwaysnewsoft.central4upgrades.download,Unknown
alwaysnewsoft.central4upgrade.trade,Unknown
alwaysnewsoft.central4upgrade.stream,Unknown
alwaysnewsoft.awesomesafestable4contentsafegnew.icu,Unknown
alwaysnew.updatefunhousesafe.icu,Unknown
alwaysnew.updatefunhousenow.icu,Unknown
alwaysnew.updatefunhouse.club,Unknown
alwaysnew.updatefun-housesafe.icu,Unknown
alwaysnew.updatefun-housenew.icu,Unknown
alwaysnew.updatefun-housefree.club,Unknown
alwaysnew.updatefun-house.icu,Unknown
alwaysnew.thebigandsafer4updating.stream,Unknown
alwaysnew.thebestdownloadsonnet.icu,Unknown
alwaysnew.thebestdownloadsonnet.club,Unknown
alwaysnew.thebestdownloadingsite.club,Unknown
alwaysnew.setforgreatapps.icu,Unknown
alwaysnew.setforgreatapps.host,Unknown
alwaysnew.setforgreatapp.icu,Unknown
alwaysnew.setforgreatapp.host,Unknown
alwaysnew.set4greatapps.icu,Unknown
alwaysnew.set4greatapps.host,Unknown
alwaysnew.set4greatapp.icu,Unknown
alwaysnew.set4greatapp.host,Unknown
alwaysnew.readyforgreatapps.host,Unknown
alwaysnew.readyforgreatapp.icu,Unknown
alwaysnew.readyforgreatapp.host,Unknown
alwaysnew.ready4greatapps.icu,Unknown
alwaysnew.ready4greatapp.icu,Unknown
alwaysnew.prepareforgreatapp.icu,Unknown
alwaysnew.prepareforgreatapp.host,Unknown
alwaysnew.prepare4greatapps.host,Unknown
alwaysnew.prepare4greatapp.icu,Unknown
alwaysnew.loadfreestuff.review,Unknown
alwaysnew.legalwebsitetofindcontentnow.icu,Unknown
alwaysnew.legalwebsite2findcontentnew.icu,Unknown
alwaysnew.legalwebsite2findcontentfree.icu,Unknown
alwaysnew.legalwebsite2findcontent.icu,Unknown
alwaysnew.legalwebsite-findcontentfree.icu,Unknown
alwaysnew.futureupdatessafesystem4nowset.club,Unknown
alwaysnew.bestdownloads.icu,Unknown
alwaysnew.bestdownloads.club,Unknown
alwaysnew.bestdownloading.icu,Unknown
alwaysnew.bestdownloading.club,Unknown
alwaysnew.bestappdownloads.icu,Unknown
alwaysnew.bestappdownload.icu,Unknown
alwaysnew.bestadyoucanhavetodatenowgreatest.review,Unknown
alwaysnew.bestadyoucanhavetodatenowgreatest.bid,Unknown
alwaysnew.bestadyoucanhavetodatenoweasytouse.review,Unknown
alwaysnew.bestadyoucanhavetodatenowalways.stream,Unknown
alwaysnew.bestadyoucanhavetodatenowalways.review,Unknown
alwaysnew.bestadyoucanhavetodatenowalways.bid,Unknown
alwaysnew.bestadyoucanhavetodatenow.stream,Unknown
alwaysnew.bestadyoucanhavetodatenow.review,Unknown
alwaysnew.bestadyoucanhavetodatenow.date,Unknown
alwaysnew.bestadyoucanhavetodatenow.bid,Unknown
always.myradiotoolbar.com,Unknown
alucra.mytowntoolbar.com,Unknown
altran-tech.qone.nl,Unknown
alternativos.iw-advertising.com,Unknown
alt64.virtualoft.net,Unknown
alt02.datacomspecialists.net,Unknown
alt.zincbutter.download,Unknown
alt.rubboot.loan,Unknown
alreadyhost.ithinq.net,Unknown
alrafidain.n-idea.us,Unknown
alqassamnet.media-toolbar.com,Unknown
alpier.playgdl.net,Unknown
alphasite.indonet.co.id,Unknown
alphaeuro.alphalan.fr,Unknown
alpha1.giantlaser.net,Unknown
alpha.integr8it.com.au,Unknown
alpha.gtpo-cms.co.uk,Unknown
alpha.easy-hit-counters.com,Unknown
alpha.cutrush.com,Unknown
alpes.icgauth.cyberplus.banquepopulaire.fr.websso.bp.13807.emparecoin.ro,Unknown
alopsitta.vard-forum.ru,Unknown
alopsitta.rusjohn.ru,Unknown
alopsitta.roninlife.ru,Unknown
alone.nonebrokerage.com,Unknown
aloha.smsalert.org,Unknown
alnkaa.lnkredirect.com,Unknown
almykia.rusjohn.ru,Unknown
almaciat.mystoretoolbar.com,Unknown
almacen.olidroide.es,Unknown
allyh.myblogtoolbar.com,Unknown
allways.drusearch.com,Unknown
allmymachinecom.mystoretoolbar.com,Unknown
allisto.rusjohn.ru,Unknown
alliedcreed.myteamtoolbar.com,Unknown
allens.youcheckit.ca,Unknown
allegro.pl.showitme.pl,Unknown
allegro.pl.showitems.it,Unknown
allegro.pl.showinten.pl,Unknown
allegro.pl-weryfikacja3421.osi928.ml,Unknown
allegro.gmb.pl,Unknown
allceleb.stoporn.net,Unknown
allboys.buckshost.com,Unknown
all4uwarez.gulli.to,Unknown
all.technologyoptical.com,Unknown
all.speakerupgrade.com,Unknown
all.noshitflip.com,Unknown
all.nobrokeronline.com,Unknown
all.howtogetmedical420.com,Unknown
all.getextensions.net,Unknown
all.fingersleep.bid,Unknown
all.darkhost.info,Unknown
all.brokerfreehome.info,Unknown
all.alisatilsner.com,Unknown
alkmaar-stobaeus.makemoneywithmegan.net,Unknown
alki.unlockmyphonee.com,Unknown
aljled.mycitytoolbar.com,Unknown
alisoviejo.lionsgatereg.com,Unknown
aliocza.kelio.org,Unknown
aliexpress-acc-sup-up-sec.srivara.com,Unknown
alidaystool.mystoretoolbar.com,Unknown
alibabasecureupdatelogin.com.federalstudentloansus.com,Unknown
alibaba.svstyle.com,Unknown
alibaba.sdmcafe.com,Unknown
alibaba.login.com.barkurenerji.net,Unknown
alibaba.com.dongbangchem.com,Unknown
alibaba.accountsecurity.paypa.cloxiio.net,Unknown
alias.jjbworks.com,Unknown
alianzas.dmotos.cl,Unknown
ali.files.cdn.112gs.com,Unknown
ali.alibobomoneyman.xyz,Unknown
ali-apk.wdjcdn.com,Unknown
alfredo8752.pdns.cz,Unknown
alfasicdehonduras.org.hn,Unknown
alexis.monville.com,Unknown
alexa.liuliangbao.cn,Unknown
alessandro.enlalineadelfrente.com,Unknown
alerts.widdit.com,Unknown
alerts.account.capital-one.com.secure.insidmaldesign.com,Unknown
alertconfig.akalifam.info,Unknown
alert2720.44ts49321363.certificate-issue-7u.host,Unknown
alert2299.31ck72915842.firewall-issue-puf4k.top,Unknown
alert.secure.wells-fargo.checking.account.reinomusical.com,Unknown
alert.net-update.com,Unknown
alert.internet-security-error.com,Unknown
alert.freepush.com,Unknown
alert.firewall-corrupted-apple.com,Unknown
alenvic.unbolt.net,Unknown
ale.paternal.ru,Unknown
aldexity-001-site1.1tempurl.com,Unknown
aldaypill.alldaypill.com,Unknown
alci.dommel.be,Unknown
albumleak.musicleak.freehst.net,Unknown
albany.wave2adportal.com,Unknown
albadiagolfclub.golfgaga.com,Unknown
alawficom.mycitytoolbar.com,Unknown
alamariacea.rusjohn.ru,Unknown
alainweb1.myfamilytoolbar.com,Unknown
alagoagrande.pb.gov.br,Unknown
alaeolithi.roninlife.ru,Unknown
akweb.whenu.com,Unknown
akunstfanpageee.plischeksfanpage.ga,Unknown
aktobe.xkaz.org,Unknown
aksmania.myteamtoolbar.com,Unknown
akowalska.ecrm.pl,Unknown
akowa.projet-test.com,Unknown
akku.mondo.trium.mitsubishi.sms13.de,Unknown
akizaki.soge.net,Unknown
akilay.kingx.info,Unknown
akiko.izmsystem.net,Unknown
akhtargroup.com.bd,Unknown
ake.needmonth.bid,Unknown
akdwl.whenu.com,Unknown
akb.fox-m.com,Unknown
akashi.nulo.io,Unknown
akapp.whenu.com,Unknown
akapp.memedia.com,Unknown
akademia.tuv.pl,Unknown
akademia.gnatyshyn.pl,Unknown
ak1.imgaft.com,Unknown
ak.imgaft.com,Unknown
aiwhevye.applekid.cn,Unknown
airtrainning.larucheduweb.com,Unknown
airport.yellowminicabs.com,Unknown
airpack.alakmalak.org,Unknown
aircraft.evote.cl,Unknown
airbnb.com.westpeak.ca,Unknown
airbnb.com.online-booking.reference1618.pw,Unknown
airbnb.com.long-term-lease-apartment.site,Unknown
airbnb.com.bookrbnb.com,Unknown
airbnb.com.account.sdisigns.ca,Unknown
airbnb.com-verifymembership.work,Unknown
airbnb.com-rooms-long-term-listings.com,Unknown
airbnb.com-rooms-long-term-listing.club,Unknown
airbnb.com-long-term-rooms.com,Unknown
airbnb.com-long-term-rooms-be.com,Unknown
airbnb.co.uk.booking-safe-roomid900042347688649901.ru,Unknown
airbnb.co-rooms-long-term-listing.site,Unknown
airbnb.co-rooms-long-term-listing.com,Unknown
aino.mycitytoolbar.com,Unknown
aimmvqsf.ahhxdl.cn,Unknown
aikat.ha.cked.net,Unknown
aigoingtokill.aigoingtokill.club,Unknown
aifol.psilogen.org,Unknown
ai.satevis.us,Unknown
ai.direct-software.com,Unknown
ai.9sf.net,Unknown
ahuqfrqk54v3vnzj.zn90h4.bid,Unknown
ahuqfrqk54v3vnzj.xs2xeh.bid,Unknown
ahuqfrqk54v3vnzj.x90yk1.bid,Unknown
ahuqfrqk54v3vnzj.vgxcci.top,Unknown
ahuqfrqk54v3vnzj.v5neyw.bid,Unknown
ahuqfrqk54v3vnzj.uzeb6r.bid,Unknown
ahuqfrqk54v3vnzj.u9fcji.bid,Unknown
ahuqfrqk54v3vnzj.tjubo1.top,Unknown
ahuqfrqk54v3vnzj.sg9lxh.bid,Unknown
ahuqfrqk54v3vnzj.roep3o.top,Unknown
ahuqfrqk54v3vnzj.n3oyw7.bid,Unknown
ahuqfrqk54v3vnzj.l7g2sv.bid,Unknown
ahuqfrqk54v3vnzj.kj3f52.bid,Unknown
ahuqfrqk54v3vnzj.i81wik.bid,Unknown
ahuqfrqk54v3vnzj.h4lu4i.bid,Unknown
ahuqfrqk54v3vnzj.g4dc5s.bid,Unknown
ahuqfrqk54v3vnzj.ewg6uf.bid,Unknown
ahuqfrqk54v3vnzj.cb3pul.top,Unknown
ahuqfrqk54v3vnzj.c8jxpp.top,Unknown
ahuqfrqk54v3vnzj.bds4sn.top,Unknown
ahuqfrqk54v3vnzj.9sfk22.bid,Unknown
ahuqfrqk54v3vnzj.8kiec2.top,Unknown
ahuqfrqk54v3vnzj.6avw2a.bid,Unknown
ahuqfrqk54v3vnzj.4h16v3.top,Unknown
ahuqfrqk54v3vnzj.1vcxfn.bid,Unknown
ahtl.923yx.com,Unknown
ahpd0diwnx86enn6drdx.mbservicesyorkshire.co.uk,Unknown
ahosting.free2w.com,Unknown
aholesguide.ruethedayblog.com,Unknown
ahmkfi.best.volyn.ua,Unknown
ahmed.ipeary.com,Unknown
ahmadbatebi.myblogtoolbar.com,Unknown
ahk.smu8street.ru,Unknown
ahdx.7edown.com,Unknown
ahd287ny23cn2ync82ncfj.768x3y47xym347ymc49c.date,Unknown
ahabuhani.myuniversitytoolbar.com,Unknown
agttechhk.agttechnologies.com,Unknown
agricolafaena.oliwes.it,Unknown
agreement7.gdmachinery.net,Unknown
agreement4.gdmachinery.net,Unknown
agnapla.vard-forum.ru,Unknown
aggiornamenti.blunova.it,Unknown
agent.wizztrakys.com,Unknown
agent.sandiegoperformanceacademy.com,Unknown
agent.maddy.additional.information.checkbackwithus559.com,Unknown
agenda.terzoveneto.it,Unknown
agency.thinkalee.ca,Unknown
agency.adpro.by,Unknown
agencies.apriltravelprotection.com,Unknown
agelnetherlands.myblogtoolbar.com,Unknown
agape.elbondocgroup.com,Unknown
aga.adsv-cuisines.com,Unknown
afx.tagcdn.com,Unknown
afx.down.he68j.cn,Unknown
afx.down.coffeesia.com,Unknown
afshari.yazdvip.ir,Unknown
africain.bestseedtodo.xyz,Unknown
afon.constructdigital.net,Unknown
afo.armandocamacho.com,Unknown
afiles.download-at.de,Unknown
affiliations.igg.biz,Unknown
affiliates.topinstalls.com,Unknown
affiliates.streetindex.com,Unknown
affiliates.picaboocorp.com,Unknown
affiliates.easydate.biz,Unknown
affiliate.trk4.com,Unknown
affiliate.pmclicks.com,Unknown
affiliate.irotracker.com,Unknown
affiliate.idownload.com,Unknown
affiliate.gwmtracker.com,Unknown
affiliate.burn-out.tv,Unknown
affiliate.365adsolutions.com,Unknown
aff.tagcdn.com,Unknown
aff.svjump.com,Unknown
aff.ringtonepartner.com,Unknown
aff.naughtyconnect.com,Unknown
aff.adventory.com,Unknown
aff-jp.exshot.com,Unknown
afeez.leatherforgay.co.uk,Unknown
afe.kuai-go.com,Unknown
afa15.com.ne.kr,Unknown
af.mitrance.com,Unknown
af.lygo.com,Unknown
aerdtc.gov.mm,Unknown
aeonweb.myforumtoolbar.com,Unknown
aegis.secure-orders.net,Unknown
aegis.anyhome.co.kr,Unknown
adzone.zzzz.io,Unknown
adz.co.zw,Unknown
adwordsgooglecouk.fectmoney.com,Unknown
adwords-gooogle-co-uk.fectmoney.com,Unknown
adwarespywarecease.repairandsecure.com,Unknown
adwareagent.say-it-now.com,Unknown
advertising.paypercall.org,Unknown
advertise.searchinspired.com,Unknown
advertentie-zoeker.bassxperience.com,Unknown
advert.rare.ru,Unknown
advert.exaccess.ru,Unknown
advancesystemcare.safecart.store,Unknown
advancesystemcare.esecureshoppe.com,Unknown
advancesyscare.safe-cart.store,Unknown
advancehandling.dhdinc.info,Unknown
advancedsystemcare.safemart.store,Unknown
advancedsystemcare.safe-cart.store,Unknown
advancedpccare.safecart.store,Unknown
advancedpccare.safe-cart.store,Unknown
advancedpccare.esecureshoppe.com,Unknown
advancedmaccleaner.safecart.store,Unknown
advance.imperdible.cl,Unknown
adv.z4p.in,Unknown
adv.sexcounter.com,Unknown
adv.gratuito.st,Unknown
adv.famous.bg,Unknown
adv.entercasino.com,Unknown
adv.casinopays.com,Unknown
adultxposure.myblogtoolbar.com,Unknown
adult.yourapks.com,Unknown
adult.yellow-pages.ws,Unknown
adult.foxcounter.com,Unknown
adult.adrevservice.com,Unknown
adulsexpictures.ucgalleries.com,Unknown
adtools2.amakings.com,Unknown
adtools.gossipkings.com,Unknown
adtegrity.spinbox.net,Unknown
adt.m7z.net,Unknown
adsvc1.unadnet.com.cn,Unknown
adss.dotdo.net,Unknown
adsm.54mms.com,Unknown
adsignal.valuead.com,Unknown
adserving.muppetism.com,Unknown
adserving.favorit-network.com,Unknown
adserving-cpxinteractive.google-feed.net,Unknown
adserver2.oxdl.com,Unknown
adserver.warezclient.com,Unknown
adserver.soloserver.com,Unknown
adserver.softure.com,Unknown
adserver.mindshare.de,Unknown
adserver.millionairemate.com,Unknown
adserver.janes.org,Unknown
adserver.ads.com.ph,Unknown
adserver.4clicks.org,Unknown
adserve.podaddies.com,Unknown
adsertta.lnkredirect.com,Unknown
adsensenewbies.myblogtoolbar.com,Unknown
adsense.facepeer.com,Unknown
ads2.vortexmediagroup.com,Unknown
ads1.tuccus.com,Unknown
ads1.nexdra.com,Unknown
ads1.intelliads.com,Unknown
ads.yankscash.com,Unknown
ads.yadio.com,Unknown
ads.wikipartes.com,Unknown
ads.webmedia.co.il,Unknown
ads.webcamclub.com,Unknown
ads.web21.de,Unknown
ads.vlc.msdwnld.com,Unknown
ads.virtualdj.msdwnld.com,Unknown
ads.vidsense.com,Unknown
ads.vcuk.valueclick.net,Unknown
ads.valuead.com,Unknown
ads.trusted-connection.com,Unknown
ads.triada.bg,Unknown
ads.top.bg,Unknown
ads.swiftnews.com,Unknown
ads.svnt.com,Unknown
ads.stephensmedia.com,Unknown
ads.speedfinancial.online,Unknown
ads.softure.com,Unknown
ads.sfomedia.com,Unknown
ads.searchingbooth.com,Unknown
ads.sagabg.net,Unknown
ads.right-ads.com,Unknown
ads.radioactive.se,Unknown
ads.premiership.bg,Unknown
ads.pr.valueclick.net,Unknown
ads.phillipsdata.us,Unknown
ads.openoffice.msdwnld.com,Unknown
ads.nod32.msdwnld.com,Unknown
ads.muscleandfitnesshers.com,Unknown
ads.mtv.valueclick.net,Unknown
ads.msn-ppe.com,Unknown
ads.mrtones.com,Unknown
ads.messenger.msdwnld.com,Unknown
ads.mediabong.net,Unknown
ads.mail3x.com,Unknown
ads.lucidmedia.com,Unknown
ads.linki.nl,Unknown
ads.link.valueclick.net,Unknown
ads.klixxx.com,Unknown
ads.katz.ws,Unknown
ads.k8l.info,Unknown
ads.jerk2it.com,Unknown
ads.jdownloader.msdwnld.com,Unknown
ads.imarketservices.com,Unknown
ads.iawsnetwork.com,Unknown
ads.hanggiadinh.com,Unknown
ads.granitgjana.com,Unknown
ads.gofuckyourself.com,Unknown
ads.globalsportsmedia.com,Unknown
ads.flashplayer.msdwnld.com,Unknown
ads.firstgrand.com,Unknown
ads.firefox8.msdwnld.com,Unknown
ads.firefox7.msdwnld.com,Unknown
ads.firefox3.6.msdwnld.com,Unknown
ads.extube.org,Unknown
ads.explorer9.msdwnld.com,Unknown
ads.erotism.nl,Unknown
ads.eorezo.com,Unknown
ads.emule.msdwnld.com,Unknown
ads.ecrush.com,Unknown
ads.dropspam.com,Unknown
ads.downloadaccelerator.com,Unknown
ads.dns-look-up.com,Unknown
ads.digitalalchemy.tv,Unknown
ads.dai.org,Unknown
ads.cyop.org,Unknown
ads.concisus.com.au,Unknown
ads.centralmedia.ws,Unknown
ads.carocean.co.uk,Unknown
ads.brand.net,Unknown
ads.binlayer.com,Unknown
ads.bidclix.com,Unknown
ads.avodirect.ca,Unknown
ads.avast.msdwnld.com,Unknown
ads.auctioncity.co.nz,Unknown
ads.ares.msdwnld.com,Unknown
ads.apprupt.com,Unknown
ads.adtube.de,Unknown
ads.adsponse.de,Unknown
ads.adscholar.com,Unknown
ads.adonion.com,Unknown
ads.admaxasia.com,Unknown
ads.admanage.com,Unknown
ads.activepower.net,Unknown
ads.aco.valueclick.net,Unknown
adplus.goo.mx,Unknown
adp1.mac-torrent-download.net,Unknown
adp.ikena.com,Unknown
adownload.gocybetix.com,Unknown
adoption.tcs.org.sg,Unknown
adode.account.ivasistema.com,Unknown
adobeflashplayer.slyip.com,Unknown
adobe.pt.tf,Unknown
adobe.flash-player.software,Unknown
adobe.fisher-realty.org,Unknown
adobe.com.us.reader.cloud.web.access.securely.asinacabinets.com,Unknown
adobe-premiere-elements-10-crack-serial.ddlzone.com,Unknown
ado.updatereader.club,Unknown
ado-city.free-h.fr,Unknown
adn.plxnt.com,Unknown
admission.fri3nds.in,Unknown
admiral.seyanaa.com,Unknown
admin666.dfxun.cn,Unknown
admin1.photos4lyfe.net,Unknown
admin.windowshost.xyz,Unknown
admin.ugra.in,Unknown
admin.twinstoresz.com,Unknown
admin.sellhomeforcash.co.uk,Unknown
admin.searchlowestprice.com,Unknown
admin.razespyware.com,Unknown
admin.privateequityfundbuyshouses.com,Unknown
admin.porn-free-best.pw,Unknown
admin.officialbrisbane.com,Unknown
admin.monetcolor.com,Unknown
admin.meiwong.net,Unknown
admin.iotbaseball.com,Unknown
admin.ichina.cn,Unknown
admin.ibuyalameda.com,Unknown
admin.email-security.ga,Unknown
admin.easycalendarbuilder.com,Unknown
admin.brokerfreeflats.org,Unknown
admin.bearproof.org,Unknown
admin.att.mobiliariostore.com,Unknown
admin.adriangluck.com.ar,Unknown
admin.abcsearch.com,Unknown
admin-team.mailbox-admin.ml,Unknown
adm.esurf.info,Unknown
adm.emeraldsurfsciences.net,Unknown
adm.autobom.org,Unknown
adlink.shopsafe.co.nz,Unknown
adlerx.myradiotoolbar.com,Unknown
adjr.nobass.com,Unknown
adjio-vancollie.whiteboxdj.com,Unknown
adipex.24sws.ws,Unknown
adin.lavanderia-llc.com,Unknown
adidas.com-free.win,Unknown
adibashinews24.subirnokrek.net,Unknown
adi1.mac-torrent-download.net,Unknown
adespota.myblogtoolbar.com,Unknown
adefcon.ha.cked.net,Unknown
adeezclub.media-toolbar.com,Unknown
addserver.mtv.com.tr,Unknown
adds1.trafflow.com,Unknown
address.ipv6.la,Unknown
addchanger.moboymoboy.site,Unknown
add.sands-secure.com,Unknown
add.onlinebakingschool.com,Unknown
add.nbkr.co,Unknown
add.mindmodels.net,Unknown
add.knockadooneluxuryhomes.com,Unknown
add.freereikitraining.com,Unknown
add.acvillages.com,Unknown
adconfig.cnk.com.cn,Unknown
adc.stream.moe,Unknown
aday.primeservices.mobi,Unknown
adaids.project-qc.com,Unknown
adagent.brannon.info,Unknown
ad2.firehousezone.com,Unknown
ad132m.adk2.co,Unknown
ad1.firehousezone.com,Unknown
ad06.doubleadx.com,Unknown
ad03.doubleadx.com,Unknown
ad.yieldpartners.com,Unknown
ad.words-google.com,Unknown
ad.winningpartner.com,Unknown
ad.vidaroo.com,Unknown
ad.valuecalling.com,Unknown
ad.traffmonster.info,Unknown
ad.thinkmedia.cn,Unknown
ad.sponsoreo.com,Unknown
ad.spielothek.so,Unknown
ad.shareware.pro,Unknown
ad.searchhound.com,Unknown
ad.reklamport.com,Unknown
ad.realmedia.co.kr,Unknown
ad.realmcdn.net,Unknown
ad.pickple.net,Unknown
ad.outsidehub.com,Unknown
ad.openmultimedia.biz,Unknown
ad.netgoo.com,Unknown
ad.netcommunities.com,Unknown
ad.mastermedia.ru,Unknown
ad.lyricswire.com,Unknown
ad.lista.cz,Unknown
ad.kisscartoon.io,Unknown
ad.kissanime.io,Unknown
ad.joinaxxess.com,Unknown
ad.jamster.com,Unknown
ad.internetradioinc.com,Unknown
ad.indomp3z.us,Unknown
ad.imad.co.kr,Unknown
ad.ilove.net,Unknown
ad.ilikesponsorad.co.kr,Unknown
ad.idgtn.net,Unknown
ad.iconadserver.com,Unknown
ad.hirekmedia.hu,Unknown
ad.getmorespace.tk,Unknown
ad.favod.net,Unknown
ad.ero.nl,Unknown
ad.ero.be,Unknown
ad.downloadyee.com,Unknown
ad.crichd.in,Unknown
ad.bubblestat.com,Unknown
ad.brainbuzz.com,Unknown
ad.binlayer.com,Unknown
ad.bannerhost.ru,Unknown
ad.advice-blog.net,Unknown
ad.adorika.com,Unknown
ad.adnet.biz,Unknown
ad.ad24.ru,Unknown
ad.accessmediaproductions.com,Unknown
ad.23blogs.com,Unknown
ad-aware-antispyware.ojolink.fr,Unknown
ad-aware-antimalware.ojolink.fr,Unknown
acunt-fanpage00.plis-suport2-center.ga,Unknown
actyah.skimotion.cl,Unknown
actvier.ns11-wistee.fr,Unknown
activity.youraccount-security-check.com,Unknown
activities.chase0nline.argo-abs.com.au,Unknown
activate-your-id-acc-32s2dc1qs6541q5sf1sqf1qs5.komplekssmilian.imotbg.biz,Unknown
action.gongguoji.com,Unknown
acs.sup0rt-servidre0ver.bremkontlo.com,Unknown
acquitteras-amilota.womeninspiringnow.org,Unknown
acount-vserifixcaltion-center.babyworldstore.com,Unknown
acount-cheks0912.suport-acount-confrim12.gq,Unknown
acool.csheaven.com,Unknown
acm2.eim.ae.iwc.static.injectsystems.com.au,Unknown
acm-em.hazren.com,Unknown
aclefs.zgear-z.com,Unknown
aclefs.tool-h.com,Unknown
aclefs.sagent-s.com,Unknown
aclefs.s-engines.com,Unknown
aclefs.penginep.com,Unknown
aclefs.nmachinen.com,Unknown
aclefs.ins-styler.com,Unknown
acikdeniz.denizbankbireyselbankacilik.com,Unknown
acikdeniz.denizbankbasvuru.com,Unknown
acid.aicisteel.com,Unknown
achteruitschoptwicenoted.militarypopupweddings.com,Unknown
acessocaixa.app-gerenciamento.top,Unknown
acesso.pfpersonalite.ml,Unknown
ace2.legendsbotnet.live,Unknown
acdn01.stolen-secrets.com,Unknown
accweb.mouv.desjardins.com-identifiantunique-identification-accesd-securelogin-v3.cibc.name,Unknown
accurate.gutterhalment.com,Unknown
accuntpage322.accuntfanpage12.tk,Unknown
accountupdateweb.ucraft.me,Unknown
accountupdate.logon.bangladeshclothing.com,Unknown
accounts.renewal-user.com,Unknown
accounts.google.com.sewervideo.com,Unknown
accounts.google.c0m.juhaszpiroska.hu,Unknown
accounts.google-acc.com,Unknown
accounts.elementlabs.xyz,Unknown
accounts.craigslist.org.svrrc.com,Unknown
accounts.craigslist.org-securelogin.viewpostid8162-bmayeo-carsandtrucks.evamata.com,Unknown
accounts.checking.capital-one.secur-e.infos.osbirigui.com.br,Unknown
accounts.apple.securelink.auh1.com,Unknown
accounts-preunlcokeds.igg.biz,Unknown
accounting.ceramikaczary.pl,Unknown
accountavailibility.4-all.org,Unknown
accountarea.primeautosjapan.com,Unknown
accountarea.jinjidosha.com,Unknown
account.valide.checker.automatique.payverif.com,Unknown
account.personel-information.com,Unknown
account.paypal.gtfishingschool.com.au,Unknown
account.paypal-inc.tribesiren.com,Unknown
account.microsoftssonline.com,Unknown
account.microsoft.login.secure.verification.online.001.027.039.sindibae.cl,Unknown
account.maximus.co,Unknown
account.information.frozen.kojidigital.com,Unknown
account.exactah.com,Unknown
account.details.upgrade.helpdata.information.center.security.service.protection.ecospringsmelbourne.com,Unknown
account.connect-appleid.com.manilva.ws,Unknown
account.bankofireland.net.in,Unknown
account-verifier-now.howtovideomarketing.com,Unknown
account-update.proyectocolombia.com,Unknown
account-security-information.usabpoinc.com,Unknown
account-security-confirmation-sms.wfb-contact.xyz,Unknown
account-secure.support-service.shop,Unknown
account-login-dashboard.account-resolvewebappsinc.com,Unknown
account-limited.kihair.com.br,Unknown
account-information-update-online.isaelgutierrez.com,Unknown
account-google-com.ngate.my,Unknown
accessportal-myvoice-voicemailtxtmsg.cherrycar.co.ke,Unknown
accessportable.mycustomerconnect.com,Unknown
accessmysqlpro.say-it-now.com,Unknown
access.navinetwork.com,Unknown
access.juicyteenporn.com,Unknown
access.4clever.com,Unknown
accesd.verification-desj.com,Unknown
accesd.desjard-validation.com,Unknown
acces.hub-login.com,Unknown
acccountpage1222.confrimsuportfanpage9888.cf,Unknown
acccount-req11s.regis-fanpage1.ml,Unknown
acc-craigslist-conf.manopam.com,Unknown
academy.appspatrols.com,Unknown
academica.samarindaweb.com,Unknown
ac.hostjob.ro,Unknown
ac.dcit.ch,Unknown
abthirsproductcatalog.myteamtoolbar.com,Unknown
absurdity.flarelight.com,Unknown
abschnitt5.leibelt.de,Unknown
abscbn.spinbox.net,Unknown
absabankonline.whybrid.visioncare.biz,Unknown
absabanking.igatha.com,Unknown
abs.redbills.com,Unknown
above.e-rezerwacje24.pl,Unknown
aboutdigitalru.media-toolbar.com,Unknown
about.fntvchannel.com,Unknown
abnormal.searchbooks.xyz,Unknown
abnladsrv.srvccnanl.space,Unknown
abn.nl.web2t4dn.de,Unknown
abloom.arafatrakib.com,Unknown
ableton-live-crack-serial.ddlzone.com,Unknown
abingmanayon.us.kzpcmad.tk,Unknown
abinbev.dosemortelle.com,Unknown
abdagli.myblogtoolbar.com,Unknown
abce2.linkitnet.com,Unknown
abc123.h.941jz.cn,Unknown
abc.yuedea.com,Unknown
abc.sy578.cn,Unknown
abc.googlezuju.com,Unknown
abbyy-finereader-10-crack-serial.ddlzone.com,Unknown
abby.greentech-isoiatek.com,Unknown
abby.checkallserver.xyz,Unknown
abbotcies.vbusinese.ru,Unknown
ababy.dragon.uaezvcvs.tk,Unknown
ab3xw6ui5q.aarpeerubber.com,Unknown
ab.usageload32.com,Unknown
ab.itbaribd.com,Unknown
ab.dcit.ch,Unknown
ab.adpro.com.ua,Unknown
ab-reference-id-number-8697.epkphotography.com,Unknown
aaxrcljp.ahhxdl.cn,Unknown
aashima.goyal.com.au,Unknown
aaron.fansju.com,Unknown
aafes-web04.fillpoint.com,Unknown
aaaafs.ezdownloadpro.info,Unknown
aaaaafs.ezdownloadpro.info,Unknown
aaaaaafs.ezdownloadpro.info,Unknown
aaaaaa.icfoscolosoverato.it,Unknown
aaa.uniquewedding.com.cn,Unknown
aaa.hkdb.co.kr,Unknown
aaa.at4.info,Unknown
aa.xqwqbg.com,Unknown
aa.voice2page.com,Unknown
aa.mrmr11.cn,Unknown
aa.357my.com,Unknown
a796faee-7163-4757-a34f-e5b48cada4cb.statcamp.net,Unknown
a64gfdsjhb4htbiwaysbdvukyft5q.zobodine.at,Unknown
a568616008.hd8.chpsec.com,Unknown
a4u1.ucgalleries.com,Unknown
a4u.ucgalleries.com,Unknown
a460.cell.phone.ringtone.samsung.sms13.de,Unknown
a3.kuaihou.com,Unknown
a2.mobipot.at,Unknown
a2-scanner-antispyware.ojolink.fr,Unknown
a2-scanner-antimalware.ojolink.fr,Unknown
a2-antimalware.ojolink.fr,Unknown
a1lncg8u.wangwangwang.info,Unknown
a15172379.alturo-server.de,Unknown
a1.52ra3.com,Unknown
a.zeroredirect2.com,Unknown
a.zeroredirect.com,Unknown
a.xsvip.vip,Unknown
a.xiazai163.com,Unknown
a.wxkuangji.com,Unknown
a.webwise.org,Unknown
a.villeges.com,Unknown
a.tukobar.com,Unknown
a.tty.bz,Unknown
a.totalgambler.com,Unknown
a.topurl.bid,Unknown
a.sunnings.com,Unknown
a.sungry.com,Unknown
a.solarmovie.is,Unknown
a.sewsisters.com,Unknown
a.rokket.space,Unknown
a.readerstate.com,Unknown
a.qwerr.ga,Unknown
a.prwrepvfagig.com,Unknown
a.pomfe.co,Unknown
a.plazexdom.com,Unknown
a.pdfurl.bid,Unknown
a.owwwa.com,Unknown
a.ouns.net,Unknown
a.oix.net,Unknown
a.oix.com,Unknown
a.nt002.cn,Unknown
a.nimdinb.com,Unknown
a.niklesrov.com,Unknown
a.newsurl.bid,Unknown
a.netpro.xyz,Unknown
a.nan520.com,Unknown
a.namemilky.com,Unknown
a.najwahaifamelema9.com,Unknown
a.najwahaifamelema8.com,Unknown
a.najwahaifamelema7.com,Unknown
a.najwahaifamelema6.com,Unknown
a.najwahaifamelema5.com,Unknown
a.najwahaifamelema4.com,Unknown
a.najwahaifamelema3.com,Unknown
a.najwahaifamelema2.com,Unknown
a.najwahaifamelema12.com,Unknown
a.najwahaifamelema11.com,Unknown
a.najwahaifamelema10.com,Unknown
a.najwahaifamelema1.com,Unknown
a.mypasswordbox.com,Unknown
a.musiclegs.it,Unknown
a.musiclegs.fr,Unknown
a.mozefakt.com,Unknown
a.misteranybee.com,Unknown
a.mirroris.xyz,Unknown
a.megatasks.com,Unknown
a.lvt.ru,Unknown
a.liktirov.com,Unknown
a.larcolaio.it,Unknown
a.lainfile.pw,Unknown
a.kilomansa.com,Unknown
a.killergram-girls.com,Unknown
a.kaytri.com,Unknown
a.jquerycdn.co.il,Unknown
a.jianting.net,Unknown
a.jandolav.com,Unknown
a.impressionigrafiche.it,Unknown
a.gokilofa.com,Unknown
a.gettin.info,Unknown
a.findivisit.com,Unknown
a.fastswitchnap.net,Unknown
a.etheos.site,Unknown
a.e-democracy.bg,Unknown
a.desu.sh,Unknown
a.datatype.xyz,Unknown
a.cryptonow.ml,Unknown
a.cotonpasha.it,Unknown
a.cotonpasha.co.uk,Unknown
a.cockfile.com,Unknown
a.civitik.com,Unknown
a.cittainforma.com,Unknown
a.ciridola.com,Unknown
a.chdist.com,Unknown
a.cdngeek.net,Unknown
a.botiviga.com,Unknown
a.blackaged.com,Unknown
a.bitdo.bid,Unknown
a.binlayer.com,Unknown
a.bettiepageshoes.eu,Unknown
a.bestmanage.org,Unknown
a.bahaimlo.com,Unknown
a.b.c.d.gwtoys.cn,Unknown
a.b.c.d.e.f.gwtoys.cn,Unknown
a.audienceline.com,Unknown
a.abnad.net,Unknown
a.775ms.com,Unknown
a.39bo.com,Unknown
a.2fast-files.stream,Unknown
a.197734.com,Unknown
a.111mi.com,Unknown
a-squared-antimalware.ojolink.fr,Unknown
9ypqqo6.qby.be,Unknown
9xf.palominosjzvml.top,Unknown
9uw.truespeedlink.com,Unknown
9skpaunhpfwohojcznz5.littlematchagirl.com.au,Unknown
9qwavrdjxnnvwtxywikj.littlematchagirl.com.au,Unknown
9pynxcohuls1qj8rkws5.businessrulesanalysis.com,Unknown
9oxigfyv1n.bradul.creatory.org,Unknown
9nlblwte8sgt4bm3dcny.maherstcottage.com.au,Unknown
9hrds.wolfcrap.at,Unknown
9hnmtaw.navegador-with.website,Unknown
9fj33n3dhe.oqymzk4u5z.madpendesign.com.au,Unknown
9en.esses.ml,Unknown
9dj10.reelegance.com,Unknown
9bc0jymdlmwrsb0oam8h.littlematchagirl.com.au,Unknown
9azyx2.pnlsolar.com,Unknown
9az6.reelegance.com,Unknown
9az4.reelegance.com,Unknown
9az2.reelegance.com,Unknown
9ambgkopn1xawlzj7um8.maherstcottage.com.au,Unknown
9al.saniketaoci.com,Unknown
9aiefskqn.codificador-hpts6.website,Unknown
9aad7115.amy.gs,Unknown
99tianji.jianling.org,Unknown
990.jlbtcg.cn,Unknown
987449-deu-prob-sicher-nachweis.sicher-vorbeugung.tk,Unknown
986.stats.misstrends.com,Unknown
98.251-106-89.ftth.rus-com.net,Unknown
97xxoo.lcwyt.com,Unknown
974gfbjhb23hbfkyfaby3byqlyuebvly5q254y.mendilobo.com,Unknown
97178.www2.ninoa.com,Unknown
97.lcwyt.com,Unknown
97.126wyt.com,Unknown
954669-de-gast-sicherheit-account.sicherheitssystem-sicherheitshilfe.ga,Unknown
95-177-34-69.stream.managedbroadband.co.uk,Unknown
94dbhbj3l4blaeyfgl7q45glbaer.giponfeste.at,Unknown
9393.xc.iziyo.com,Unknown
9310.searchmiracle.com,Unknown
911.sos-empleados.net,Unknown
910457-deu-prob-sicherheit-account.vorkehrung-sicherheitssystem.ml,Unknown
90ddwoifj1412659.boxfree.fun,Unknown
909.09023.31698.minijozveh.ir,Unknown
9.linenesws.com,Unknown
9.cclastnews.com,Unknown
8vnzz.super-promo.quhu.info,Unknown
8uw.truespeedlink.com,Unknown
8shnyu9zrfgzgglwe9ed.littlematchagirl.com.au,Unknown
8rzn2h.sa004.com,Unknown
8q1h9xs5apg73.happy-dl-now.pw,Unknown
8nhfjevdflfdgiyqsuu6.mbservicesyorkshire.co.uk,Unknown
8jn.dating-app.ru,Unknown
8iql349ie.lojadanetssx.com,Unknown
8fnzz.super-promo.quhu.info,Unknown
8dzh6wwwsa36com.sa063.com,Unknown
8d2n8.sa162.com,Unknown
8b4bb47tiaolhy4uhhlfaqerg.sofarany.at,Unknown
89.ccs.cm,Unknown
89-36-94-113.skynet-telecom.ro,Unknown
88fga.ketteaero.com,Unknown
8888th.okahost.com.tw,Unknown
886hlj.sa171.com,Unknown
884545gf.ahdaaf.org,Unknown
88.gjpsoft.cn,Unknown
879.stats.misstrends.com,Unknown
864bdc96.intro2.biox-shop.com,Unknown
8640.sa093.com,Unknown
86-107-50-104.asconet.ro,Unknown
84p0z.sa131.com,Unknown
842066.sa067.com,Unknown
840216-germany-verbraucher-kenntnis-benutzer.vorkehrung-sicherheitssystem.cf,Unknown
84-16-235-35.spitzenserver.de,Unknown
83pxgcxtp2.oytewqrimfcd08k.icu,Unknown
832.tyd28.com,Unknown
83.148.141.54.adsl.griffin.net.uk,Unknown
83-215-255-169.dyn.saalbach.net,Unknown
83-2-169-14.osiek.net.pl,Unknown
83-1-121-47.tsm.tarnobrzeg.pl,Unknown
83-1-118-181.tsm.tarnobrzeg.pl,Unknown
82rn06.sa161.com,Unknown
8247155775938837.wittyoffers.club,Unknown
82-212-153-53.teledisnet.be,Unknown
82-212-150-95.teledisnet.be,Unknown
82-212-145-87.teledisnet.be,Unknown
82-212-135-164.teledisnet.be,Unknown
82-212-133-142.teledisnet.be,Unknown
82-199-190-227.vallnet.se,Unknown
80zn.sa152.com,Unknown
80zfx.936sa.com,Unknown
80aczhyfg8v3bu7jzesb.viomil.ro,Unknown
8090308659936838.latestpromotions.club,Unknown
8035342335111184.latestpromotions.club,Unknown
803.stats.misstrends.com,Unknown
8.discidedpmdivpc.site,Unknown
7zciu0exgx.cfcogommi2.madpendesign.com.au,Unknown
7uw.truespeedlink.com,Unknown
7th69axlezb6odlwczo9kii.hmip.net,Unknown
7s.7swg.com,Unknown
7rman.myradiotoolbar.com,Unknown
7mjh.axoidwpfufao.site,Unknown
7liiyi29gawt.forumjudicialsp.net,Unknown
7h.myblogtoolbar.com,Unknown
7ehvqis3usuaj8in8rez.littlematchagirl.com.au,Unknown
7crehlpapi.woeppvzoyj.madpendesign.com.au,Unknown
7bb3e96a.login3.kimbrelelectric.com,Unknown
7aznqtusju.bradul.creatory.org,Unknown
7aisngyh91e-cpsess0671158385-id.tallercastillocr.com,Unknown
78le.qsky.com.cn,Unknown
78iql269i.ugujecot.com,Unknown
783-diet.diet-4lost.com,Unknown
77ka.shaoxil.cn,Unknown
7792547436203159.clickandbuy.win,Unknown
7765817.facebook.profilephdid.com,Unknown
773737-germany-nutzung-mitteilung-account.vorkehrung-sicherheitssystem.ml,Unknown
7726582433267426.latestpromotions.club,Unknown
77.ip-92-222-219.eu,Unknown
77.getcfg.bid,Unknown
77-52-9-252.dialup.umc.net.ua,Unknown
77-52-60-149.dialup.umc.net.ua,Unknown
77-52-59-95.dialup.umc.net.ua,Unknown
77-52-57-1.dialup.umc.net.ua,Unknown
77-52-41-68.dialup.umc.net.ua,Unknown
77-52-41-64.dialup.umc.net.ua,Unknown
77-52-36-174.dialup.umc.net.ua,Unknown
77-52-35-148.dialup.umc.net.ua,Unknown
77-52-30-207.dialup.umc.net.ua,Unknown
77-52-223-22.dialup.umc.net.ua,Unknown
77-52-220-189.dialup.umc.net.ua,Unknown
77-52-217-229.dialup.umc.net.ua,Unknown
77-52-21-57.dialup.umc.net.ua,Unknown
77-52-15-89.dialup.umc.net.ua,Unknown
77-52-15-155.dialup.umc.net.ua,Unknown
77-52-14-112.dialup.umc.net.ua,Unknown
77-52-0-87.dialup.umc.net.ua,Unknown
764895-de-verbraucher-mitteilung-account.sicherheitsvorbeugung.gq,Unknown
761003493798752.latestpromotions.club,Unknown
75a1jer0lsucmgwykgny.thequalitycheck.com,Unknown
758205-deu-nutzung-sicherheit-nachweis.sicherheitshilfe-schutz.cf,Unknown
758161-deutschland-nutzung-mitteilung-account.vorkehrung.gq,Unknown
750.stats.misstrends.com,Unknown
74nfnjhlq45nkgws4hbdbk45wekfjhqw4talefgnv.curryfort.at,Unknown
7457.pownit.blueseek.com,Unknown
7457.accessaw.blueseek.com,Unknown
744396-deu-prob-angabe-validierung.sicher-sicherheitsabfrage.ml,Unknown
73.duote.org,Unknown
726.stats.misstrends.com,Unknown
720.dommohouse.com,Unknown
71hd5rb4ko.phmtxbjiqk.madpendesign.com.au,Unknown
709293-de-gast-sicher-benutzer.service-paypal-info.ml,Unknown
7.hunlang.com,Unknown
7.1tb.in,Unknown
6zsslsvosk.bradul.creatory.org,Unknown
6uw.truespeedlink.com,Unknown
6tlu9vqu2c.js-delivr.com,Unknown
6r4hfwwwsa36com.sa031.com,Unknown
6qhzz.allvideos.keme.info,Unknown
6qbrxcchyely9xgsulhe.richambitions.co.uk,Unknown
6pnfsdfm4p.ojuqcvkwwh.madpendesign.com.au,Unknown
6p0zb.sa031.com,Unknown
6jx2jn.sa083.com,Unknown
6i7s83jk7q.kandisweets.com,Unknown
6gq2jtjbgnetygzgz1j1.maherstcottage.com.au,Unknown
6gq2jtjbgnetygzgz1j1.littlematchagirl.com.au,Unknown
6g88slzg2rxwg2lejrbd.viomil.ro,Unknown
6g4ds.froekuge.com,Unknown
6canadian-bakn.ciclc.net.garagesailgranny.baconwrappedhotdogs.com,Unknown
6bbh.sa130.com,Unknown
6awuihjrm5860028.budweiser05.site,Unknown
6aikncmvv4909642.sh-master01.com,Unknown
699.stats.misstrends.com,Unknown
69-10-12-61.ewt.bigcountrynet.com,Unknown
68tpn4.sa159.com,Unknown
680.stats.misstrends.com,Unknown
671.stats.misstrends.com,Unknown
66irlk30h1411973.budweiser04.fun,Unknown
66030.vidlock.com,Unknown
65709.webrecently.com,Unknown
65421.promofrio.co,Unknown
654.stats.misstrends.com,Unknown
64xnx2.sa095.com,Unknown
649107-deu-gast-kenntnis-validierung.vorkehrung-sicherheitssystem.cf,Unknown
648j.sa095.com,Unknown
641.searchmiracle.com,Unknown
64.3389.hk,Unknown
64.136.61.200.host.ifxnw.com.ar,Unknown
64-175-137-108.abps.org,Unknown
638.reimsrvcm.com,Unknown
6357649024384664.wittyoffers.club,Unknown
62zxj.sa179.com,Unknown
6266.570204.primosearch.com,Unknown
625491-deu-verbraucher-sicherheit-account.paypaldevelopment-system.top,Unknown
62.183.3.86.modem-pool.kuban.ru,Unknown
62.183.3.27.modem-pool.kuban.ru,Unknown
62.183.3.13.modem-pool.kuban.ru,Unknown
62.183.3.125.modem-pool.kuban.ru,Unknown
62.183.2.60.modem-pool.kuban.ru,Unknown
62.183.2.41.modem-pool.kuban.ru,Unknown
62.183.2.195.modem-pool.kuban.ru,Unknown
62.183.2.18.modem-pool.kuban.ru,Unknown
62.183.2.136.modem-pool.kuban.ru,Unknown
62.183.2.135.modem-pool.kuban.ru,Unknown
62.183.18.160.modem-pool.kuban.ru,Unknown
61kx.uk-insolvencydirect.com,Unknown
612045126.htmldrop.com,Unknown
60xzr.sa076.com,Unknown
60aalexandrastreetcom.domainstel.org,Unknown
606.stats.misstrends.com,Unknown
604.stats.misstrends.com,Unknown
602.stats.misstrends.com,Unknown
6008.136sa.com,Unknown
6.spacepur.de,Unknown
6.monsieursimon.com,Unknown
6.mamaswishes.com,Unknown
6.bbnsmsgateway.com,Unknown
6.bbnface.com,Unknown
5yszz.super-promo.quhu.info,Unknown
5ws.dating-app.ru,Unknown
5wh.co.zw,Unknown
5w4.overshinesempqm.site,Unknown
5uw.truespeedlink.com,Unknown
5thcongress.iribs.org,Unknown
5starbabe1.ucgalleries.com,Unknown
5rport45vcdef345adfkksawe.bematvocal.at,Unknown
5r6htyze75.ydxcgh9hqn.madpendesign.com.au,Unknown
5okgx6mdmcpxlpigapti.littlematchagirl.com.au,Unknown
5hit6ifhn6107675.wshowr8.website,Unknown
5cero2.zinkweb.es,Unknown
5c6040f714316.prepaiddomain.de,Unknown
5c.notochordshlmcj.site,Unknown
5a8www.peoplepaxy.com,Unknown
59ikfg1yn2wiijwl5drj.viomil.ro,Unknown
5990.findit.blueseek.com,Unknown
599.stats.misstrends.com,Unknown
5985669913392062.gamesoffers.club,Unknown
59-188-9-234.simlink.com,Unknown
588222-germany-nutzung-mitteilung-nachweis.sicherheitssystem-sicherheitshilfe.gq,Unknown
5882.1158.blueseek.com,Unknown
5850625163.downloadsettings.online,Unknown
57db.fm880.cn,Unknown
57d9.fm880.cn,Unknown
57d6.fm880.cn,Unknown
57d6.850671.com,Unknown
57d5.awriw.com,Unknown
57d4.awriw.com,Unknown
57d3.bxalu.com,Unknown
57d3.awriw.com,Unknown
57d2.850671.com,Unknown
57d1.850671.com,Unknown
57ab1.alarmandburglarsystems.com.au,Unknown
5740.4785.blueseek.com,Unknown
572002.dl20.datator.cz,Unknown
570748-deutschland-verbraucher-mitteilung-validierung.sicherheitshilfe-schutz.ml,Unknown
5641332764803833.wittyoffers.club,Unknown
555gm44.spwoilseal.com,Unknown
555.myblogtoolbar.com,Unknown
5490.spedads.primosearch.com,Unknown
5486.winxp.primosearch.com,Unknown
5418652794526282.latestpromotions.club,Unknown
54.saiberwebsitefactory.com,Unknown
53ertt555.from-mn.com,Unknown
5303396744408144.latestpromotions.club,Unknown
52uo5k3t73ypjije.zzis8p.bid,Unknown
52uo5k3t73ypjije.zxtezv.bid,Unknown
52uo5k3t73ypjije.zhvlh1.bid,Unknown
52uo5k3t73ypjije.zed84j.bid,Unknown
52uo5k3t73ypjije.zda7bk.top,Unknown
52uo5k3t73ypjije.zd3p2g.top,Unknown
52uo5k3t73ypjije.zcwrhe.bid,Unknown
52uo5k3t73ypjije.zclw5i.top,Unknown
52uo5k3t73ypjije.z8ijgn.bid,Unknown
52uo5k3t73ypjije.z6a7f1.bid,Unknown
52uo5k3t73ypjije.ywszbe.bid,Unknown
52uo5k3t73ypjije.yw4629.top,Unknown
52uo5k3t73ypjije.yv7l4b.top,Unknown
52uo5k3t73ypjije.yty0gm.bid,Unknown
52uo5k3t73ypjije.yrd7v5.bid,Unknown
52uo5k3t73ypjije.yn8krm.bid,Unknown
52uo5k3t73ypjije.yg767p.bid,Unknown
52uo5k3t73ypjije.ye42cp.bid,Unknown
52uo5k3t73ypjije.y5j7e6.top,Unknown
52uo5k3t73ypjije.y12acl.bid,Unknown
52uo5k3t73ypjije.xtppp8.bid,Unknown
52uo5k3t73ypjije.xmfru5.top,Unknown
52uo5k3t73ypjije.xjb384.bid,Unknown
52uo5k3t73ypjije.xglk6h.bid,Unknown
52uo5k3t73ypjije.xab7m0.top,Unknown
52uo5k3t73ypjije.x9le66.top,Unknown
52uo5k3t73ypjije.x9kjcn.bid,Unknown
52uo5k3t73ypjije.x9a6yb.bid,Unknown
52uo5k3t73ypjije.x7fylp.bid,Unknown
52uo5k3t73ypjije.x3nnbd.top,Unknown
52uo5k3t73ypjije.x2kl7t.top,Unknown
52uo5k3t73ypjije.wz139z.top,Unknown
52uo5k3t73ypjije.ws1uet.top,Unknown
52uo5k3t73ypjije.wrd4fo.top,Unknown
52uo5k3t73ypjije.wl52rt.bid,Unknown
52uo5k3t73ypjije.wins4n.win,Unknown
52uo5k3t73ypjije.wht5py.top,Unknown
52uo5k3t73ypjije.whosewine.lol,Unknown
52uo5k3t73ypjije.whmykv.bid,Unknown
52uo5k3t73ypjije.wg00sp.bid,Unknown
52uo5k3t73ypjije.w8yolm.bid,Unknown
52uo5k3t73ypjije.w6sj06.bid,Unknown
52uo5k3t73ypjije.vt3dg6.bid,Unknown
52uo5k3t73ypjije.vor28o.bid,Unknown
52uo5k3t73ypjije.vmotsf.bid,Unknown
52uo5k3t73ypjije.vlo18w.bid,Unknown
52uo5k3t73ypjije.vkslju.bid,Unknown
52uo5k3t73ypjije.vkm4l6.top,Unknown
52uo5k3t73ypjije.veupl2.top,Unknown
52uo5k3t73ypjije.v9y6z8.bid,Unknown
52uo5k3t73ypjije.v11z5e.top,Unknown
52uo5k3t73ypjije.ux93ip.top,Unknown
52uo5k3t73ypjije.uwckha.top,Unknown
52uo5k3t73ypjije.uwckha.bid,Unknown
52uo5k3t73ypjije.uwazu7.bid,Unknown
52uo5k3t73ypjije.uw7w05.bid,Unknown
52uo5k3t73ypjije.uw3r6a.top,Unknown
52uo5k3t73ypjije.uv39h5.bid,Unknown
52uo5k3t73ypjije.un8niw.top,Unknown
52uo5k3t73ypjije.ul8ib9.bid,Unknown
52uo5k3t73ypjije.ujtwhg.top,Unknown
52uo5k3t73ypjije.u50s89.bid,Unknown
52uo5k3t73ypjije.u36ik0.bid,Unknown
52uo5k3t73ypjije.tzgwdf.top,Unknown
52uo5k3t73ypjije.txszfs.top,Unknown
52uo5k3t73ypjije.twz1ga.top,Unknown
52uo5k3t73ypjije.to6maq.top,Unknown
52uo5k3t73ypjije.ti4wic.top,Unknown
52uo5k3t73ypjije.thyx30.top,Unknown
52uo5k3t73ypjije.sxjdpg.bid,Unknown
52uo5k3t73ypjije.sx90yk.bid,Unknown
52uo5k3t73ypjije.ssh3ln.bid,Unknown
52uo5k3t73ypjije.srmlzh.bid,Unknown
52uo5k3t73ypjije.sotn58.bid,Unknown
52uo5k3t73ypjije.snwy26.top,Unknown
52uo5k3t73ypjije.skri59.top,Unknown
52uo5k3t73ypjije.sg62es.top,Unknown
52uo5k3t73ypjije.self56.top,Unknown
52uo5k3t73ypjije.sdfztr.bid,Unknown
52uo5k3t73ypjije.s2xb1s.bid,Unknown
52uo5k3t73ypjije.rv50gt.bid,Unknown
52uo5k3t73ypjije.rnkj09.top,Unknown
52uo5k3t73ypjije.rl0bdw.top,Unknown
52uo5k3t73ypjije.rgdk0u.top,Unknown
52uo5k3t73ypjije.rexjyp.bid,Unknown
52uo5k3t73ypjije.red4is.top,Unknown
52uo5k3t73ypjije.rdmwha.bid,Unknown
52uo5k3t73ypjije.r4z3o5.bid,Unknown
52uo5k3t73ypjije.r2ok0b.bid,Unknown
52uo5k3t73ypjije.r21wmw.top,Unknown
52uo5k3t73ypjije.pr2zwz.bid,Unknown
52uo5k3t73ypjije.poplenjohs.review,Unknown
52uo5k3t73ypjije.pfija1.bid,Unknown
52uo5k3t73ypjije.pap44w.top,Unknown
52uo5k3t73ypjije.p5dxeh.bid,Unknown
52uo5k3t73ypjije.p2lsgr.top,Unknown
52uo5k3t73ypjije.p0lxvm.bid,Unknown
52uo5k3t73ypjije.ovpgod.top,Unknown
52uo5k3t73ypjije.ooulp2.bid,Unknown
52uo5k3t73ypjije.omrexj.top,Unknown
52uo5k3t73ypjije.ojx58b.bid,Unknown
52uo5k3t73ypjije.ojesoa.bid,Unknown
52uo5k3t73ypjije.oef1sh.bid,Unknown
52uo5k3t73ypjije.o9w43w.bid,Unknown
52uo5k3t73ypjije.o8hpwj.top,Unknown
52uo5k3t73ypjije.o8hpwj.bid,Unknown
52uo5k3t73ypjije.o6fa2g.bid,Unknown
52uo5k3t73ypjije.o5xcnd.bid,Unknown
52uo5k3t73ypjije.o0hwme.bid,Unknown
52uo5k3t73ypjije.o08a6d.top,Unknown
52uo5k3t73ypjije.nxmu0x.bid,Unknown
52uo5k3t73ypjije.nmapwy.bid,Unknown
52uo5k3t73ypjije.nh47ri.bid,Unknown
52uo5k3t73ypjije.neekll.bid,Unknown
52uo5k3t73ypjije.nb83bp.bid,Unknown
52uo5k3t73ypjije.n8niwa.bid,Unknown
52uo5k3t73ypjije.n6kswi.top,Unknown
52uo5k3t73ypjije.n41n1a.top,Unknown
52uo5k3t73ypjije.myurv5.bid,Unknown
52uo5k3t73ypjije.mtxtul.top,Unknown
52uo5k3t73ypjije.mn1kms.bid,Unknown
52uo5k3t73ypjije.mfgb1h.top,Unknown
52uo5k3t73ypjije.mbwxyg.bid,Unknown
52uo5k3t73ypjije.m6j75a.bid,Unknown
52uo5k3t73ypjije.m5fgoi.top,Unknown
52uo5k3t73ypjije.m33d4b.bid,Unknown
52uo5k3t73ypjije.lrraca.bid,Unknown
52uo5k3t73ypjije.loanshown.info,Unknown
52uo5k3t73ypjije.lio2wr.bid,Unknown
52uo5k3t73ypjije.lib2vi.top,Unknown
52uo5k3t73ypjije.lh9ax3.bid,Unknown
52uo5k3t73ypjije.lethints.date,Unknown
52uo5k3t73ypjije.ldsl8m.bid,Unknown
52uo5k3t73ypjije.lba61x.top,Unknown
52uo5k3t73ypjije.laugk2.top,Unknown
52uo5k3t73ypjije.l6ry3h.bid,Unknown
52uo5k3t73ypjije.kzo8mc.top,Unknown
52uo5k3t73ypjije.kzhzuc.top,Unknown
52uo5k3t73ypjije.kyjw0g.bid,Unknown
52uo5k3t73ypjije.kwnw1b.bid,Unknown
52uo5k3t73ypjije.ku824r.bid,Unknown
52uo5k3t73ypjije.kt70uk.bid,Unknown
52uo5k3t73ypjije.kswcuk.top,Unknown
52uo5k3t73ypjije.kml2o2.top,Unknown
52uo5k3t73ypjije.kcufx4.top,Unknown
52uo5k3t73ypjije.kas17.com,Unknown
52uo5k3t73ypjije.ka0te8.top,Unknown
52uo5k3t73ypjije.k9z7pm.top,Unknown
52uo5k3t73ypjije.k8ytej.bid,Unknown
52uo5k3t73ypjije.k7oud1.top,Unknown
52uo5k3t73ypjije.k56185.top,Unknown
52uo5k3t73ypjije.k21zey.bid,Unknown
52uo5k3t73ypjije.k0dcd2.bid,Unknown
52uo5k3t73ypjije.js43vy.bid,Unknown
52uo5k3t73ypjije.jg6jtw.top,Unknown
52uo5k3t73ypjije.jal9lk.bid,Unknown
52uo5k3t73ypjije.j92msu.top,Unknown
52uo5k3t73ypjije.izyclz.bid,Unknown
52uo5k3t73ypjije.insystem.men,Unknown
52uo5k3t73ypjije.imhhwm.top,Unknown
52uo5k3t73ypjije.ij0cia.bid,Unknown
52uo5k3t73ypjije.ih9te2.bid,Unknown
52uo5k3t73ypjije.ie7t8k.top,Unknown
52uo5k3t73ypjije.ibngww.top,Unknown
52uo5k3t73ypjije.iait3w.bid,Unknown
52uo5k3t73ypjije.i8zh1k.bid,Unknown
52uo5k3t73ypjije.i6gn9s.bid,Unknown
52uo5k3t73ypjije.i5cgcw.top,Unknown
52uo5k3t73ypjije.hv42mo.bid,Unknown
52uo5k3t73ypjije.hossy3.bid,Unknown
52uo5k3t73ypjije.hhc366.bid,Unknown
52uo5k3t73ypjije.hawtzr.bid,Unknown
52uo5k3t73ypjije.h3ss4t.bid,Unknown
52uo5k3t73ypjije.gvoafg.bid,Unknown
52uo5k3t73ypjije.gu7eao.bid,Unknown
52uo5k3t73ypjije.gtnfgj.top,Unknown
52uo5k3t73ypjije.gpy3tc.top,Unknown
52uo5k3t73ypjije.goztus.bid,Unknown
52uo5k3t73ypjije.gnuvaw.bid,Unknown
52uo5k3t73ypjije.gnee6i.top,Unknown
52uo5k3t73ypjije.gmnjz7.bid,Unknown
52uo5k3t73ypjije.givxuf.bid,Unknown
52uo5k3t73ypjije.gio6f6.bid,Unknown
52uo5k3t73ypjije.gg4dgp.bid,Unknown
52uo5k3t73ypjije.g5196b.bid,Unknown
52uo5k3t73ypjije.g0spln.bid,Unknown
52uo5k3t73ypjije.g0ots2.top,Unknown
52uo5k3t73ypjije.fkgrie.top,Unknown
52uo5k3t73ypjije.fi50le.bid,Unknown
52uo5k3t73ypjije.fe98iy.top,Unknown
52uo5k3t73ypjije.f3z72p.bid,Unknown
52uo5k3t73ypjije.f242v5.bid,Unknown
52uo5k3t73ypjije.f0jlbj.bid,Unknown
52uo5k3t73ypjije.ezm0r5.top,Unknown
52uo5k3t73ypjije.er05vm.bid,Unknown
52uo5k3t73ypjije.ep493u.top,Unknown
52uo5k3t73ypjije.eoivrm.bid,Unknown
52uo5k3t73ypjije.en3oyw.bid,Unknown
52uo5k3t73ypjije.ei9evn.top,Unknown
52uo5k3t73ypjije.e8hua8.top,Unknown
52uo5k3t73ypjije.e78hjo.bid,Unknown
52uo5k3t73ypjije.e6in0v.top,Unknown
52uo5k3t73ypjije.e32d1o.bid,Unknown
52uo5k3t73ypjije.dvuybv.bid,Unknown
52uo5k3t73ypjije.dsv023.bid,Unknown
52uo5k3t73ypjije.dmvute.top,Unknown
52uo5k3t73ypjije.dmrueo.top,Unknown
52uo5k3t73ypjije.dkro3u.top,Unknown
52uo5k3t73ypjije.dkrie7.top,Unknown
52uo5k3t73ypjije.deg5xr.top,Unknown
52uo5k3t73ypjije.ddwub3.top,Unknown
52uo5k3t73ypjije.dd4xo3.top,Unknown
52uo5k3t73ypjije.das34.com,Unknown
52uo5k3t73ypjije.daigy0.top,Unknown
52uo5k3t73ypjije.czzg7f.bid,Unknown
52uo5k3t73ypjije.cto5ee.bid,Unknown
52uo5k3t73ypjije.csv7o6.bid,Unknown
52uo5k3t73ypjije.csj0k5.top,Unknown
52uo5k3t73ypjije.cpvwgx.bid,Unknown
52uo5k3t73ypjije.cmfkru.top,Unknown
52uo5k3t73ypjije.cm898n.bid,Unknown
52uo5k3t73ypjije.cm5ohx.bid,Unknown
52uo5k3t73ypjije.cjc2jn.top,Unknown
52uo5k3t73ypjije.cfu46r.bid,Unknown
52uo5k3t73ypjije.cc0r87.bid,Unknown
52uo5k3t73ypjije.catfills.mobi,Unknown
52uo5k3t73ypjije.c7ex9n.top,Unknown
52uo5k3t73ypjije.c3fz3z.bid,Unknown
52uo5k3t73ypjije.bt7r70.top,Unknown
52uo5k3t73ypjije.bp9mn8.bid,Unknown
52uo5k3t73ypjije.bnctf6.top,Unknown
52uo5k3t73ypjije.bj9eea.bid,Unknown
52uo5k3t73ypjije.bipnnp.bid,Unknown
52uo5k3t73ypjije.bipa9k.bid,Unknown
52uo5k3t73ypjije.bcjl1h.top,Unknown
52uo5k3t73ypjije.bar8sc.bid,Unknown
52uo5k3t73ypjije.b8ll6n.top,Unknown
52uo5k3t73ypjije.b7mciu.top,Unknown
52uo5k3t73ypjije.b2s4ch.bid,Unknown
52uo5k3t73ypjije.aryh7f.bid,Unknown
52uo5k3t73ypjije.ai7hur.bid,Unknown
52uo5k3t73ypjije.ahvshc.top,Unknown
52uo5k3t73ypjije.aclox4.bid,Unknown
52uo5k3t73ypjije.a2uzpe.top,Unknown
52uo5k3t73ypjije.a0g0o7.bid,Unknown
52uo5k3t73ypjije.9tftgh.bid,Unknown
52uo5k3t73ypjije.9sfrr0.bid,Unknown
52uo5k3t73ypjije.9nj8ex.top,Unknown
52uo5k3t73ypjije.9kxz23.bid,Unknown
52uo5k3t73ypjije.9ildst.top,Unknown
52uo5k3t73ypjije.9cd81s.bid,Unknown
52uo5k3t73ypjije.9bjnlk.bid,Unknown
52uo5k3t73ypjije.95ovzy.top,Unknown
52uo5k3t73ypjije.94ycl8.bid,Unknown
52uo5k3t73ypjije.91006j.bid,Unknown
52uo5k3t73ypjije.8rxv74.bid,Unknown
52uo5k3t73ypjije.8rrxd9.bid,Unknown
52uo5k3t73ypjije.8hphyr.top,Unknown
52uo5k3t73ypjije.8cjlyt.bid,Unknown
52uo5k3t73ypjije.8a0sf6.top,Unknown
52uo5k3t73ypjije.86rhzr.bid,Unknown
52uo5k3t73ypjije.80yabh.bid,Unknown
52uo5k3t73ypjije.7wrwp4.top,Unknown
52uo5k3t73ypjije.7ud98m.bid,Unknown
52uo5k3t73ypjije.7jiff7.top,Unknown
52uo5k3t73ypjije.7j6htz.bid,Unknown
52uo5k3t73ypjije.7asel7.top,Unknown
52uo5k3t73ypjije.7156et.bid,Unknown
52uo5k3t73ypjije.6j7jcn.bid,Unknown
52uo5k3t73ypjije.6ec2xb.bid,Unknown
52uo5k3t73ypjije.68xmf9.bid,Unknown
52uo5k3t73ypjije.62er3d.top,Unknown
52uo5k3t73ypjije.5zxii2.bid,Unknown
52uo5k3t73ypjije.5vhk5r.bid,Unknown
52uo5k3t73ypjije.5tb8hy.bid,Unknown
52uo5k3t73ypjije.5o4bjf.bid,Unknown
52uo5k3t73ypjije.5kb3dl.top,Unknown
52uo5k3t73ypjije.5ittco.bid,Unknown
52uo5k3t73ypjije.5ctoeb.bid,Unknown
52uo5k3t73ypjije.56185u.bid,Unknown
52uo5k3t73ypjije.50cs7p.bid,Unknown
52uo5k3t73ypjije.4ynpjd.top,Unknown
52uo5k3t73ypjije.4yl1hr.bid,Unknown
52uo5k3t73ypjije.4xiiup.bid,Unknown
52uo5k3t73ypjije.4pjetv.bid,Unknown
52uo5k3t73ypjije.4nf7ij.top,Unknown
52uo5k3t73ypjije.4n592s.top,Unknown
52uo5k3t73ypjije.4k9xlx.top,Unknown
52uo5k3t73ypjije.4jub4e.bid,Unknown
52uo5k3t73ypjije.495iru.top,Unknown
52uo5k3t73ypjije.43l7lm.bid,Unknown
52uo5k3t73ypjije.40wiai.top,Unknown
52uo5k3t73ypjije.3zotov.bid,Unknown
52uo5k3t73ypjije.3rr6ao.top,Unknown
52uo5k3t73ypjije.3lhjyx.top,Unknown
52uo5k3t73ypjije.3gpdgx.bid,Unknown
52uo5k3t73ypjije.3di24a.top,Unknown
52uo5k3t73ypjije.35u068.bid,Unknown
52uo5k3t73ypjije.31wkhu.top,Unknown
52uo5k3t73ypjije.2ym6om.bid,Unknown
52uo5k3t73ypjije.2y4t6f.bid,Unknown
52uo5k3t73ypjije.2llgoy.bid,Unknown
52uo5k3t73ypjije.2gbbja.top,Unknown
52uo5k3t73ypjije.26lpul.bid,Unknown
52uo5k3t73ypjije.249isv.bid,Unknown
52uo5k3t73ypjije.209kai.bid,Unknown
52uo5k3t73ypjije.1pma4t.bid,Unknown
52uo5k3t73ypjije.1g0vo2.bid,Unknown
52uo5k3t73ypjije.1f1dw3.bid,Unknown
52uo5k3t73ypjije.1de02r.top,Unknown
52uo5k3t73ypjije.1bipa9.top,Unknown
52uo5k3t73ypjije.11pmnz.top,Unknown
52uo5k3t73ypjije.0vgu64.top,Unknown
52uo5k3t73ypjije.0nyi6l.bid,Unknown
52uo5k3t73ypjije.0n5joc.top,Unknown
52uo5k3t73ypjije.086ux2.top,Unknown
52uo5k3t73ypjije.01fake.bid,Unknown
529499-deu-gast-sicherheit-validierung.sicherheitssystem-sicherheitshilfe.ga,Unknown
52433865.fn.freenet-hosting.de,Unknown
521686-de-verbraucher-kenntnis-benutzer.sicherheitsabwehr-hilfeservice-sicherheitshilfe.tk,Unknown
52.xn--80aadkum9bf.xn--p1ai,Unknown
51friend.anytome.com,Unknown
51bike.pinnc.com,Unknown
5178309127076417.latestpromotions.club,Unknown
5118104713534548.latestpromotions.club,Unknown
50shaft.mystoretoolbar.com,Unknown
50hardcore.galleryprogram.com,Unknown
50efa6486f1ef.skydivesolutions.be,Unknown
505.filedori.net,Unknown
5.eventiduepuntozero.com,Unknown
5.estasiatica.com,Unknown
4www.ze4cheats.com,Unknown
4w5wihkwyhsav2ha.payfactor.at,Unknown
4w5wihkwyhsav2ha.grandhaus.at,Unknown
4w5wihkwyhsav2ha.fastdances.at,Unknown
4w5wihkwyhsav2ha.dreamtest.at,Unknown
4vpn.sa176.com,Unknown
4v64l.sa137.com,Unknown
4uw.truespeedlink.com,Unknown
4u.ucgalleries.com,Unknown
4td2t.sa177.com,Unknown
4smh81aovv.szxmiiulyf.madpendesign.com.au,Unknown
4pvz.toulouse-aeroport.com,Unknown
4p42x.836sa.com,Unknown
4nz4.sa153.com,Unknown
4kqd3hmqgptupi3p.z97f9v.bid,Unknown
4kqd3hmqgptupi3p.z8ijgn.bid,Unknown
4kqd3hmqgptupi3p.yoursdoor.lol,Unknown
4kqd3hmqgptupi3p.yg767p.bid,Unknown
4kqd3hmqgptupi3p.y5j7e6.top,Unknown
4kqd3hmqgptupi3p.y12acl.bid,Unknown
4kqd3hmqgptupi3p.wz139z.top,Unknown
4kqd3hmqgptupi3p.whmykv.bid,Unknown
4kqd3hmqgptupi3p.wallluck.date,Unknown
4kqd3hmqgptupi3p.vkm4l6.top,Unknown
4kqd3hmqgptupi3p.variedtax.kim,Unknown
4kqd3hmqgptupi3p.valueshes.bid,Unknown
4kqd3hmqgptupi3p.v11z5e.top,Unknown
4kqd3hmqgptupi3p.uwckha.top,Unknown
4kqd3hmqgptupi3p.twz1ga.top,Unknown
4kqd3hmqgptupi3p.tieslaws.link,Unknown
4kqd3hmqgptupi3p.thyx30.top,Unknown
4kqd3hmqgptupi3p.themevery.win,Unknown
4kqd3hmqgptupi3p.termprior.men,Unknown
4kqd3hmqgptupi3p.tankplain.date,Unknown
4kqd3hmqgptupi3p.storingus.gdn,Unknown
4kqd3hmqgptupi3p.stopsage.gdn,Unknown
4kqd3hmqgptupi3p.stageend.link,Unknown
4kqd3hmqgptupi3p.somegave.info,Unknown
4kqd3hmqgptupi3p.sk8r54.top,Unknown
4kqd3hmqgptupi3p.sitcalls.us,Unknown
4kqd3hmqgptupi3p.sentowing.trade,Unknown
4kqd3hmqgptupi3p.selfcrash.site,Unknown
4kqd3hmqgptupi3p.sel7rg.bid,Unknown
4kqd3hmqgptupi3p.seemby.loan,Unknown
4kqd3hmqgptupi3p.scoreable.bid,Unknown
4kqd3hmqgptupi3p.salethe.gdn,Unknown
4kqd3hmqgptupi3p.rsi6gn.top,Unknown
4kqd3hmqgptupi3p.powersno.link,Unknown
4kqd3hmqgptupi3p.pairsraw.loan,Unknown
4kqd3hmqgptupi3p.p79b8l.bid,Unknown
4kqd3hmqgptupi3p.ownamount.pro,Unknown
4kqd3hmqgptupi3p.outputon.asia,Unknown
4kqd3hmqgptupi3p.o8hpwj.top,Unknown
4kqd3hmqgptupi3p.nxmu0x.bid,Unknown
4kqd3hmqgptupi3p.nh47ri.bid,Unknown
4kqd3hmqgptupi3p.nextask.loan,Unknown
4kqd3hmqgptupi3p.newrange.link,Unknown
4kqd3hmqgptupi3p.needmight.win,Unknown
4kqd3hmqgptupi3p.nearlybut.us,Unknown
4kqd3hmqgptupi3p.nameuser.site,Unknown
4kqd3hmqgptupi3p.namefalls.pro,Unknown
4kqd3hmqgptupi3p.myaddress.link,Unknown
4kqd3hmqgptupi3p.mustspace.us,Unknown
4kqd3hmqgptupi3p.mtxtul.top,Unknown
4kqd3hmqgptupi3p.mi3596.bid,Unknown
4kqd3hmqgptupi3p.metpast.site,Unknown
4kqd3hmqgptupi3p.metmet.win,Unknown
4kqd3hmqgptupi3p.meetbinds.pw,Unknown
4kqd3hmqgptupi3p.masterany.red,Unknown
4kqd3hmqgptupi3p.lorrydo.lol,Unknown
4kqd3hmqgptupi3p.lobulz.bid,Unknown
4kqd3hmqgptupi3p.liesshall.bid,Unknown
4kqd3hmqgptupi3p.liescale.in,Unknown
4kqd3hmqgptupi3p.laterugly.win,Unknown
4kqd3hmqgptupi3p.l6k4x7.bid,Unknown
4kqd3hmqgptupi3p.kml2o2.top,Unknown
4kqd3hmqgptupi3p.k7oud1.top,Unknown
4kqd3hmqgptupi3p.jal9lk.bid,Unknown
4kqd3hmqgptupi3p.ix1upt.bid,Unknown
4kqd3hmqgptupi3p.insystem.men,Unknown
4kqd3hmqgptupi3p.inforcing.pw,Unknown
4kqd3hmqgptupi3p.homehuge.top,Unknown
4kqd3hmqgptupi3p.heardbids.date,Unknown
4kqd3hmqgptupi3p.he81tz.bid,Unknown
4kqd3hmqgptupi3p.gs2ka7.top,Unknown
4kqd3hmqgptupi3p.goshare.red,Unknown
4kqd3hmqgptupi3p.gletterstan.trade,Unknown
4kqd3hmqgptupi3p.gio6f6.bid,Unknown
4kqd3hmqgptupi3p.gg4dgp.bid,Unknown
4kqd3hmqgptupi3p.getsbug.kim,Unknown
4kqd3hmqgptupi3p.gapplayed.link,Unknown
4kqd3hmqgptupi3p.gameswarm.loan,Unknown
4kqd3hmqgptupi3p.g7kcux.bid,Unknown
4kqd3hmqgptupi3p.foodtopic.mobi,Unknown
4kqd3hmqgptupi3p.fairlies.link,Unknown
4kqd3hmqgptupi3p.f0jlbj.bid,Unknown
4kqd3hmqgptupi3p.ezm0r5.top,Unknown
4kqd3hmqgptupi3p.eventeach.gdn,Unknown
4kqd3hmqgptupi3p.endsdoubt.loan,Unknown
4kqd3hmqgptupi3p.effortany.win,Unknown
4kqd3hmqgptupi3p.easyits.black,Unknown
4kqd3hmqgptupi3p.dozensby.loan,Unknown
4kqd3hmqgptupi3p.dmvute.top,Unknown
4kqd3hmqgptupi3p.dkrie7.top,Unknown
4kqd3hmqgptupi3p.dd4xo3.top,Unknown
4kqd3hmqgptupi3p.cutslifes.bid,Unknown
4kqd3hmqgptupi3p.cm5ohx.bid,Unknown
4kqd3hmqgptupi3p.clockhate.loan,Unknown
4kqd3hmqgptupi3p.choiceher.win,Unknown
4kqd3hmqgptupi3p.chargecar.vip,Unknown
4kqd3hmqgptupi3p.cfu46r.bid,Unknown
4kqd3hmqgptupi3p.carrygain.kim,Unknown
4kqd3hmqgptupi3p.byeraser.lol,Unknown
4kqd3hmqgptupi3p.breakown.loan,Unknown
4kqd3hmqgptupi3p.boxtimed.gdn,Unknown
4kqd3hmqgptupi3p.boxsame.kim,Unknown
4kqd3hmqgptupi3p.bookjumps.us,Unknown
4kqd3hmqgptupi3p.bnctf6.top,Unknown
4kqd3hmqgptupi3p.bigfooters.loan,Unknown
4kqd3hmqgptupi3p.bestergo.pw,Unknown
4kqd3hmqgptupi3p.barberryshin.casa,Unknown
4kqd3hmqgptupi3p.b7mciu.top,Unknown
4kqd3hmqgptupi3p.athere.in,Unknown
4kqd3hmqgptupi3p.asfall.in,Unknown
4kqd3hmqgptupi3p.as5su5.top,Unknown
4kqd3hmqgptupi3p.anypicked.red,Unknown
4kqd3hmqgptupi3p.adevf4.top,Unknown
4kqd3hmqgptupi3p.9ildst.top,Unknown
4kqd3hmqgptupi3p.91006j.bid,Unknown
4kqd3hmqgptupi3p.8kcfnk.bid,Unknown
4kqd3hmqgptupi3p.859rkn.top,Unknown
4kqd3hmqgptupi3p.7w9p1n.bid,Unknown
4kqd3hmqgptupi3p.6ogy3i.top,Unknown
4kqd3hmqgptupi3p.6ntrb6.top,Unknown
4kqd3hmqgptupi3p.6j7jcn.bid,Unknown
4kqd3hmqgptupi3p.62er3d.top,Unknown
4kqd3hmqgptupi3p.5b4ej6.bid,Unknown
4kqd3hmqgptupi3p.4j11jt.bid,Unknown
4kqd3hmqgptupi3p.43wjor.top,Unknown
4kqd3hmqgptupi3p.3lhjyx.top,Unknown
4kqd3hmqgptupi3p.3arvfd.top,Unknown
4kqd3hmqgptupi3p.2y4t6f.bid,Unknown
4kqd3hmqgptupi3p.249isv.bid,Unknown
4kqd3hmqgptupi3p.1zp109.bid,Unknown
4kqd3hmqgptupi3p.1tvjk1.top,Unknown
4kqd3hmqgptupi3p.143h2a.top,Unknown
4kqd3hmqgptupi3p.0vgu64.top,Unknown
4j20.sa109.com,Unknown
4fazz.pcloadletter.quhu.info,Unknown
4everfriday.mytowntoolbar.com,Unknown
4dnews.07x.net,Unknown
4dba910fb13948348b246ae81e5da9ab.download.dmccint.com,Unknown
4com.media-toolbar.com,Unknown
4chan-tube.on.nimp.org,Unknown
4caac98a30654be3824a4153781bbefa.yatu.ws,Unknown
4awards.therapynorthstaffs.uk,Unknown
4all.twinks4all.com,Unknown
496362-deutschland-nutzung-sicher-benutzer.vorkehrung-sicherheitssystem.cf,Unknown
4941688408412086.latestpromotions.club,Unknown
48bai.cjlhnex.com,Unknown
489riu637uh82934wr64sf7869y28uwedo98wefoi.domainsproxy.net,Unknown
4802.170.blueseek.com,Unknown
470032-de-gast-sicher-validierung.trade-verification-lite.com,Unknown
46z8r.sa179.com,Unknown
465663-deutschland-nutzung-sicher-benutzer.sicher-vorbeugung.tk,Unknown
4654.2465.primosearch.com,Unknown
461073-deu-gast-sicherheit-benutzer.sicherheitshilfe-sicherheitssystem.cf,Unknown
46009.zzzffgg44.pw,Unknown
44ce58wv7k.wxxhopn5ch.madpendesign.com.au,Unknown
445600-deutschland-verbraucher-sicher-nachweis.newsafe-trade.com,Unknown
445.pzchao.com,Unknown
4444z2.sa176.com,Unknown
4444.jibbybooboo.win,Unknown
44279885738042424.myoffers.party,Unknown
435thoms2007reunion.myteamtoolbar.com,Unknown
4264789066437831.clickandbuy.win,Unknown
4225.zhuolingxiu.com,Unknown
420072019.kangle.info,Unknown
41907.gwtoys.cn,Unknown
4184.stats.misstrends.com,Unknown
4154520044779819.latestpromotions.club,Unknown
414.201sb.com,Unknown
4133.88.primosearch.com,Unknown
40hardcore.galleryprogram.com,Unknown
40bayir.myblogtoolbar.com,Unknown
404.elitedollars.com,Unknown
4.whereintrentinoaltoadige.com,Unknown
4.whereinsicily.com,Unknown
4.whereinsicilia.com,Unknown
4.whereinpiemonte.com,Unknown
4.whereinmolise.com,Unknown
4.whereinliguria.com,Unknown
4.whereinlazio.com,Unknown
4.whereinitaly.com,Unknown
4.pbipkierrqom.life,Unknown
4.kuai-go.com,Unknown
4.e-why.net,Unknown
4.dlevo.com,Unknown
4.collecorvino.org,Unknown
4.androidislamic.com,Unknown
3years.lethanon.net,Unknown
3www.ze4cheats.com,Unknown
3weekdiet.texgm.com,Unknown
3uw.truespeedlink.com,Unknown
3trdz.796051099.cn,Unknown
3s.dkys.org,Unknown
3qbyaoohkcqkzrz6.torstation.li,Unknown
3qbyaoohkcqkzrz6.torreactor.li,Unknown
3qbyaoohkcqkzrz6.torprovider.li,Unknown
3qbyaoohkcqkzrz6.torplanet.eu,Unknown
3qbyaoohkcqkzrz6.tormaster.fr,Unknown
3qbyaoohkcqkzrz6.tormaster.ch,Unknown
3qbyaoohkcqkzrz6.tormain.li,Unknown
3qbyaoohkcqkzrz6.torgateway.li,Unknown
3qbyaoohkcqkzrz6.torgate.es,Unknown
3qbyaoohkcqkzrz6.torcommunity.ch,Unknown
3qbyaoohkcqkzrz6.torclassik.li,Unknown
3qbyaoohkcqkzrz6.livecamshow.ch,Unknown
3qbyaoohkcqkzrz6.bestxprice.ch,Unknown
3p4tvbi8wv.ivertiipolska.com.pl,Unknown
3p4tvbi8wv.bradul.creatory.org,Unknown
3mj8enkhutnhei5y0yls.littlematchagirl.com.au,Unknown
3mcot5epaf9fsphdeehn.littlematchagirl.com.au,Unknown
3liennaak6.djc2tvnzza.madpendesign.com.au,Unknown
3j5h64le0b.cywhxygctk.madpendesign.com.au,Unknown
3hszn0hewxhww4scpzam.thequalitycheck.com,Unknown
3g.bjzhena.com,Unknown
3g.010yc.net,Unknown
3e3ex8zr4.cnrdn.com,Unknown
3ddoedowzv.kvksangrur.com,Unknown
3bc3fd26-91cf-46b2-8ec6-b1559ada0079.statcamp.net,Unknown
3b7tkkfdaa9p95dks9y3.glamxpress.co.uk,Unknown
3aikido.media-toolbar.com,Unknown
3a5xghpiqvcgkushdv0p.businessrulesanalysis.com,Unknown
39aeflkqc.justcheuty.com,Unknown
39-8-ftth.onsnetstudenten.nl,Unknown
385223-deutschland-gast-mitteilung-account.service-paypal-info.ml,Unknown
3815.url.246546.com,Unknown
373082.livecity.me,Unknown
36ulm.contrarieswhhko.site,Unknown
367032-deu-storno-angabe-benutzer.sicherheitshilfe-schutz.ml,Unknown
365care.encoreskydev.com,Unknown
360.be.ma,Unknown
360.0pengl.com,Unknown
36.click.tamsproject.com,Unknown
343.48701268.mydealhero.com,Unknown
33jjtmkd6j.ivertiipolska.com.pl,Unknown
332818-de-prob-sicherheit-validierung.sicherheitshilfe-schutz.ml,Unknown
32rlav36ca.laserhairremovalindia.com,Unknown
3213community.media-toolbar.com,Unknown
31867483a.l2m.net,Unknown
317-weightloss.brain-witiq.com,Unknown
316d15001.b-reflex2.com,Unknown
3151.77152.blueseek.com,Unknown
31.securefinds2.com,Unknown
30newsx.07x.net,Unknown
30newsf.07x.net,Unknown
30hardcore.galleryprogram.com,Unknown
305.filedori.net,Unknown
303esplanade.oceaniadigital.com.au,Unknown
3028a.alarmandburglarsystems.com.au,Unknown
30280827a.l2m.net,Unknown
30.ip-37-59-119.eu,Unknown
3.oxvkeq.co,Unknown
3.ihenan.com,Unknown
3.greenerfbnnqjsb.site,Unknown
3.dohodtut.ru,Unknown
3.bioiphone.in,Unknown
3.aqa.rs,Unknown
2ymh2gnnbg6pgq2r.winregion.tw,Unknown
2ymh2gnnbg6pgq2r.gremsot.pl,Unknown
2x6dh.sa162.com,Unknown
2x2f0.sa095.com,Unknown
2wmfu0kq8z.7inoehna03.madpendesign.com.au,Unknown
2vp6.sa172.com,Unknown
2uw.truespeedlink.com,Unknown
2update.yourbestsiteforfindcontent.icu,Unknown
2update.yourbestsite4findcontents.icu,Unknown
2update.thesettoreliablesofts.xyz,Unknown
2update.thesettoreliablesofts.icu,Unknown
2update.thesettoreliablesoft.xyz,Unknown
2update.thesettoreliablesoft.icu,Unknown
2update.theset2reliablesofts.xyz,Unknown
2update.theset2reliablesofts.icu,Unknown
2update.theset2reliablesoft.xyz,Unknown
2update.theset2reliablesoft.icu,Unknown
2update.thereadytoreliablesofts.xyz,Unknown
2update.thereadytoreliablesofts.icu,Unknown
2update.thereadytoreliablesoft.xyz,Unknown
2update.thereadytoreliablesoft.icu,Unknown
2update.theready2reliablesofts.xyz,Unknown
2update.theready2reliablesofts.icu,Unknown
2update.theready2reliablesoft.xyz,Unknown
2update.thepreparetoreliablesofts.xyz,Unknown
2update.thepreparetoreliablesofts.icu,Unknown
2update.thepreparetoreliablesoft.xyz,Unknown
2update.thepreparetoreliablesoft.icu,Unknown
2update.theprepare2reliablesofts.xyz,Unknown
2update.theprepare2reliablesoft.icu,Unknown
2update.macbestplayers.download,Unknown
2update.macbestplayer.trade,Unknown
2update.macbest-players.download,Unknown
2u.media-toolbar.com,Unknown
2ttn4.sa061.com,Unknown
2tifbwssedhalasalntd.maherstcottage.com.au,Unknown
2thetopic.ucgalleries.com,Unknown
2step-verification.career-wells.cf,Unknown
2spyware.openmediasoft.com,Unknown
2sm9qki8hgyizog8uoj1.maherstcottage.com.au,Unknown
2sitb9fxrg.vonrvsrkg1.madpendesign.com.au,Unknown
2rnews.07x.net,Unknown
2request2.respond-request-sellers-d3.com,Unknown
2qnews.07x.net,Unknown
2nowup.yourbestplaceforfindcontents.icu,Unknown
2nowup.yourbestplaceforfindcontent.icu,Unknown
2nowup.yourbestplace4findcontents.icu,Unknown
2nowup.thesitetorunvideostable.icu,Unknown
2nowup.thesiteforrunvideostable.icu,Unknown
2nowup.thesite2runvideostable.icu,Unknown
2nowup.therestoftoupdating.bid,Unknown
2nowup.therestoftoupdates.top,Unknown
2nowup.therestoftoupdate.download,Unknown
2nowup.themyplacesetnow2contentsafe.stream,Unknown
2nowup.site4runvideostable.xyz,Unknown
2nowup.pressbestupdates.download,Unknown
2nowup.greatsite2findcontentfree.icu,Unknown
2nowup.greatsite-findcontentnow.icu,Unknown
2nowup.greatsite-findcontent.icu,Unknown
2nowup.freebestgameplace.trade,Unknown
2nowup.freebestgameplace.download,Unknown
2nowup.bigfreshvideo2update.download,Unknown
2naturalboobs-chaturbate.sexesporn.com,Unknown
2mbmrdgm42.melpn4fc5q.madpendesign.com.au,Unknown
2kotb7q49m.qqonrjhl3.icu,Unknown
2hnl8.sa061.com,Unknown
2gdb4.leoraorage.at,Unknown
2fcffd.perfectchoice1.com,Unknown
2f24.sa057.com,Unknown
2eco1.xx.tn,Unknown
2dwic.spindlierrtovnasg.online,Unknown
2dl6.621231.com,Unknown
2cw.maconrnd.com,Unknown
2ciiz5gja8.bradul.creatory.org,Unknown
2bdfb.spinakrosa.at,Unknown
2bai8wb5d6.kenstewardministries.org,Unknown
2b42.sa031.com,Unknown
2b.52yq.net,Unknown
2asix14.ticsimarro.org,Unknown
2ad8fc08.qqc.co,Unknown
2a.mypersonalhttp.com,Unknown
299800-de-nutzung-mitteilung-benutzer.sicherheitshilfe-sicherheitssystem.ga,Unknown
296f4h3wluqxmie0yqbk8n.littlematchagirl.com.au,Unknown
29437.xc.41gw.com,Unknown
294064-germany-nutzung-sicher-validierung.sicherheitskontrolle.ga,Unknown
2933679430.premiereabc.com,Unknown
29242.xc.41gw.com,Unknown
28zp4wwwsa36com.sa010.com,Unknown
28f049.perfectchoice1.com,Unknown
28.47001351.mydealhero.com,Unknown
27lelchgcvs2wpm7.xmvr54.top,Unknown
27lelchgcvs2wpm7.xkfi59.top,Unknown
27lelchgcvs2wpm7.wishsends.mobi,Unknown
27lelchgcvs2wpm7.wins4n.win,Unknown
27lelchgcvs2wpm7.vrid8l.top,Unknown
27lelchgcvs2wpm7.uboys5.top,Unknown
27lelchgcvs2wpm7.thyx30.top,Unknown
27lelchgcvs2wpm7.tankbe.pro,Unknown
27lelchgcvs2wpm7.rt4e34.win,Unknown
27lelchgcvs2wpm7.redefined.click,Unknown
27lelchgcvs2wpm7.marksgain.kim,Unknown
27lelchgcvs2wpm7.liopakerb.black,Unknown
27lelchgcvs2wpm7.laverhants.link,Unknown
27lelchgcvs2wpm7.h9ihx3.top,Unknown
27lelchgcvs2wpm7.fm0cga.top,Unknown
27lelchgcvs2wpm7.bonbestal.asia,Unknown
27lelchgcvs2wpm7.bestfordownload.click,Unknown
27lelchgcvs2wpm7.bedrastic.bid,Unknown
27lelchgcvs2wpm7.b7mciu.top,Unknown
27lelchgcvs2wpm7.asd3r3.top,Unknown
27lelchgcvs2wpm7.apperloads.win,Unknown
27lelchgcvs2wpm7.ag082d.top,Unknown
27lelchgcvs2wpm7.adevf4.top,Unknown
27lelchgcvs2wpm7.9ildst.top,Unknown
27lelchgcvs2wpm7.7zv8o2.top,Unknown
27lelchgcvs2wpm7.7jiff7.top,Unknown
27lelchgcvs2wpm7.3lhjyx.top,Unknown
27c73bq66y4xqoh7.dorfact.at,Unknown
27985.xc.41gw.com,Unknown
27982.xc.41gw.com,Unknown
27975.xc.41gw.com,Unknown
27971.xc.41gw.com,Unknown
27970.xc.41gw.com,Unknown
27969.xc.41gw.com,Unknown
27954.xc.41gw.com,Unknown
27875.xc.41gw.com,Unknown
27854.xc.41gw.com,Unknown
27829.xc.41gw.com,Unknown
2777f1.makemegood24.com,Unknown
27607.xc.41gw.com,Unknown
27601.xc.41gw.com,Unknown
27599.xc.41gw.com,Unknown
27589.xc.41gw.com,Unknown
27587.xc.wenpie.com,Unknown
27586.xc.mieseng.com,Unknown
27586.xc.41gw.com,Unknown
27568.xc.wenpie.com,Unknown
27566.xc.wenpie.com,Unknown
27542.xc.mieseng.com,Unknown
27537.xc.tduou.com,Unknown
27536.xc.wenpie.com,Unknown
27534.xc.wenpie.com,Unknown
27532.xc.mieseng.com,Unknown
27529.xc.mieseng.com,Unknown
27526.xc.wenpie.com,Unknown
27525.xc.wenpie.com,Unknown
27524.xc.wenpie.com,Unknown
27519.xc.wenpie.com,Unknown
27519.xc.mieseng.com,Unknown
27513.xc.mieseng.com,Unknown
27512.xc.wenpie.com,Unknown
27512.xc.mieseng.com,Unknown
27504.xc.mieseng.com,Unknown
27471.xc.mieseng.com,Unknown
27470.xc.mieseng.com,Unknown
27469.xc.wenpie.com,Unknown
27439.xc.mieseng.com,Unknown
27437.xc.mieseng.com,Unknown
27435.xc.mieseng.com,Unknown
27434.xc.cangpie.com,Unknown
27433.xc.mieseng.com,Unknown
27431.xc.mieseng.com,Unknown
27430.xc.mieseng.com,Unknown
27421.xc.mieseng.com,Unknown
27420.xc.mieseng.com,Unknown
27419.xc.mieseng.com,Unknown
27418.xc.mieseng.com,Unknown
27417.xc.wenpie.com,Unknown
27417.xc.mieseng.com,Unknown
27416.xc.mieseng.com,Unknown
27409.xc.mieseng.com,Unknown
27406.xc.wenpie.com,Unknown
27406.xc.mieseng.com,Unknown
27401.xc.mieseng.com,Unknown
27370.xc.mieseng.com,Unknown
27322.xc.wenpie.com,Unknown
27261.xc.wenpie.com,Unknown
27226.xc.wenpie.com,Unknown
27212.xc.mieseng.com,Unknown
27208.xc.wenpie.com,Unknown
27202.xc.wenpie.com,Unknown
27185.xc.wenpie.com,Unknown
27165.xc.mieseng.com,Unknown
27160.xc.mieseng.com,Unknown
27107.xc.mieseng.com,Unknown
27083.xc.wenpie.com,Unknown
27066.xc.wenpie.com,Unknown
27018.xc.wenpie.com,Unknown
26j6.sa065.com,Unknown
26892.xc.mieseng.com,Unknown
26849.xc.ahyessoft.com,Unknown
26815.xc.wenpie.com,Unknown
26797.xc.wenpie.com,Unknown
26722.xc.mieseng.com,Unknown
26697.xc.wenpie.com,Unknown
26684.mydown.xaskm.com,Unknown
26674.mydown.xaskm.com,Unknown
26539.mydown.xaskm.com,Unknown
26512.url.tudown.com26512.url.tudown.com,Unknown
2646378-0.web-hosting.es,Unknown
26439.xc.wenpie.com,Unknown
26439.xc.789msw.com26439.xc.789msw.com,Unknown
26439.xc.789msw.com,Unknown
262n.sa096.com,Unknown
26257.xc.wenpie.com,Unknown
26251.xc.08an.com,Unknown
26243.mydown.xaskm.com,Unknown
26223.xc.wenpie.com,Unknown
26171.mydown.xaskm.com26171.mydown.xaskm.com,Unknown
25988.xc.mieseng.com,Unknown
25954.xc.wenpie.com,Unknown
25689.xc.mieseng.com,Unknown
25651.xc.mieseng.com,Unknown
25644.xc.wenpie.com,Unknown
2560.fd.mobile.tv.sms13.de,Unknown
25571.xc.mieseng.com,Unknown
25199.xc.wenpie.com,Unknown
25197.xc.mieseng.com,Unknown
25195.xc.wenpie.com,Unknown
25194.xc.wenpie.com,Unknown
25188.xc.wenpie.com,Unknown
25138.nuoyrekt.cn,Unknown
25137.mydown.xaskm.com,Unknown
25107.xc.wenpie.com,Unknown
25101.xc.mieseng.com,Unknown
25101.mydown.xaskm.com,Unknown
25044.mydown.xaskm.com,Unknown
250.adsbro.com,Unknown
25.danielsmoving.com,Unknown
24zhbd.sa096.com,Unknown
24you.newupdateonline.com,Unknown
24upgradecheck.yourtheperfectstableoscontents.icu,Unknown
24upgradecheck.yourtheperfectstableoscontent.icu,Unknown
24upgradecheck.yoursetforsafeapp.icu,Unknown
24upgradecheck.yourset4safeapp.icu,Unknown
24upgradecheck.yourreadyforsafeapp.icu,Unknown
24upgradecheck.yourprepareforsafeapp.icu,Unknown
24upgradecheck.yourprepare4safeapps.icu,Unknown
24upgradecheck.yourperfectstableostocontent.icu,Unknown
24upgradecheck.yourperfectstableosforcontent.icu,Unknown
24upgradecheck.yourperfectstableoscontents.icu,Unknown
24upgradecheck.yourperfectstableoscontent.icu,Unknown
24upgradecheck.thesteadysystemforupgrading.win,Unknown
24upgradecheck.thesteadysystemforupgrading.stream,Unknown
24upgradecheck.thesteadysystemforupgrading.review,Unknown
24upgradecheck.thesteadysystemforupgrading.bid,Unknown
24upgradecheck.thesteadysystemforupgrades.review,Unknown
24upgradecheck.thesteadysystemforupgrades.download,Unknown
24upgradecheck.thesteadysystemforupgrade.win,Unknown
24upgradecheck.thesteadysystemforupgrade.download,Unknown
24upgradecheck.thesteadysystemforupgrade.date,Unknown
24upgradecheck.thesteadysystemforupgrade.bid,Unknown
24upgradecheck.thesetforsafestubs.xyz,Unknown
24upgradecheck.thesetforsafestubs.icu,Unknown
24upgradecheck.thesetforsafestub.xyz,Unknown
24upgradecheck.thesetforsafestub.icu,Unknown
24upgradecheck.theset4safestubs.xyz,Unknown
24upgradecheck.theset4safestubs.icu,Unknown
24upgradecheck.theset4safestub.xyz,Unknown
24upgradecheck.theset4safestub.icu,Unknown
24upgradecheck.thereadyforsafestubs.xyz,Unknown
24upgradecheck.thereadyforsafestubs.icu,Unknown
24upgradecheck.thereadyforsafestub.xyz,Unknown
24upgradecheck.thereadyforsafestub.icu,Unknown
24upgradecheck.theready4safestubs.xyz,Unknown
24upgradecheck.theready4safestubs.icu,Unknown
24upgradecheck.theready4safestub.xyz,Unknown
24upgradecheck.theready4safestub.icu,Unknown
24upgradecheck.theprepareforsafestubs.xyz,Unknown
24upgradecheck.theprepareforsafestubs.icu,Unknown
24upgradecheck.theprepareforsafestub.xyz,Unknown
24upgradecheck.theprepareforsafestub.icu,Unknown
24upgradecheck.theprepare4safestubs.xyz,Unknown
24upgradecheck.theprepare4safestubs.icu,Unknown
24upgradecheck.theprepare4safestub.xyz,Unknown
24upgradecheck.theprepare4safestub.icu,Unknown
24upgradecheck.thefreshvideo4upgradingnew.trade,Unknown
24upgradecheck.thefreshvideo4upgradingnew.bid,Unknown
24upgradecheck.thefreshvideo4upgradenew.bid,Unknown
24upgradecheck.freeperfectstableostocontents.icu,Unknown
24upgradecheck.freeperfectstableoscontents.icu,Unknown
24upgradecheck.contestloadmoreparameters4contentdistindetification.trade,Unknown
24upgradecheck.bestadyoucanhavetodatenowgreatest.stream,Unknown
24upgradecheck.bestadyoucanhavetodatenowgreatest.review,Unknown
24upgradecheck.bestadyoucanhavetodatenoweasytouse.review,Unknown
24upgradecheck.bestadyoucanhavetodatenoweasy.date,Unknown
24upgradecheck.bestadyoucanhavetodatenowalways.stream,Unknown
24upgradecheck.bestadyoucanhavetodatenowalways.review,Unknown
24upgradecheck.bestadyoucanhavetodatenowalways.bid,Unknown
24upgradecheck.bestadyoucanhavetodatenow.stream,Unknown
24upgradecheck.bestadyoucanhavetodatenow.review,Unknown
24upgradecheck.bestadyoucanhavetodatenow.date,Unknown
24upgradecheck.bestadyoucanhavetodatenow.bid,Unknown
24pcupgrade.yourbetterandreliable2upgrades.stream,Unknown
24pcupgrade.yourbetterandreliable2upgrade.bid,Unknown
24pcupgrade.thesitetoplayworkingflash.xyz,Unknown
24pcupgrade.thesitetoplayworkingflash.icu,Unknown
24pcupgrade.thesiteforplayworkingflash.xyz,Unknown
24pcupgrade.thesiteforplayworkingflash.icu,Unknown
24pcupgrade.thesite4playworkingflash.xyz,Unknown
24pcupgrade.thesite4playworkingflash.icu,Unknown
24pcupgrade.thesite2playworkingflash.xyz,Unknown
24pcupgrade.thesite2playworkingflash.icu,Unknown
24pcupgrade.thesetforgreatapp.host,Unknown
24pcupgrade.theset4greatapps.icu,Unknown
24pcupgrade.theset4greatapps.host,Unknown
24pcupgrade.theset4greatapp.icu,Unknown
24pcupgrade.theset4greatapp.host,Unknown
24pcupgrade.thereadyforgreatapps.icu,Unknown
24pcupgrade.thereadyforgreatapps.host,Unknown
24pcupgrade.thereadyforgreatapp.icu,Unknown
24pcupgrade.thereadyforgreatapp.host,Unknown
24pcupgrade.theready4greatapps.icu,Unknown
24pcupgrade.theready4greatapp.icu,Unknown
24pcupgrade.theready4greatapp.host,Unknown
24pcupgrade.theprepareforgreatapps.icu,Unknown
24pcupgrade.theprepareforgreatapp.icu,Unknown
24pcupgrade.theprepareforgreatapp.host,Unknown
24pcupgrade.theprepare4greatapps.icu,Unknown
24pcupgrade.sitetoplayworkingflash.xyz,Unknown
24pcupgrade.sitetoplayworkingflash.icu,Unknown
24pcupgrade.sitetoplayingworkingflash.xyz,Unknown
24pcupgrade.sitetoplayingworkingflash.icu,Unknown
24pcupgrade.siteforplayworkingflash.xyz,Unknown
24pcupgrade.siteforplayworkingflash.icu,Unknown
24pcupgrade.siteforplayingworkingflash.xyz,Unknown
24pcupgrade.siteforplayingworkingflash.icu,Unknown
24pcupgrade.site4playworkingflash.xyz,Unknown
24pcupgrade.site4playworkingflash.icu,Unknown
24pcupgrade.site4playingworkingflash.xyz,Unknown
24pcupgrade.site4playingworkingflash.icu,Unknown
24pcupgrade.site2playworkingflash.xyz,Unknown
24pcupgrade.site2playworkingflash.icu,Unknown
24pcupgrade.site2playingworkingflash.xyz,Unknown
24pcupgrade.site2playingworkingflash.icu,Unknown
24pcupgrade.mainperfectstableosforcontents.icu,Unknown
24pcupgrade.mainperfectstableoscontents.icu,Unknown
24pcupgrade.mainperfectstableoscontent.icu,Unknown
24pcupgrade.maingetperfectstableoscontents.icu,Unknown
24pcupgrade.maingetperfectstableoscontent.icu,Unknown
24pcupgrade.greatupdates4all.icu,Unknown
24pcupgrade.greatupdateforeveryone.xyz,Unknown
24pcupgrade.greatupdateforeveryone.icu,Unknown
24pcupgrade.greatupdateforall.xyz,Unknown
24pcupgrade.greatupdateforall.icu,Unknown
24pcupgrade.greatupdate4everyone.xyz,Unknown
24pcupgrade.greatupdate4all.xyz,Unknown
24pcupgrade.greatupdate4all.icu,Unknown
24pccheck.yoursetforsafestubs.icu,Unknown
24pccheck.yoursetforsafestub.icu,Unknown
24pccheck.yourset4safestubs.icu,Unknown
24pccheck.yourset4safestub.icu,Unknown
24pccheck.yourreadyforsafestubs.icu,Unknown
24pccheck.yourreadyforsafestub.icu,Unknown
24pccheck.yourready4safestubs.icu,Unknown
24pccheck.yourready4safestub.icu,Unknown
24pccheck.yourprepareforsafestubs.icu,Unknown
24pccheck.yourprepareforsafestub.icu,Unknown
24pccheck.yourprepare4safestubs.icu,Unknown
24pccheck.yourprepare4safestub.icu,Unknown
24pccheck.yourbestsoftwarestuffgreat.stream,Unknown
24pccheck.yourbestsoftwarestuff.win,Unknown
24pccheck.upgradeloadmoreparameters4contentdistindetification.stream,Unknown
24pccheck.thebestperformacespotforyourmacpcthisweek.review,Unknown
24pccheck.thebestperformacespotforyourmacpcthismonth.win,Unknown
24pccheck.thebestperformacespotforyourmacpcthismonth.trade,Unknown
24pccheck.thebestperformacespotforyourmacpcthismonth.review,Unknown
24pccheck.thebestperformacespotforyourmacpcnow.win,Unknown
24pccheck.thebestperformacespotforyourmacpcnow.trade,Unknown
24pccheck.mainspaceforcontentcentral.icu,Unknown
24pccheck.greatcontents2stablenows.win,Unknown
24pccheck.friendlysystem2updating.bid,Unknown
24pccheck.friendlysystem2update.stream,Unknown
24pccheck.friendlysystem2update.download,Unknown
24pccheck.enterbestforupdating.download,Unknown
24pccheck.enterbestforupdates.win,Unknown
24pccheck.enterbestforupdates.review,Unknown
24pccheck.enterbestforupdates.download,Unknown
24pccheck.enterbestforupdate.win,Unknown
24pccheck.enterbestforupdate.review,Unknown
24online.yourbroadstablecontentsperfect.xyz,Unknown
24online.yourbroadstablecontentsperfect.icu,Unknown
24online.yourbroadstablecontentperfect.xyz,Unknown
24online.yourbroadstablecontentperfect.icu,Unknown
24online.yourbroadstablecontentingperfect.xyz,Unknown
24online.yourbroadstablecontentingperfect.icu,Unknown
24online.yourbigandallfreetoupgrades.win,Unknown
24online.yourbigandallfreetoupgrades.stream,Unknown
24online.yourbigandallfreetoupgrades.download,Unknown
24online.yourbigandallfreetoupgrades.bid,Unknown
24online.yourbigandallfreetoupgrade.stream,Unknown
24online.yourbettersiteforfindcontents.icu,Unknown
24online.yourbettersite4findcontent.icu,Unknown
24online.thebroadstablecontentsperfect.xyz,Unknown
24online.thebroadstablecontentsperfect.icu,Unknown
24online.thebroadstablecontentperfect.xyz,Unknown
24online.thebroadstablecontentperfect.icu,Unknown
24online.thebroadstablecontentingperfect.xyz,Unknown
24online.thebroadstablecontentingperfect.icu,Unknown
24online.site2runvideoperfect.icu,Unknown
24online.site2runingvideoperfect.xyz,Unknown
24online.site2runingvideoperfect.icu,Unknown
24online.contestarefuntohaveviastreamingthusyear.icu,Unknown
24online.bulkofforcontentingnow.date,Unknown
24online.broadstablecontentsperfect.xyz,Unknown
24online.broadstablecontentsperfect.icu,Unknown
24online.broadstablecontentsnewperfect.xyz,Unknown
24online.broadstablecontentsnewperfect.icu,Unknown
24online.broadstablecontentperfect.xyz,Unknown
24online.broadstablecontentperfect.icu,Unknown
24online.broadstablecontentnewperfect.xyz,Unknown
24online.broadstablecontentnewperfect.icu,Unknown
24online.broadstablecontentingperfect.xyz,Unknown
24online.broadstablecontentingperfect.icu,Unknown
24online.broadstablecontentingnewperfect.xyz,Unknown
24online.broadstablecontentingnewperfect.icu,Unknown
24online.bettersiteforfindcontents.icu,Unknown
24online.bettersiteforfindcontent.icu,Unknown
24online.bettersite4findcontent.icu,Unknown
24online.bestmainlystable4contentnow.icu,Unknown
24online.bestmainlystable4contentingnew.icu,Unknown
24online.bestmainlystable4contentinglast.icu,Unknown
24now.check-live.com,Unknown
24newsoft.yourbestcontentsonweb.icu,Unknown
24newsoft.thefreetogetupdateenew.icu,Unknown
24newsoft.thefreetogetcontentsnew.icu,Unknown
24newsoft.mainplacetogetflashnow.icu,Unknown
24newsoft.mainplacetogetflashnew.icu,Unknown
24newsoft.mainplacetogetflashfree.icu,Unknown
24newsoft.mainplacetogetflash.icu,Unknown
24newsoft.mainplace2getflashfree.icu,Unknown
24newsoft.mainplace-getflashnow.icu,Unknown
24newsoft.mainplace-getflashfree.icu,Unknown
24newsoft.havinggreatamazingupdtallthetimethisyear.review,Unknown
24newsoft.havinggreatamazingupdtallthetimenow.date,Unknown
24newsoft.groupnowfree2stream.review,Unknown
24newsoft.goodplaceforgetcontentsnew.icu,Unknown
24newsoft.gettingadsandsoftyouneediseasythisweek.date,Unknown
24newsoft.gettingadsandsoftyouneediseasythisweek.bid,Unknown
24newsoft.allthebestupdating.download,Unknown
24newsoft.allthebestupdating.bid,Unknown
24newsoft.allthebestupdates.trade,Unknown
24newsoft.allthebestupdates.stream,Unknown
24newsoft.allthebestupdates.download,Unknown
24newsoft.allthebestupdates.date,Unknown
24newsoft.allthebestupdates.bid,Unknown
24newsoft.allthebestupdate.trade,Unknown
24newsoft.allthebestupdate.stream,Unknown
24newsoft.allthebestupdate.review,Unknown
24newsoft.allthebestupdate.download,Unknown
24newsoft.allthebestupdate.date,Unknown
24newsoft.allthebest-update.stream,Unknown
24newsoft.allthebest-update.review,Unknown
24newsoft.allthebest-update.download,Unknown
24newsoft.allthebest-update.date,Unknown
24newsoft.allthebest-update.bid,Unknown
24newsoft.all4updateyouwilleverneed.stream,Unknown
24newsoft.all4updatesyouwilleverneed.stream,Unknown
24check4updates.yourtheperfectreliablewaylinks.icu,Unknown
24check4updates.yourstableforgreatcontentscenter.icu,Unknown
24check4updates.yourstableforgreatcontentnow.icu,Unknown
24check4updates.yourperfectreliablewaytolinks.icu,Unknown
24check4updates.yourperfectreliablewayforlink.icu,Unknown
24check4updates.yourperfectreliableway4link.icu,Unknown
24check4updates.yourhubwebsite4contenting.icu,Unknown
24check4updates.yourhubwebsite4contentfree.icu,Unknown
24check4updates.yourhubwebsite4content.icu,Unknown
24check4updates.ultimatecentral4updates.win,Unknown
24check4updates.ultimatecentral4updates.date,Unknown
24check4updates.ultimatecentral4update.trade,Unknown
24check4updates.ultimatecentral4update.stream,Unknown
24check4updates.ultimatecentral4update.review,Unknown
24check4updates.ultimatecentral4update.date,Unknown
24check4updates.themostreadycontents.win,Unknown
24check4updates.thebestperformacespotforyourmacpcthisweek.review,Unknown
24check4updates.thebestperformacespotforyourmacpcthismonth.win,Unknown
24check4updates.thebestperformacespotforyourmacpcthismonth.trade,Unknown
24check4updates.thebestperformacespotforyourmacpcnow.trade,Unknown
24check4updates.thealways2aptituding.bid,Unknown
24check4updates.thealways2aptitudes.win,Unknown
24check4updates.addmoremorefuntionsforlesstime.review,Unknown
24check.yoursafest2searching.win,Unknown
24check.yoursafest2searching.bid,Unknown
24check.yoursafest2searches.review,Unknown
24check.yourgoodplaceforgetcontentsfree.icu,Unknown
24check.yourgoodplaceforgetcontentsforever.icu,Unknown
24check.yourgoodplaceforgetcontentfree.icu,Unknown
24check.yourgoodplaceforgetcontentforever.icu,Unknown
24check.yourgoodplace4getcontentsfree.icu,Unknown
24check.yourgoodplace4getcontentfree.icu,Unknown
24check.yourfreesearch2upgrade.review,Unknown
24check.yourfreesearch2upgrade.download,Unknown
24check.trafficsourceoftoplevelcontentsubmit.win,Unknown
24check.thegoodplaceforgetcontentsfree.icu,Unknown
24check.thegoodplaceforgetcontentforever.icu,Unknown
24check.thegoodplace4getcontentsfree.icu,Unknown
24check.thegoodplace4getcontentsforever.icu,Unknown
24check.thebestcontent4yourmachinetoday.stream,Unknown
24check.thebestcontent4yourmachinetoday.review,Unknown
24check.thebestcontent4yourmachinetoday.bid,Unknown
24check.thebestcontent4yourmachinethisweek.stream,Unknown
24check.thebestcontent4yourmachinethismonth.stream,Unknown
24check.thebestcontent4yourmachinethismonth.review,Unknown
24check.thebestcontent4yourmachinethismonth.date,Unknown
24check.thebestcontent4yourmachinenow.stream,Unknown
24check.thebestcontent4yourmachinenow.review,Unknown
24check.thebestcontent4yourmachine.date,Unknown
24check.thebestcontent4yourmachine.bid,Unknown
24check.greatupdates4all.icu,Unknown
24check.greatupdateforeveryone.xyz,Unknown
24check.greatupdateforeveryone.icu,Unknown
24check.greatupdateforall.xyz,Unknown
24check.greatupdate4everyone.xyz,Unknown
24check.greatupdate4all.xyz,Unknown
24check.greatupdate4all.icu,Unknown
24check.greatstableserviceforupdate.xyz,Unknown
24check.goodplaceforgetcontentfree.icu,Unknown
24check.goodplaceforgetcontentforever.icu,Unknown
24check.goodplace4getcontentfree.icu,Unknown
24check.freeandgreatappsitenow.host,Unknown
24check.centersite-clickcontentnow.icu,Unknown
24check.centersite-clickcontentnew.icu,Unknown
24check.centersite-clickcontentfree.icu,Unknown
24check.centersite-clickcontent.icu,Unknown
24975.xc.ahyessoft.com,Unknown
24944.xc.mieseng.com,Unknown
24898.xc.mieseng.com,Unknown
24689.xc.wenpie.com,Unknown
24666.xc.tduou.com,Unknown
24551.xc.wenpie.com,Unknown
24546.mydown.xaskm.com,Unknown
24541.xc.789msw.com,Unknown
24367.xc.789msw.com,Unknown
242v4h.sa089.com,Unknown
242h.sa185.com,Unknown
24278.xc.789msw.com,Unknown
24082.mydown.xaskm.com,Unknown
24060.xc.ahyessoft.com,Unknown
24018.mydown.xaskm.com,Unknown
24-soft.checkernow.com,Unknown
24-soft.check-live.com,Unknown
24-dev.bespokexl.co.uk,Unknown
23996.mydown.xaskm.com,Unknown
23969.mydown.xaskm.com,Unknown
23864.xc.789msw.com,Unknown
23653.xc.789msw.com,Unknown
23606.xc.wenpie.com23606.xc.wenpie.com,Unknown
23600.mydown.snwxn.com,Unknown
236.jyhyw.net,Unknown
2358438.ftphosting.pw,Unknown
23512.xc.08an.com,Unknown
2346ytrew3.from-mn.com,Unknown
2342.4-all.org,Unknown
23103.mydown.nszmz.com,Unknown
22movie.friendlyappz.com,Unknown
22brrh.sa005.com,Unknown
2278.stats.misstrends.com,Unknown
22665.xc.k70k.com,Unknown
22642.xc.gongnou.com,Unknown
22633.xc.k70k.com,Unknown
22629.xc.gongnou.com,Unknown
22627.xc.gongnou.com,Unknown
22626.url.tudown.com,Unknown
22621.url.tudown.com,Unknown
22598.xc.gongnou.com,Unknown
22593.xc.gongnou.com,Unknown
22584.xc.gongnou.com,Unknown
22558422215.aircq.com,Unknown
22523.xc.08an.com,Unknown
22406.xc.k70k.com22406.xc.k70k.com,Unknown
22236.xc.17yyba.com22236.xc.17yyba.com,Unknown
22220.xc.cangpie.com,Unknown
222.jhsda.com,Unknown
22118.xc.cangpie.com,Unknown
22115.xc.17yyba.com,Unknown
2206xj.sa131.com,Unknown
22010.xc.17yyba.com,Unknown
220-208-125-212.seaple.ne.jp,Unknown
22.sharedsource.org,Unknown
22.duote.org,Unknown
21stsextury.ucgalleries.com,Unknown
21c4df41-3c75-47f6-a96b-7def38bc1ebe.server-9.fitnessnews.club,Unknown
21976.xc.k70k.com,Unknown
21947.xc.tduou.com,Unknown
219-112-206-214.seaple.ne.jp,Unknown
219-112-206-183.seaple.ne.jp,Unknown
219-112-202-226.seaple.ne.jp,Unknown
219-112-197-125.seaple.ne.jp,Unknown
219-112-196-113.seaple.ne.jp,Unknown
219-112-195-109.seaple.ne.jp,Unknown
219-112-194-123.seaple.ne.jp,Unknown
21882.xc.mieseng.com,Unknown
21876.xc.iziyo.com,Unknown
21840.xc.mieseng.com,Unknown
21837.xc.mieseng.com,Unknown
21836.xc.cangpie.com,Unknown
21835.xc.mieseng.com,Unknown
21832.xc.cangpie.com,Unknown
21831.xc.mieseng.com,Unknown
21829.xc.mieseng.com,Unknown
21827.xc.cangpie.com,Unknown
21826.xc.mieseng.com,Unknown
21826.xc.cangpie.com,Unknown
21825.xc.mieseng.com,Unknown
21813.xc.iziyo.com,Unknown
21810.xc.cangpie.com,Unknown
21807.xc.iziyo.com,Unknown
21785.xc.tduou.com,Unknown
21781.xc.cangpie.com,Unknown
21779.xc.mieseng.com,Unknown
21778.xc.tduou.com,Unknown
21777.xc.cangpie.com,Unknown
21765.xc.mieseng.com,Unknown
21765.xc.iziyo.com,Unknown
21765.xc.cangpie.com,Unknown
21761.xc.mieseng.com,Unknown
21758.xc.cangpie.com,Unknown
21757.xc.mieseng.com,Unknown
21755.xc.mieseng.com,Unknown
21743.xc.iziyo.com,Unknown
21742.xc.cangpie.com,Unknown
21735.xc.cangpie.com,Unknown
21733.xc.iziyo.com,Unknown
21729.xc.mieseng.com,Unknown
21727.xc.iziyo.com,Unknown
21719.xc.iziyo.com,Unknown
21717.xc.iziyo.com,Unknown
21710.xc.mieseng.com,Unknown
217-117-49-172.teledisnet.be,Unknown
21627.edcv111.cn,Unknown
216-73-119-74.ocdc-01.net,Unknown
21592.xc.iziyo.com,Unknown
21294.dialer.lincassa.com,Unknown
21.sharedsource.org,Unknown
21-01-01-s02-2.myloca.com,Unknown
20uw.truespeedlink.com,Unknown
20874.xc.mieseng.com,Unknown
20871.xc.cangpie.com,Unknown
20870.url.tudown.com,Unknown
20801.xc.cangpie.com,Unknown
20769.xc.mieseng.com,Unknown
20751.xc.gongnou.com,Unknown
20712.xc.cangpie.com,Unknown
20709.xc.cangpie.com,Unknown
20493.xc.gongnou.com,Unknown
20489.xc.gongnou.com,Unknown
20487.xc.gongnou.com,Unknown
20485.xc.gongnou.com,Unknown
20429.dialer.lincassa.com,Unknown
20414.xc.cangpie.com,Unknown
2040j0.sa051.com,Unknown
20397.xc.cangpie.com,Unknown
20370.xc.gongnou.com,Unknown
20347.xc.gongnou.com,Unknown
20342.xc.gongnou.com,Unknown
203-174-83-75.rev.ne.com.sg,Unknown
203-174-83-55.rev.ne.com.sg,Unknown
20227.xc.gongnou.com,Unknown
20190216.downsoft-499.xiazai98.com,Unknown
2019.jpbk.net,Unknown
2019.down.mankgongcha.cn,Unknown
2018.help9999.by,Unknown
2018.down.cqzlyy.cn,Unknown
2018-08-08-00.yongdaofu.cn,Unknown
2018-06-01-04.xunxinxi.cn,Unknown
2017memberusersvalidation.roamajoias.com.br,Unknown
20170610.down3-shouji56.241802.com,Unknown
20170.xc.gongnou.com,Unknown
20160916.down3-shouji56.241802.com,Unknown
2016.sfuitaliadesign.com,Unknown
2016.civil-forum.ru,Unknown
2016.apmv.pt,Unknown
2016.adworkers.ru,Unknown
20158.xc.gongnou.com,Unknown
2015.okkapi-art.ru,Unknown
2014.taktik-id.ch,Unknown
2014.adoneconseil.fr,Unknown
2013.gullbrannafestivalen.com,Unknown
2012.rikschataxi.ch,Unknown
2011.mediartchina.org,Unknown
2011.chansonpreis.de,Unknown
201002.confidence.org.pl,Unknown
201-167-31-150-cable.cybercable.net.mx,Unknown
201-167-18-175-cable.cybercable.net.mx,Unknown
201-167-16-39-cable.cybercable.net.mx,Unknown
20077.xc.cangpie.com,Unknown
20075.xc.cangpie.com,Unknown
20018.xc.cangpie.com,Unknown
20012.xc.gongnou.com,Unknown
20006.xc.cangpie.com,Unknown
20002.xc.cangpie.com,Unknown
20.sharedsource.org,Unknown
2.rubanners.com,Unknown
2.reovision.cn,Unknown
2.kingx.info,Unknown
2.danielroyce.com,Unknown
2.clcshop.online,Unknown
2.api.viralheadlines.net,Unknown
2.ak1ba.pro,Unknown
2.66ri.com,Unknown
2.5yyz.com,Unknown
2.4000272011.cn,Unknown
1y614plpluk2lelfkn67.mbservicesyorkshire.co.uk,Unknown
1xnews.07x.net,Unknown
1uw.truespeedlink.com,Unknown
1uezytov8f.centde.com,Unknown
1sana1bana.estepeta.com.tr,Unknown
1rz68.dedefererer3r3e3r.cn,Unknown
1ryww.dedefererer3r3e3r.cn,Unknown
1request1.respond-request-sellers.com,Unknown
1rd.manedwfwqmsqwi.site,Unknown
1rand1c7nkp4sm87heib3wi.hmip.net,Unknown
1qa7.juxuytagawkiest.download,Unknown
1potatoproxy.1sthoster.com,Unknown
1package-clavolet.simplecert.co,Unknown
1ottens.tb-303.eu,Unknown
1nv0ic3r3plyn0wp4ym3nts3cur3.t-l-z-s-m.net,Unknown
1nu.pureperformanceparts.uk,Unknown
1news.07x.net,Unknown
1neufischerperivalvular.southernmarylandpopupweddings.com,Unknown
1l.minisearch.cou.kr,Unknown
1knews.07x.net,Unknown
1ibpz7namvc8194z9hkj37ali.designmysite.pro,Unknown
1htm2zxuex.gn9r4iifch.madpendesign.com.au,Unknown
1hahnemann.lmayoneinsurance.com,Unknown
1gwipnivneyqhuqsweag.glamxpress.co.uk,Unknown
1g.bilobularnzulvjv.site,Unknown
1eghv.zzgdw.cn,Unknown
1eghv.qoguu.cn,Unknown
1eghv.pimqr.cn,Unknown
1eghv.otlbf.cn,Unknown
1eghv.hvdin.cn,Unknown
1dancefm.myradiotoolbar.com,Unknown
1d.minifloppyvzlil.site,Unknown
1bkeldneetdiq5vkcfax.maherstcottage.com.au,Unknown
1bkeldneetdiq5vkcfax.littlematchagirl.com.au,Unknown
1ayyt0f5jnxvx1q0.downeo.pw,Unknown
1admire-xtchaintop.modelscientists.com,Unknown
1admalrop4da2ft.babicovydobroty-recepty.info,Unknown
19vq.juxuytagawkiest.download,Unknown
19uw.truespeedlink.com,Unknown
19nj8.dedefererer3r3e3r.cn,Unknown
19834.xc.cangpie.com,Unknown
19722.xc.gongnou.com,Unknown
19701.xc.gongnou.com,Unknown
19691.xc.gongnou.com,Unknown
191579341888427.final-services.site,Unknown
19.sharedsource.org,Unknown
19.bd-pcgame.xiazai24.com,Unknown
18uw.truespeedlink.com,Unknown
187.ip-54-36-162.eu,Unknown
187.armutszeugnis.com,Unknown
1867.stats.misstrends.com,Unknown
18298.url.9xiazaiqi.com,Unknown
18253825604.nat123.net,Unknown
1800.stats.misstrends.com,Unknown
18.sharedsource.org,Unknown
18.bd-pcgame.xiazai24.com,Unknown
17uw.truespeedlink.com,Unknown
17913476504463555.latestpromotions.club,Unknown
1759.url.9xiazaiqi.com,Unknown
17567525724242400047ss7844577id40004546465465340522.cufflaw.com,Unknown
17541.c.clickpayz.com,Unknown
17146.url.liaochuo.com,Unknown
17067.dialer.lincassa.com,Unknown
17.sharedsource.org,Unknown
17.bd-pcgame.xiazai24.com,Unknown
17.bd-pcgame.104089.com,Unknown
16uw.truespeedlink.com,Unknown
16755.dialer.lincassa.com,Unknown
16625.url.tudown.com,Unknown
16581.url.222bz.com,Unknown
16233.url.tudown.com,Unknown
16114.url.tudown.com,Unknown
16049.url.222bz.com,Unknown
16.sharedsource.org,Unknown
16.red-212-78-145.user.auna.net,Unknown
16.bd-pcgame.xiazai24.com,Unknown
15uw.truespeedlink.com,Unknown
15cen.redirectvoluum.com,Unknown
15975.url.222bz.com,Unknown
1559.stats.misstrends.com,Unknown
15541.url.tudown.com,Unknown
15344.url.tudown.com,Unknown
15283.url.tudown.com,Unknown
15250.url.9xiazaiqi.com,Unknown
15206.url.9xiazaiqi.com,Unknown
15141.url.246546.com,Unknown
15118.url.222bz.com,Unknown
15116.url.246546.com,Unknown
15113949703310448.myoffers.party,Unknown
15111.url.246546.com,Unknown
15086.url.246546.com,Unknown
15068.url.xaskm.com,Unknown
15058.url.xaskm.com,Unknown
15054.url.246546.com,Unknown
15043.url.246546.com,Unknown
15041.url.xaskm.com,Unknown
15041.url.246546.com,Unknown
15040.url.246546.com,Unknown
15039.url.xaskm.com,Unknown
15039.url.246546.com,Unknown
15038.url.xaskm.com,Unknown
15038.url.246546.com,Unknown
15037.url.xaskm.com,Unknown
15037.url.246546.com,Unknown
15036.url.246546.com,Unknown
15035.url.xaskm.com,Unknown
15035.url.246546.com,Unknown
15034.url.xaskm.com,Unknown
15034.url.246546.com,Unknown
15033.url.xaskm.com,Unknown
15033.url.246546.com,Unknown
15031946920.aircq.com,Unknown
15031.url.xaskm.com,Unknown
15020.url.xaskm.com,Unknown
15008.url.246546.com,Unknown
15.sharedsource.org,Unknown
14uw.truespeedlink.com,Unknown
14bb52zfzi.h81yxqatzf.madpendesign.com.au,Unknown
14943.url.246546.com,Unknown
14713804a.l2m.net,Unknown
14614.xc.gongnou.com,Unknown
14582.url.246546.com,Unknown
14531.url.xaskm.com,Unknown
14466.url.222bz.com,Unknown
14434.url.246546.com,Unknown
14431.url.246546.com,Unknown
14386.url.222bz.com,Unknown
14368.url.222bz.com,Unknown
14365.url.246546.com,Unknown
1432941.theboldfestival.com,Unknown
14318.url.246546.com,Unknown
14314.url.246546.com,Unknown
14294.url.246546.com,Unknown
14266.url.246546.com,Unknown
14097.url.xaskm.com,Unknown
14097.url.9xiazaiqi.com,Unknown
1407031110.bzhualin.com,Unknown
1406931775.hnliyin.com,Unknown
1406931633.hnliyin.com,Unknown
1406931240.hnliyin.com,Unknown
1406931207.hnliyin.com,Unknown
1406931161.hnliyin.com,Unknown
1406931142.hnliyin.com,Unknown
1406931134.hnliyin.com,Unknown
1406931031.hnliyin.com,Unknown
1406931000.hnliyin.com,Unknown
1406930864.hnliyin.com,Unknown
1406930749.hnliyin.com,Unknown
1406930713.hnliyin.com,Unknown
1406930692.hnliyin.com,Unknown
1406930611.hnliyin.com,Unknown
1406930605.hnliyin.com,Unknown
1406930402.hnliyin.com,Unknown
1406930396.hnliyin.com,Unknown
1406929782.hnliyin.com,Unknown
1406929671.hnliyin.com,Unknown
1406929590.hnliyin.com,Unknown
1406929483.hnliyin.com,Unknown
1406929455.hnliyin.com,Unknown
1406929026.hnliyin.com,Unknown
1406929011.hnliyin.com,Unknown
1406928976.hnliyin.com,Unknown
1406928932.hnliyin.com,Unknown
1406928838.hnliyin.com,Unknown
1406928810.hnliyin.com,Unknown
1406928774.hnliyin.com,Unknown
1406928702.hnliyin.com,Unknown
1406928408.hnliyin.com,Unknown
1406928291.hnliyin.com,Unknown
1406928049.hnliyin.com,Unknown
1406927586.hnliyin.com,Unknown
1406926716.hnliyin.com,Unknown
1406926690.hnliyin.com,Unknown
1406926643.hnliyin.com,Unknown
1406926627.hnliyin.com,Unknown
1406925968.hnliyin.com,Unknown
1406925905.hnliyin.com,Unknown
1406925651.hnliyin.com,Unknown
1406925569.hnliyin.com,Unknown
1406925382.hnliyin.com,Unknown
1406925138.hnliyin.com,Unknown
1406924951.hnliyin.com,Unknown
1406924721.hnliyin.com,Unknown
1406920383.hnliyin.com,Unknown
1406920322.hnliyin.com,Unknown
1406918040.hnliyin.com,Unknown
1406910003.hnliyin.com,Unknown
1406905097.fzkjxy.com,Unknown
1406886362.fzkjxy.com,Unknown
1406886016.fzkjxy.com,Unknown
1406885235.fzkjxy.com,Unknown
1406885049.fzkjxy.com,Unknown
1406885024.fzkjxy.com,Unknown
1406884857.fzkjxy.com,Unknown
1406884850.fzkjxy.com,Unknown
1406884754.fzkjxy.com,Unknown
1406884450.fzkjxy.com,Unknown
1406884200.fzkjxy.com,Unknown
1406884025.fzkjxy.com,Unknown
1406883601.fzkjxy.com,Unknown
1406882799.fzkjxy.com,Unknown
1406881300.fzkjxy.com,Unknown
1406881109.fzkjxy.com,Unknown
1406880966.fzkjxy.com,Unknown
1406879353.fzkjxy.com,Unknown
1406879277.fzkjxy.com,Unknown
1406879254.fzkjxy.com,Unknown
1406875382.fzkjxy.com,Unknown
1406874814.fzkjxy.com,Unknown
1406873471.fzkjxy.com,Unknown
1406873440.fzkjxy.com,Unknown
1406873191.fzkjxy.com,Unknown
1406873065.fzkjxy.com,Unknown
14.sharedsource.org,Unknown
13uw.truespeedlink.com,Unknown
13copacabana37.u2m.ru,Unknown
13989.url.246546.com,Unknown
13987.url.246546.com,Unknown
13984.url.246546.com,Unknown
13982.url.246546.com,Unknown
13981.url.246546.com,Unknown
13974.url.246546.com,Unknown
13965.url.246546.com,Unknown
13920.url.246546.com,Unknown
13915.url.246546.com,Unknown
13897.url.246546.com,Unknown
13739.url.xaskm.com,Unknown
13625.url.tudown.com,Unknown
13594.url.tudown.com,Unknown
13583.url.tudown.com,Unknown
13576.url.tudown.com,Unknown
13563.url.9xiazaiqi.com,Unknown
13549.url.tudown.com,Unknown
13507.url.tudown.com,Unknown
13483.url.tudown.com,Unknown
1347a8386f71e943.applecontactsq.xyz,Unknown
13436.url.tudown.com,Unknown
13378.url.tudown.com,Unknown
1330978.dl20.datator.cz,Unknown
13264.url.7878j.com,Unknown
13236.url.tudown.com,Unknown
13207303642.aircq.com,Unknown
132-221.tyc.state.tx.us,Unknown
13.sharedsource.org,Unknown
13.costretto.com,Unknown
13.bd-pcgame.xiazai24.com,Unknown
12uw.truespeedlink.com,Unknown
12updatenew.yoursummertimegreatcontents.review,Unknown
12updatenew.yoursummertimegreatcontents.download,Unknown
12updatenew.yoursummertimegreatcontents.bid,Unknown
12updatenew.yoursummertimegreatcontent.trade,Unknown
12updatenew.yoursummertimegreatcontent.stream,Unknown
12updatenew.yoursummertimegreatcontent.download,Unknown
12updatenew.yoursummertime-greatcontents.stream,Unknown
12updatenew.yoursummertime-greatcontents.download,Unknown
12updatenew.yoursummertime-greatcontents.date,Unknown
12updatenew.yoursummertime-greatcontent.win,Unknown
12updatenew.yoursummertime-greatcontent.trade,Unknown
12updatenew.yoursummertime-greatcontent.review,Unknown
12updatenew.thetime2getupgradingnew.icu,Unknown
12updatenew.themainplacetogetgoodcontents.stream,Unknown
12updatenew.themainplacetogetgoodcontents.bid,Unknown
12updatenew.themainplacetogetgoodcontentnow.trade,Unknown
12updatenew.themainplacetogetgoodcontentnow.stream,Unknown
12updatenew.themainplacetogetgoodcontentnow.date,Unknown
12updatenew.themainplacetogetgoodcontenting.win,Unknown
12updatenew.themainplacetogetgoodcontenting.review,Unknown
12updatenew.themainplacetogetgoodcontenting.download,Unknown
12updatenew.themainplacetogetgoodcontenting.date,Unknown
12updatenew.themainplacetogetgoodcontent.trade,Unknown
12updatenew.themainplacetogetgoodcontent.review,Unknown
12updatenew.thegreatandreliablewaystocontent.icu,Unknown
12updatenew.thegreatandreliablewayscontent.icu,Unknown
12updatenew.thegreatandreliableways4contents.icu,Unknown
12pm.strannayaskazka.ru,Unknown
12998.url.tudown.com,Unknown
129.neildunbar.com.au,Unknown
12856.url.tudown.com,Unknown
12848.url.hen360.com,Unknown
12815.url.tudown.com,Unknown
1281111239871513.wittyoffers.club,Unknown
12762.url.xaskm.com,Unknown
12747.url.tudown.com,Unknown
12545.url.tudown.com,Unknown
12545.url.9xiazaiqi.com12545.url.9xiazaiqi.com,Unknown
12522.url.tudown.com,Unknown
125.122.121.77.pool.smart.vn.ua,Unknown
123maigrir.com.ivchost3.com,Unknown
12301.url.tudown.com,Unknown
123.yusuan.com,Unknown
123.tyl123.cn,Unknown
123.greenhome001.com.cn,Unknown
123.8w8w8w.com.cn,Unknown
12264.url.tudown.com,Unknown
12233.url.tudown.com,Unknown
121.ip-51-77-221.eu,Unknown
12041.url.tudown.com,Unknown
12.sharedsource.org,Unknown
12.bd-pcgame.xiazai24.com,Unknown
11uw.truespeedlink.com,Unknown
11fens.mycitytoolbar.com,Unknown
11bgencligi.mylibrarytoolbar.com,Unknown
11999.url.9xiazaiqi.com,Unknown
119418044857596.statictab.com,Unknown
11746.url.246546.com,Unknown
117.ip-193-70-115.eu,Unknown
11614.url.xaskm.com,Unknown
11603.url.xaskm.com,Unknown
11585.url.9xiazaiqi.com,Unknown
11579.url.246546.com,Unknown
11558.url.76.url.789msw.com,Unknown
114.sohenan.cn,Unknown
11337.url.9xiazaiqi.com,Unknown
11337.url.246546.com,Unknown
11323.url.9xiazaiqi.com,Unknown
11322.url.246546.com,Unknown
11296.url.9xiazaiqi.com,Unknown
11293.url.9xiazaiqi.com,Unknown
11291.url.9xiazaiqi.com,Unknown
11275.url.246546.com,Unknown
11260.url.246546.com,Unknown
11242.url.246546.com,Unknown
11225.url.9xiazaiqi.com,Unknown
11217.url.9xiazaiqi.com,Unknown
11216.url.246546.com,Unknown
11200.url.9xiazaiqi.com,Unknown
11197.url.246546.com,Unknown
11173.url.9xiazaiqi.com,Unknown
11169.url.9xiazaiqi.com,Unknown
11164531-19021001.c2.adprotect.net,Unknown
11163221-517901.c.adprotect.net,Unknown
11157.url.9xiazaiqi.com,Unknown
11155.url.789msw.com,Unknown
11146.url.246546.com7.url.246546.com,Unknown
11098.url.9xiazaiqi.com,Unknown
11053.url.789msw.com,Unknown
11042.url.789msw.com,Unknown
11039.url.246546.com,Unknown
11.lamarianella.info,Unknown
11.down.top1run.cn,Unknown
11.bd-pcgame.104089.com,Unknown
10uw.truespeedlink.com,Unknown
10k3o.dedefererer3r3e3r.cn,Unknown
10bestdatingsites.dev.belugalab.com,Unknown
109070-deutschland-gast-angabe-nachweis.sicherheitshilfe-sicherheitssystem.tk,Unknown
109-204-26-16.netconnexion.managedbroadband.co.uk,Unknown
10888.url.222bz.com,Unknown
10859.url.246546.com,Unknown
10822.url.9xiazaiqi.com,Unknown
10700.url.9xiazaiqi.com,Unknown
107.as7x.com,Unknown
107.103.121.77.pool.smart.vn.ua,Unknown
10699.url.9xiazaiqi.com,Unknown
10698.url.9xiazaiqi.com10698.url.9xiazaiqi.com,Unknown
10650.url.9xiazaiqi.com,Unknown
10578.url.9xiazaiqi.com,Unknown
10509.url.246546.com,Unknown
10495.url.246546.com,Unknown
103.hosting-5.xtream.co.il,Unknown
103.gotitsearch.com,Unknown
10220.url.9xiazaiqi.com,Unknown
10138.url.9xiazaiqi.com,Unknown
1010.http01.com,Unknown
101.boquan.net,Unknown
10044.url.246546.com,Unknown
10016.searchmiracle.com,Unknown
100.1qingdao.com,Unknown
10.pajamasandcoffee.com,Unknown
10.news-r5.com,Unknown
10.bd-pcgame.xiazai24.com,Unknown
1.z9ls.com,Unknown
1.xx11xx.com,Unknown
1.xnwac.com,Unknown
1.rensir.com,Unknown
1.refmovr.com,Unknown
1.pdf000.cn,Unknown
1.openmediasoft.com,Unknown
1.newor.net,Unknown
1.new-mobile.download,Unknown
1.indexsinas.me,Unknown
1.facewii.in,Unknown
1.facewii.club,Unknown
1.easy-moneynow.com,Unknown
1.down.ohheyy.com,Unknown
1.cdna.mobi,Unknown
1.casino-engine.ru,Unknown
1.114central.com,Unknown
1-1-4-44a.has.sth.bostream.se,Unknown
0zrnafy0cm1cqvg3g6ey.littlematchagirl.com.au,Unknown
0x80.online-software.org,Unknown
0x01.preload.su,Unknown
0vm4hjvug772wnv8kuzj.mbservicesyorkshire.co.uk,Unknown
0vm4hjvug772wnv8kuzj.cedricchenevert.com,Unknown
0tzg4irsuabvucpvw937.maherstcottage.com.au,Unknown
0t602.sa127.com,Unknown
0surf.navysoldier.com,Unknown
0s.o53xo.mzqwgzlcn5xwwltdn5wq.minsy.ru,Unknown
0rangemask.myblogtoolbar.com,Unknown
0range-espaceclient.particuliersw2.fr,Unknown
0nline.23welsfargo39.com.al4all.co.za,Unknown
0ncjausjiw.download-tech.pw,Unknown
0jaqkuc24kdjvpgdc8va.maherstcottage.com.au,Unknown
0jaqkuc24kdjvpgdc8va.littlematchagirl.com.au,Unknown
0guerdon1bjoernelundh.peoplebeforetechnology.com,Unknown
0esib.mogcs.pw,Unknown
0ejbaaq.acz8k6.com,Unknown
0dm6k.susaw.pw,Unknown
0day.cracknews.com,Unknown
0c9qi.comos.pw,Unknown
0ble8.vnvbr.pw,Unknown
0a08efb63f7bc015bb7ceb6deb3dbf2c.lokolceramic.com,Unknown
09.sharedsource.org,Unknown
084lnt.236sa.com,Unknown
08.sharedsource.org,Unknown
07f2kuc2szyosycbteg7.littlematchagirl.com.au,Unknown
07.xiao2012-xyx-pcgame.xiazai28.com,Unknown
07.super5566.com,Unknown
07.sharedsource.org,Unknown
07.bd-pcgame.xiazai24.com,Unknown
06204v.136sa.com,Unknown
06.sharedsource.org,Unknown
06.bd-pcgame.xiazai24.com,Unknown
06.bd-pcgame.720582.com,Unknown
06.bd-pcgame.104089.com,Unknown
05563656772541159.latestpromotions.club,Unknown
0539wp.ewok.cl,Unknown
052607e20606.kathell.com,Unknown
05221.jsm68.com,Unknown
05.sharedsource.org,Unknown
05.microsoftcloudserver.com,Unknown
05.bd-pcgame.xiazai24.com,Unknown
05.bd-pcgame.720582.com,Unknown
04n86.sa076.com,Unknown
04i.saniketaoci.com,Unknown
042707d90914.agrigid.com,Unknown
04.bd-pcgame.xiazai24.com,Unknown
04.bd-pcgame.720582.com,Unknown
039068a.dialer-select.com,Unknown
03.sharedsource.org,Unknown
03.bd-pcgame.xiazai24.com,Unknown
03.bd-pcgame.720582.com,Unknown
02zps9iimwo9gukluvz8.maherstcottage.com.au,Unknown
02zps9iimwo9gukluvz8.littlematchagirl.com.au,Unknown
02l4b.sa095.com,Unknown
02646x.sa082.com,Unknown
02.xiao2015-xyx-pcgame.guo96.com,Unknown
02.old-phone.elebe.cn,Unknown
02.bd-pcgame.xiazai24.com,Unknown
02.bd-pcgame.luxiaoweiab.cn,Unknown
02.bd-pcgame.104089.com,Unknown
02.actualself.info,Unknown
01k.saniketaoci.com,Unknown
01bvxp4ze2.bradul.creatory.org,Unknown
01.ur.cmhaoso.top,Unknown
01.teneta.by,Unknown
01.sharedsource.org,Unknown
01.android2-phone.ujint.cn,Unknown
01.andorid-phone.jiaanan.com,Unknown
004.0x1f4b0.com,Unknown
002200.sa083.com,Unknown
000vxb.sa130.com,Unknown
000aproxy.on-4.com,Unknown
0000pv6.rxportalhosting.com,Unknown
0-0-0-0-0-0proxy.tserv.se,Unknown
