entry,reference
zzz.commailfreeonline.com,Unknown
zz.beststudentloansx.org,Unknown
zxpi.my.id,Unknown
zupka.anglik.org,Unknown
zumstein64.coolyarddecorations.com,Unknown
zsgi.78.ngab.email,Unknown
zsart.cdu.pl,Unknown
zs.laste.ml,Unknown
zri.laste.ml,Unknown
zqid.laste.ml,Unknown
zq.laste.ml,Unknown
zp.laste.ml,Unknown
zona.enjela.xyz,Unknown
zombo.igg.biz,Unknown
znv.laste.ml,Unknown
znm.laste.ml,Unknown
znb.laste.ml,Unknown
zis.netmail.tk,Unknown
zipzaprap.beerolympics.se,Unknown
zhouemail.510520.org,Unknown
zfvi.laste.ml,Unknown
zeubez.pr.rinaldo.id,Unknown
zetaquebec.wollomail.top,Unknown
zero.wrengostic.com,Unknown
zero.poisedtoshrike.com,Unknown
zero.ploooop.com,Unknown
zero.oldoutnewin.com,Unknown
zero.makingdomes.com,Unknown
zero.hellohappy2.com,Unknown
zero.cowsnbullz.com,Unknown
zero.citetick.com,Unknown
zero.360ezzz.com,Unknown
zenker.spicysallads.com,Unknown
zen.nieok.com,Unknown
zedx.laste.ml,Unknown
zec.kamu.cf,Unknown
ze3.my.id,Unknown
ze.gally.jp,Unknown
zcl.laste.ml,Unknown
zapf57.leatherdocumentbags.com,Unknown
zaner11.tastyarabicacoffee.com,Unknown
zane.prometheusx.pl,Unknown
zak.laste.ml,Unknown
zahn42.antiquerestorationwork.com,Unknown
zabfbuaudmf.laste.ml,Unknown
z0210.gmailmirror.com,Unknown
z.thepinkbee.com,Unknown
z.polosburberry.com,Unknown
yyt.resolution4print.info,Unknown
yyb.laste.ml,Unknown
yxse.laste.ml,Unknown
yxd.laste.ml,Unknown
ywzd.laste.ml,Unknown
ywhg.laste.ml,Unknown
yuf.laste.ml,Unknown
yue.universallightkeys.com,Unknown
ytc.future-career.xyz,Unknown
yrnt.laste.ml,Unknown
yr.laste.ml,Unknown
yps.laste.ml,Unknown
ypq.netmail.tk,Unknown
ypaq.laste.ml,Unknown
youtube.comx.cf,Unknown
yourfreemail.streammmail.men,Unknown
your.milltrill.com,Unknown
your.fullemedia-deals.info,Unknown
youporn.igg.biz,Unknown
you.makingdomes.com,Unknown
you.has.dating,Unknown
you.hammerhandz.com,Unknown
you.cowsnbullz.com,Unknown
yor.laste.ml,Unknown
yopmail.ploki.fr,Unknown
yopmail.ozm.fr,Unknown
yopmail.dams.city,Unknown
yop.uuii.in,Unknown
yop.tv-sante.com,Unknown
yop.too.li,Unknown
yop.smeux.com,Unknown
yop.profmusique.com,Unknown
yop.moolee.net,Unknown
yop.mc-fly.be,Unknown
yop.mabox.eu,Unknown
yop.kyriog.fr,Unknown
yop.itram.es,Unknown
yop.fexp.io,Unknown
yop.0x01.gq,Unknown
yolanda.1amail.top,Unknown
yogikarif.my.id,Unknown
yod.netmail.tk,Unknown
yo.laste.ml,Unknown
yn.laste.ml,Unknown
ymail.villien.net,Unknown
ymail.ploki.fr,Unknown
ym.digi-value.fr,Unknown
ym.cypi.fr,Unknown
ylv.laste.ml,Unknown
yk.laste.ml,Unknown
yin.mktg.monster,Unknown
yhei.laste.ml,Unknown
yh.laste.ml,Unknown
ygh.laste.ml,Unknown
yf.laste.ml,Unknown
yert.ye.vc,Unknown
yellow.igg.biz,Unknown
yellow.hotakama.tk,Unknown
year.ploooop.com,Unknown
year.pancingqueen.com,Unknown
year.oldoutnewin.com,Unknown
year.hammerhandz.com,Unknown
year.cowsnbullz.com,Unknown
yd.laste.ml,Unknown
ybc.laste.ml,Unknown
yankeeecho.wollomail.top,Unknown
yandex.comx.cf,Unknown
yamane87.modernsailorclothes.com,Unknown
yahuu.com.uk,Unknown
yahoo.tmpeml.com,Unknown
yahoo.orinmail.com,Unknown
yahoo.netmail.tk,Unknown
yahoo.comx.cf,Unknown
yahoo.comoo.com,Unknown
yahoo.com.holmatrousa.com,Unknown
yahoo.com.es.peyekkolipi.buzz,Unknown
yahoo.com.ag,Unknown
yahoo.co.uk.vcslovers.xyz,Unknown
yahoo.co.au,Unknown
yadira.jaylyn.paris-gmail.top,Unknown
y2ube.comx.cf,Unknown
y2b.comx.cf,Unknown
y.polosburberry.com,Unknown
y.lochou.fr,Unknown
y.dldweb.info,Unknown
y.bcb.ro,Unknown
xz.laste.ml,Unknown
xytjjucfljt.atm.pl,Unknown
xxl.rzeszow.pl,Unknown
xwg.laste.ml,Unknown
xtlf.laste.ml,Unknown
xr3.elk.pl,Unknown
xpx.laste.ml,Unknown
xpost.6t.pl,Unknown
xp.laste.ml,Unknown
xow.laste.ml,Unknown
xncm.netmail.tk,Unknown
xn--sd-pla.elk.pl,Unknown
xmgj.laste.ml,Unknown
xl.laste.ml,Unknown
xing886.uu.gl,Unknown
xijjfjoo.turystyka.pl,Unknown
xibm.laste.ml,Unknown
xhee.laste.ml,Unknown
xg.laste.ml,Unknown
xfx.laste.ml,Unknown
xf.sluteen.com,Unknown
xd.laste.ml,Unknown
xcell.ukfreedom.com,Unknown
xb8qnl.gerek.live,Unknown
xavnotes.instambox.com,Unknown
xaqf.laste.ml,Unknown
x.yeastinfectionnomorenow.com,Unknown
x.waterpurifier.club,Unknown
x.tonno.tk,Unknown
x.tonno.ml,Unknown
x.tonno.gq,Unknown
x.tonno.cf,Unknown
x.puk.ro,Unknown
x.polosburberry.com,Unknown
x.nadazero.net,Unknown
x.marrone.cf,Unknown
x.host-001.eu,Unknown
x.fackme.gq,Unknown
x.emailfake.ml,Unknown
x.dc74.ml,Unknown
x.dc74.cf,Unknown
x.crazymail.website,Unknown
x.coloncleanse.club,Unknown
x.bigpurses.org,Unknown
x.0x01.tk,Unknown
wy.laste.ml,Unknown
wxpremz.my.id,Unknown
www2.htruckzk.biz,Unknown
www1.hotmobilephoneoffers.com,Unknown
wwu.edu.smtp.free-ssl.biz,Unknown
ww.ceomail.xyz,Unknown
wvh.wirelax.com,Unknown
wvh.variots.com,Unknown
wvh.suspent.com,Unknown
wvh.scoldly.com,Unknown
wvh.ragnortheblue.com,Unknown
wvh.pushpophop.com,Unknown
wvh.pancingqueen.com,Unknown
wvh.goinglownow.com,Unknown
wvh.estabbi.com,Unknown
wvh.boringverse.com,Unknown
wvh.blurelizer.com,Unknown
wuvy1d.marymarshall.co.uk,Unknown
wtir.laste.ml,Unknown
wtf.astyx.fun,Unknown
wt2.orangotango.cf,Unknown
wrong.bthow.com,Unknown
writersblock.freshbreadcrumbs.com,Unknown
write.trekhq.click,Unknown
write.travellabs.click,Unknown
write.travelhub.click,Unknown
write.opengambol.click,Unknown
write.festivalday.click,Unknown
write.cruiselabs.click,Unknown
wr.zanycabs.com,Unknown
wr.scoldly.com,Unknown
wr.qwertylock.com,Unknown
wr.pancingqueen.com,Unknown
wr.moeri.org,Unknown
wr.memberty.com,Unknown
wr.eastworldwest.com,Unknown
wr.carmanial.com,Unknown
wr.actices.com,Unknown
wr.360ezzz.com,Unknown
wow.royalbrandco.tk,Unknown
would.wrengostic.com,Unknown
would.radities.com,Unknown
would.poisedtoshrike.com,Unknown
would.ploooop.com,Unknown
would.hammerhandz.com,Unknown
would.foodforhat.com,Unknown
would.cowsnbullz.com,Unknown
worry.obask.com,Unknown
workmail.himky.com,Unknown
work.oldoutnewin.com,Unknown
work.obask.com,Unknown
work.fanficforum.com,Unknown
wood.antiquerestorationwork.com,Unknown
wmz.laste.ml,Unknown
wml.tyrex.cf,Unknown
wml.idea-makers.tk,Unknown
wkac.laste.ml,Unknown
wjln.laste.ml,Unknown
wix.ptcu.dev,Unknown
wix.creou.dev,Unknown
witry.plasticvouchercards.com,Unknown
withee98.secondhandhomeappliances.com,Unknown
with.ploooop.com,Unknown
with.oldoutnewin.com,Unknown
with.hellohappy2.com,Unknown
witchey.coolyarddecorations.com,Unknown
winter.yiftydeas.com,Unknown
wink.5amail.top,Unknown
wines.searates.info,Unknown
windrawidyastika.my.id,Unknown
windows.sos.pl,Unknown
williamson.bgstoryengineringa.com,Unknown
will.radities.com,Unknown
will.poisedtoshrike.com,Unknown
will.ploooop.com,Unknown
will.milltrill.com,Unknown
will.hammerhandz.com,Unknown
will.freog.com,Unknown
will.fanficforum.com,Unknown
wilensky.cheap3ddigitalcameras.com,Unknown
wilburn.prometheusx.pl,Unknown
wiki.8191.at,Unknown
wiechmann26.browndecorationlights.com,Unknown
widmar98.universallightkeys.com,Unknown
wice.futuristicplanemodels.com,Unknown
wiadomosc.pisz.pl,Unknown
why.wrengostic.com,Unknown
why.warboardplace.com,Unknown
why.vocating.com,Unknown
why.sudeu.com,Unknown
why.hammerhandz.com,Unknown
why.cowsnbullz.com,Unknown
wholey.browndecorationlights.com,Unknown
whole.bthow.com,Unknown
who.poisedtoshrike.com,Unknown
who.cowsnbullz.com,Unknown
whiskeygolf.wollomail.top,Unknown
while.ruimz.com,Unknown
which.wrengostic.com,Unknown
which.quirkymeme.com,Unknown
which.poisedtoshrike.com,Unknown
which.cowsnbullz.com,Unknown
whgi.laste.ml,Unknown
when.ploooop.com,Unknown
wheeington88.futuristicplanemodels.com,Unknown
what.wrengostic.com,Unknown
what.rowrowleft.com,Unknown
what.oldoutnewin.com,Unknown
what.heartmantwo.com,Unknown
what.cowsnbullz.com,Unknown
wg.laste.ml,Unknown
wfz.flymail.tk,Unknown
westpalnlas8936.lofteone.ru,Unknown
wesmailer.comdmaildd.com,Unknown
wer.zanycabs.com,Unknown
wer.vocalmajoritynow.com,Unknown
wer.variots.com,Unknown
wer.scoldly.com,Unknown
wer.ragnortheblue.com,Unknown
wer.qwertylock.com,Unknown
wer.kellergy.com,Unknown
wer.hellohappy2.com,Unknown
wer.ez.lv,Unknown
wer.estabbi.com,Unknown
wer.dummyfox.com,Unknown
wer.dobunny.com,Unknown
wer.consored.com,Unknown
wer.carmanial.com,Unknown
wer.blurelizer.com,Unknown
well.poisedtoshrike.com,Unknown
well.ploooop.com,Unknown
well.hammerhandz.com,Unknown
well.brainhard.net,Unknown
wekenmann46.modernsailorclothes.com,Unknown
weigh.bthow.com,Unknown
weidner63.silkwomenshirts.com,Unknown
weichel.nicewoodenbaskets.com,Unknown
wegley51.fancycarnavalmasks.com,Unknown
wefjo.grn.cc,Unknown
weeds.6amail.top,Unknown
wedding.webhostingwebsite.info,Unknown
wecare.thegambol.click,Unknown
wecare.religiousfestival.click,Unknown
wecare.gethike.click,Unknown
wecare.flipapp.click,Unknown
webx5.royal-almas.it,Unknown
webmark.eting.org,Unknown
webmail.kolmpuu.net,Unknown
webmail.inc.gs,Unknown
webmail.igg.biz,Unknown
web.ilink.website,Unknown
web.discard-email.cf,Unknown
web-mail.igg.biz,Unknown
wear.favbat.com,Unknown
wead79.ceramiccoffecups.com,Unknown
we.qq.my,Unknown
we.poisedtoshrike.com,Unknown
we.pancingqueen.com,Unknown
we.oldoutnewin.com,Unknown
we.frienced.com,Unknown
we-are.idea-makers.tk,Unknown
wdd.laste.ml,Unknown
wczasy.nom.pl,Unknown
wczasy.nad.morzem.pl,Unknown
wc.pisskegel.de,Unknown
wbsv.laste.ml,Unknown
way.zanycabs.com,Unknown
way.poisedtoshrike.com,Unknown
way.oldoutnewin.com,Unknown
way.bthow.com,Unknown
watch.bthow.com,Unknown
wasteland.rfc822.org,Unknown
wassermann.freshbreadcrumbs.com,Unknown
wasd.netmail.tk,Unknown
wasd.10mail.tk,Unknown
warm.numaze.com,Unknown
want.wrengostic.com,Unknown
want.poisedtoshrike.com,Unknown
want.oldoutnewin.com,Unknown
want.intained.com,Unknown
want.fanficforum.com,Unknown
wallus.casinokun.hu,Unknown
walj.laste.ml,Unknown
wald1.cheap3ddigitalcameras.com,Unknown
wah.laste.ml,Unknown
wadz.laste.ml,Unknown
wacamole.soynashi.tk,Unknown
wa.itsminelove.com,Unknown
w5.9o9pkbwg.buzz,Unknown
w4.9o9pkbwg.buzz,Unknown
w3.9o9pkbwg.buzz,Unknown
w2.9o9pkbwg.buzz,Unknown
w1.9o9pkbwg.buzz,Unknown
w.satan.igg.biz,Unknown
w.polosburberry.com,Unknown
w.gsasearchengineranker.xyz,Unknown
w.extenwer.com,Unknown
w.comeddingwhoesaleusa.com,Unknown
w.0w.ro,Unknown
vzwu.laste.ml,Unknown
vzj.laste.ml,Unknown
vz.laste.ml,Unknown
vxc.edgac.com,Unknown
vvvvv.n8.biz,Unknown
vvv.7c.org,Unknown
vsh.laste.ml,Unknown
vsdw.laste.ml,Unknown
vrij.yoshisad.com,Unknown
vrij.suspent.com,Unknown
vrij.ragnortheblue.com,Unknown
vrij.mondard.com,Unknown
vrij.makingdomes.com,Unknown
vrij.kellergy.com,Unknown
vrij.goinglownow.com,Unknown
vrij.dummyfox.com,Unknown
vrij.dobunny.com,Unknown
vreeland.agencja-csk.pl,Unknown
vrce.zoomingabout.com,Unknown
vrce.scoldly.com,Unknown
vrce.qwertylock.com,Unknown
vrce.findingperry.com,Unknown
vrce.estabbi.com,Unknown
vrce.actices.com,Unknown
vqs.laste.ml,Unknown
vpw.laste.ml,Unknown
vp.ycare.de,Unknown
vp.laste.ml,Unknown
vory.warboardplace.com,Unknown
vory.suspent.com,Unknown
vory.qwertylock.com,Unknown
vory.pushpophop.com,Unknown
vory.m8sbeingm8s.com,Unknown
vory.joyrideday.com,Unknown
vory.heartmantwo.com,Unknown
vory.foodforhat.com,Unknown
vory.estaxy.com,Unknown
vory.eastworldwest.com,Unknown
vory.carmanial.com,Unknown
vory.360ezzz.com,Unknown
vops.laste.ml,Unknown
volckmann.latestconsolegames.com,Unknown
void.maride.cc,Unknown
voicej.glsupposek.com,Unknown
vns.laste.ml,Unknown
vmaryus.iogmail.com.urbanban.com,Unknown
vlhh.laste.ml,Unknown
vissering35.newpopularwatches.com,Unknown
visa.coms.hk,Unknown
virus.zaols.com,Unknown
vip.stu.office.gy,Unknown
vip.mailedu.de,Unknown
vip.ep77.com,Unknown
vip.elumail.com,Unknown
vip.dmtc.press,Unknown
vip.boxmaill.com,Unknown
vip.222.ac.cn,Unknown
vineee.tmpmail.org,Unknown
vifs.laste.ml,Unknown
vifo.laste.ml,Unknown
videos.zonerig.com,Unknown
videos.poisedtoshrike.com,Unknown
videos.mothere.com,Unknown
videos.maildin.com,Unknown
videos.hammerhandz.com,Unknown
videos.foodforhat.com,Unknown
videos.fanficforum.com,Unknown
video.oldoutnewin.com,Unknown
video.hammerhandz.com,Unknown
video.cowsnbullz.com,Unknown
victor.romeo.wollomail.top,Unknown
viator.freeinvestoradvice.com,Unknown
via.tokyo.jp,Unknown
vhw.scoldly.com,Unknown
vhw.popautomated.com,Unknown
vhw.pancingqueen.com,Unknown
vhw.inblazingluck.com,Unknown
vhw.housines.com,Unknown
vhw.heartmantwo.com,Unknown
vhw.goinglownow.com,Unknown
vhw.frienced.com,Unknown
vhw.estabbi.com,Unknown
vhhv.tmpeml.com,Unknown
vh.laste.ml,Unknown
vfpk.laste.ml,Unknown
vfgt.laste.ml,Unknown
vewh.laste.ml,Unknown
veve.decisivetalk.com,Unknown
verified.kaosmurah.site,Unknown
vergari86.musclejapancars.com,Unknown
ver002.mildslot.net,Unknown
ver002.mikirslot.org,Unknown
ver001.mikirslot.org,Unknown
velez94.fancycarnavalmasks.com,Unknown
veile.nicewoodenbaskets.com,Unknown
vedovelli.plasticvouchercards.com,Unknown
ve.laste.ml,Unknown
vdnd.laste.ml,Unknown
vdg.laste.ml,Unknown
vdf.laste.ml,Unknown
vcr.zanycabs.com,Unknown
vcr.scoldly.com,Unknown
vcr.intained.com,Unknown
vcr.estaxy.com,Unknown
vcr.estabbi.com,Unknown
vce.suspent.com,Unknown
vce.mondard.com,Unknown
vce.estabbi.com,Unknown
vce.crossandgarlic.com,Unknown
vc.taluabushop.com,Unknown
vbucks.staffingzone.xyz,Unknown
vbnm.my.id,Unknown
vba.rzeszow.pl,Unknown
vawy.laste.ml,Unknown
varuzzo55.freeinvestoradvice.com,Unknown
vanriper20.glasslightbulbs.com,Unknown
vanella68.junkcarsfloridamiami.com,Unknown
v.polosburberry.com,Unknown
v.olvos90.tk,Unknown
v.northibm.com,Unknown
v.jsonp.ro,Unknown
v.0v.ro,Unknown
ux.dob.jp,Unknown
uwjw.laste.ml,Unknown
uvyc.laste.ml,Unknown
utq.laste.ml,Unknown
users.totaldrama.net,Unknown
users.idbloc.co,Unknown
user015.1freehost.site,Unknown
user.peoplesocialspace.com,Unknown
user.bottesuggds.com,Unknown
used.favbat.com,Unknown
use1.zippyq.xyz,Unknown
use.wrengostic.com,Unknown
use.usehike.click,Unknown
use.thecruise.click,Unknown
use.qwertylock.com,Unknown
use.poisedtoshrike.com,Unknown
use.oppositehq.click,Unknown
use.openinvestmentapp.com,Unknown
use.jubileehq.click,Unknown
use.hammerhandz.com,Unknown
use.getcaper.click,Unknown
use.galaday.click,Unknown
use.festivalday.click,Unknown
usaf.dmtc.press,Unknown
usa.isgre.at,Unknown
us.ploooop.com,Unknown
us.monkeywerks.net,Unknown
us.hammerhandz.com,Unknown
us.droidpic.com,Unknown
us.dlink.gq,Unknown
us.dlink.cf,Unknown
us.camachohome.com,Unknown
us.armymil.com,Unknown
urv.laste.ml,Unknown
urbanhustle.biz.id,Unknown
uqdxyoij.auto.pl,Unknown
uq.laste.ml,Unknown
upw.laste.ml,Unknown
up.yoshisad.com,Unknown
up.wrengostic.com,Unknown
up.scoldly.com,Unknown
up.poisedtoshrike.com,Unknown
up.ploooop.com,Unknown
up.cowsnbullz.com,Unknown
uor.laste.ml,Unknown
uoo.laste.ml,Unknown
unsy3woc.aid.pl,Unknown
union.powds.com,Unknown
uniformpapa.wollomail.top,Unknown
uniform.november.aolmail.top,Unknown
uncle.ruimz.com,Unknown
unch5.housecleaningguides.com,Unknown
un.laste.ml,Unknown
umkmjateng.biz.id,Unknown
ukwt.laste.ml,Unknown
ukolhgfr.mns.uk,Unknown
uk.ploooop.com,Unknown
uk.oldoutnewin.com,Unknown
uk.igg.biz,Unknown
uk.hammerhandz.com,Unknown
uk.carmanial.com,Unknown
ujwo.laste.ml,Unknown
ujuzesyz.swiebodzin.pl,Unknown
uiy.laste.ml,Unknown
uio.laste.ml,Unknown
uhlenkott61.aquadivingaccessories.com,Unknown
uguf.gmail.keitin.site,Unknown
uff.laste.ml,Unknown
uebh.laste.ml,Unknown
uddin55.housecleaningguides.com,Unknown
ucoz.ru.email.temp.com.yt-google.com.gq.almujibun.online,Unknown
uch.laste.ml,Unknown
ucatolica.educ.co,Unknown
ubdu.netmail.tk,Unknown
uaw.yandexx.info,Unknown
uat.laste.ml,Unknown
ua.flextronic.com,Unknown
u2b.comx.cf,Unknown
u1.myftp.name,Unknown
u1.keysale.top,Unknown
u0fg.claychoen.top,Unknown
u03.gmailmirror.com,Unknown
u.qvap.ru,Unknown
u.dmarc.ro,Unknown
u.coloncleanse.club,Unknown
u.civvic.ro,Unknown
u.900k.es,Unknown
u.2sea.org,Unknown
u.10x.es,Unknown
u.0u.ro,Unknown
tzqj.laste.ml,Unknown
tzd.laste.ml,Unknown
tyr.nurikenchana.com,Unknown
twojefinanse.gbzl.pl,Unknown
two.wrengostic.com,Unknown
two.popautomated.com,Unknown
two.haddo.eu,Unknown
two.fackme.gq,Unknown
two.emailfake.ml,Unknown
tv9on.claychoen.top,Unknown
tuu.laste.ml,Unknown
tutu.variots.com,Unknown
tutu.rowrowleft.com,Unknown
tutu.qwertylock.com,Unknown
tutu.m8sbeingm8s.com,Unknown
tutu.housines.com,Unknown
tutu.frienced.com,Unknown
tutu.estabbi.com,Unknown
tutu.eastworldwest.com,Unknown
tutu.dobunny.com,Unknown
tulang.my.id,Unknown
tug.minecraftrabbithole.com,Unknown
ttz.scoldly.com,Unknown
ttz.radities.com,Unknown
ttz.pancingqueen.com,Unknown
ttz.koinfor.com,Unknown
ttz.intained.com,Unknown
ttz.inblazingluck.com,Unknown
ttz.crossandgarlic.com,Unknown
ttj.laste.ml,Unknown
tt.shop-cart.xyz,Unknown
trvl-nl.mediabey.com,Unknown
trvl-en.mediabey.com,Unknown
trvl-de.mediabey.com,Unknown
trump.igg.biz,Unknown
tritsch.modernsailorclothes.com,Unknown
trip.medicaltreatment.beauty,Unknown
trip.bthow.com,Unknown
trillana58.musclejapancars.com,Unknown
triclops.3amail.top,Unknown
trick.zaols.com,Unknown
tree.ploooop.com,Unknown
tree.heartmantwo.com,Unknown
travel.firmen-news.at,Unknown
trash.vikt0ry.com,Unknown
trash.mail24.vip,Unknown
trash.lapier.re,Unknown
translate.google.com.au.aunmodon.com,Unknown
trail.bthow.com,Unknown
tracky.heatraffic.online,Unknown
tracker.peacled.xyz,Unknown
track6.boostsale.live,Unknown
track2.onlinepaidjobs.me,Unknown
track1.onlinepaidjobs.me,Unknown
track.healthme.one,Unknown
tr.pozycjonowanie8.pl,Unknown
tp.laste.ml,Unknown
toys.dogsupplies4sale.com,Unknown
toyota.cellica.com,Unknown
toviqrosadi.tamasia.org,Unknown
toviqrosadi.pageone.id,Unknown
toviqrosadi.jasaseo.me,Unknown
toviqrosadi.beritahajidanumroh.com,Unknown
top.wrengostic.com,Unknown
top.pushpophop.com,Unknown
top.ploooop.com,Unknown
top.oldoutnewin.com,Unknown
top.mondard.com,Unknown
top.droidpic.com,Unknown
tooth.favbat.com,Unknown
tooth.8amail.top,Unknown
tools.luckympovip.com,Unknown
tomsic.fastlasermouses.com,Unknown
tombrello84.cheapgreenteabags.com,Unknown
tokolama.my.id,Unknown
todo148.glasslightbulbs.com,Unknown
to.wrengostic.com,Unknown
to.ploooop.com,Unknown
to.makingdomes.com,Unknown
to.cowsnbullz.com,Unknown
tmzh8pcp.agro.pl,Unknown
tmt.steinermolanoigens.org,Unknown
tmp.x-lab.net,Unknown
tmp.thot.live,Unknown
tmp.refi64.com,Unknown
tmp.mail.e1645.ml,Unknown
tmp.k3a.me,Unknown
tmp.bte.edu.vn,Unknown
tmail.mmomekong.com,Unknown
tm.tosunkaya.com,Unknown
tm.slsrs.ru,Unknown
tm.mail4.in,Unknown
tiny.ms1.email,Unknown
tiny.itemxyz.com,Unknown
tiny.dobunny.com,Unknown
tiny.cowsnbullz.com,Unknown
tiny.carmanial.com,Unknown
timmer.fancycarnavalmasks.com,Unknown
time.wrengostic.com,Unknown
time.ploooop.com,Unknown
time.oldoutnewin.com,Unknown
time.cowsnbullz.com,Unknown
tikkanen39.leathermenshoes.com,Unknown
tij45u835348y228.freewebhosting.com.bd,Unknown
ti.laste.ml,Unknown
ti.igg.biz,Unknown
throwawaymail.uu.gl,Unknown
three.fackme.gq,Unknown
three.emailfake.ml,Unknown
thr.laste.ml,Unknown
thornley66.softhandscream.com,Unknown
thomsonmail.us.pn,Unknown
thoen59.universallightkeys.com,Unknown
thisemailis.absolutelyleg.it,Unknown
this.ploooop.com,Unknown
this.oldoutnewin.com,Unknown
third.vocalmajoritynow.com,Unknown
think.wrengostic.com,Unknown
think.relucius.com,Unknown
think.hammerhandz.com,Unknown
think.freog.com,Unknown
think.foodforhat.com,Unknown
think.factorican.com,Unknown
they.warboardplace.com,Unknown
they.ploooop.com,Unknown
they.oldoutnewin.com,Unknown
they.hammerhandz.com,Unknown
they.discopied.com,Unknown
they.cowsnbullz.com,Unknown
they.codyting.com,Unknown
these.zaols.com,Unknown
these.rowrowleft.com,Unknown
these.poisedtoshrike.com,Unknown
these.ploooop.com,Unknown
these.mondard.com,Unknown
these.freog.com,Unknown
these.actices.com,Unknown
there.poisedtoshrike.com,Unknown
there.makingdomes.com,Unknown
there.hammerhandz.com,Unknown
there.eastworldwest.com,Unknown
there.cowsnbullz.com,Unknown
there.blurelizer.com,Unknown
then.ploooop.com,Unknown
then.oldoutnewin.com,Unknown
then.hammerhandz.com,Unknown
then.cowsnbullz.com,Unknown
themail.krd.ag,Unknown
them.zanycabs.com,Unknown
them.poisedtoshrike.com,Unknown
their.wrengostic.com,Unknown
their.radities.com,Unknown
their.oldoutnewin.com,Unknown
their.hammerhandz.com,Unknown
their.britted.com,Unknown
theilen93.junkcarsfloridamiami.com,Unknown
the.poisedtoshrike.com,Unknown
the.cowsnbullz.com,Unknown
the.celebrities-duels.com,Unknown
that.trillania.com,Unknown
that.radities.com,Unknown
that.hammerhandz.com,Unknown
than.zanycabs.com,Unknown
than.wirelax.com,Unknown
than.shamroad.com,Unknown
than.popautomated.com,Unknown
than.poisedtoshrike.com,Unknown
than.hammerhandz.com,Unknown
than.blurelizer.com,Unknown
thamaxtime.3dxtras.com,Unknown
thalia.annette.montreal5.top,Unknown
tgws.laste.ml,Unknown
tfkc.laste.ml,Unknown
test2.servicekomp.com.ua,Unknown
test1.glutabelle.my.id,Unknown
test.onewhitelabel.com,Unknown
test.inclick.net,Unknown
test.crowdpress.it,Unknown
test.actess.fr,Unknown
tes.laste.ml,Unknown
terussukses.my.id,Unknown
terb.laste.ml,Unknown
teraz.artykulostrada.pl,Unknown
tepas.my.id,Unknown
tend.favbat.com,Unknown
tempr.email.viola.gq,Unknown
tempr.bauza-it.de,Unknown
temporary.mcedu.ga,Unknown
tempmail.yjml.net,Unknown
tempmail.wizardmail.tech,Unknown
tempmail.j78.org,Unknown
tempmail.altmails.com,Unknown
tempemail.daniel-james.me,Unknown
temp.yopmail.cc,Unknown
temp.wheezer.net,Unknown
temp.ramdi.tk,Unknown
temp.qwertz.me,Unknown
temp.meshari.dev,Unknown
temp.matthancock.me,Unknown
temp.mail.y59.jp,Unknown
temp.kasidate.me,Unknown
temp.ig96.net,Unknown
temp.emeraldwebmail.com,Unknown
temp.bauza-it.de,Unknown
temp.bartdevos.be,Unknown
temp.aogoen.com,Unknown
teie.laste.ml,Unknown
tehkotak.my.id,Unknown
tegifehurez.glogow.pl,Unknown
techmail.my.id,Unknown
tebuwung.my.id,Unknown
teams87.meethelps.click,Unknown
teams72.contactslbs.click,Unknown
teams71.contcthq.click,Unknown
teams68.trylinkbuildng.click,Unknown
teams.supportsly.click,Unknown
teamrejo.my.id,Unknown
teamblade.my.id,Unknown
team81.boozeclub.click,Unknown
team76.getcontcts.click,Unknown
team76.contctsly.click,Unknown
team76.contctly.click,Unknown
team75.thesupprts.click,Unknown
team72.contactslbs.click,Unknown
team71.contcthq.click,Unknown
team68.trylinkbuildng.click,Unknown
team68.supportapp.click,Unknown
team66.contctshq.click,Unknown
team47.contactpp.click,Unknown
team28.teamslabs.click,Unknown
team101.contcthq.click,Unknown
team1.opensupports.click,Unknown
team.tryhelps.click,Unknown
team.travelservice4u.com,Unknown
team.travellerapp.click,Unknown
team.touristtrap.click,Unknown
team.supportshub.click,Unknown
team.supportshq.click,Unknown
team.strategyconsulting.click,Unknown
team.staycation.click,Unknown
team.openteams.click,Unknown
team.monthoff.click,Unknown
team.gethlp.site,Unknown
teaching.kategoriblog.com,Unknown
teacher.ktktbp.edu.vn,Unknown
te.laste.ml,Unknown
te.caseedu.tk,Unknown
tcm.kkh-rinteln.de,Unknown
tc.vipset.me,Unknown
tattoo.5amail.top,Unknown
taton94.spicysallads.com,Unknown
tatis.italiancarairbags.com,Unknown
taryn.kaylyn.101livemail.top,Unknown
tarrants95.leatherdocumentbags.com,Unknown
tape.favbat.com,Unknown
tantum1.softhandscream.com,Unknown
tangocharlie.101livemail.top,Unknown
take.memberty.com,Unknown
take.housines.com,Unknown
take.hammerhandz.com,Unknown
take.dobunny.com,Unknown
take.360ezzz.com,Unknown
tags.5amail.top,Unknown
taggert36.refurbishedlaserscanners.com,Unknown
tae.simplexion.pm,Unknown
tab.zoomingabout.com,Unknown
tab.poisedtoshrike.com,Unknown
tab.hellohappy2.com,Unknown
ta.laste.ml,Unknown
t.zibet.net,Unknown
t.woeishyang.com,Unknown
t.remailt.net,Unknown
t.psh.me,Unknown
t.polosburberry.com,Unknown
t.119fk.com,Unknown
szok.xcl.pl,Unknown
szesc.wiadomosc.pisz.pl,Unknown
szerokarzeka.elblag.pl,Unknown
sylwester.podhale.pl,Unknown
sylva.cheap3ddigitalcameras.com,Unknown
syakilanabil.my.id,Unknown
sxen.laste.ml,Unknown
sxe.laste.ml,Unknown
sxb.laste.ml,Unknown
swofford80.silkbeachtowels.com,Unknown
swierenga.fastlasermouses.com,Unknown
swaisgood.universallightkeys.com,Unknown
svywkabolml.pc.pl,Unknown
svy.laste.ml,Unknown
svmail1.clonechatluong.net,Unknown
svargacakra.biz.id,Unknown
sustowin.srjax.ga,Unknown
surdaqwv.priv.pl,Unknown
supports68.trylinkbuildng.click,Unknown
supports.supportsly.click,Unknown
support90.helpsapp.click,Unknown
support87.meethelps.click,Unknown
support82.customercares24.info,Unknown
support81.boozeclub.click,Unknown
support80.theteam.click,Unknown
support80.getteams.click,Unknown
support76.getcontcts.click,Unknown
support76.contctsly.click,Unknown
support76.contctly.click,Unknown
support72.contactslbs.click,Unknown
support71.contcthq.click,Unknown
support68.trylinkbuildng.click,Unknown
support66.contctshq.click,Unknown
support47.contactpp.click,Unknown
support101.contcthq.click,Unknown
support1.opensupports.click,Unknown
support.turnon.click,Unknown
support.trytravel.click,Unknown
support.tryhike.click,Unknown
support.tryhelps.click,Unknown
support.travelservice4u.com,Unknown
support.travelly.click,Unknown
support.travellerapp.click,Unknown
support.thesupport.click,Unknown
support.switchon.click,Unknown
support.supportshub.click,Unknown
support.supportshq.click,Unknown
support.setoffly.click,Unknown
support.scamperly.click,Unknown
support.openteams.click,Unknown
support.openinvestmentapp.com,Unknown
support.jubileehq.click,Unknown
support.hikelabs.click,Unknown
support.gethlp.site,Unknown
support.galaday.click,Unknown
support.feastday.click,Unknown
superemail.kalisz.pl,Unknown
supercom.my.id,Unknown
sun.favbat.com,Unknown
sulitnya.my.id,Unknown
sulat.horiba.cf,Unknown
sukadia.my.id,Unknown
sujjn9qz.pc.pl,Unknown
suhendra.lagidemo.com,Unknown
suggest.usehike.click,Unknown
suggest.triggerly.click,Unknown
suggest.makeablunder.click,Unknown
suggest.gambolhq.click,Unknown
suggest.fauxpas.click,Unknown
suggest.caperly.click,Unknown
sugar169.browndecorationlights.com,Unknown
subdom.gemstax.com,Unknown
sub3.performicsde.com,Unknown
stuff.munrohk.com,Unknown
students.wcps.net,Unknown
students.taiwanccedu.studio,Unknown
students.rcedu.team,Unknown
students.leeschool.net,Unknown
student.uum.edu.my.kecapasin.buzz,Unknown
student.tp.edu.sg.ehmhondajazz.buzz,Unknown
student.himky.com,Unknown
student.edu.creo.tips,Unknown
student.cpit.ac.nz.wayaengopi.buzz,Unknown
student.base101.com,Unknown
stuchlik.newpopularwatches.com,Unknown
stu.lmstd.com,Unknown
stu.ktktbp.edu.vn,Unknown
sts.hitachirail.tk,Unknown
sts.hitachirail.ml,Unknown
sts.hitachirail.gq,Unknown
sts.hitachirail.ga,Unknown
sts.hitachirail.cf,Unknown
sts.ansaldo.ml,Unknown
sts.ansaldo.gq,Unknown
sts.ansaldo.ga,Unknown
sts.ansaldo.cf,Unknown
stronnica.pila.pl,Unknown
strona.goinfo.pl,Unknown
strider92.plasticvouchercards.com,Unknown
street.suspent.com,Unknown
street.oldoutnewin.com,Unknown
street.hammerhandz.com,Unknown
street.aquadivingaccessories.com,Unknown
str5.doramm.com.pl,Unknown
str2.doramm.com.pl,Unknown
str1.doramm.com.pl,Unknown
story.favbat.com,Unknown
storm.cloudwatch.net,Unknown
store2.abunaumv1.me,Unknown
store.poisedtoshrike.com,Unknown
store.oldoutnewin.com,Unknown
store.hellomotow.net,Unknown
store.cowsnbullz.com,Unknown
store.britted.com,Unknown
stielau.cheap3ddigitalcameras.com,Unknown
steueetxznd.media.pl,Unknown
stellmacher63.cheap3ddigitalcameras.com,Unknown
steams75.thesupprts.click,Unknown
steam.pushpophop.com,Unknown
steam.poisedtoshrike.com,Unknown
steam.oldoutnewin.com,Unknown
steam.fanficforum.com,Unknown
statics.my.id,Unknown
state.bthow.com,Unknown
star.poisedtoshrike.com,Unknown
star.ploooop.com,Unknown
stage95.silkbeachtowels.com,Unknown
stablemail.igg.biz,Unknown
st1.vvsmail.com,Unknown
ssmg.laste.ml,Unknown
ss.0x01.tk,Unknown
srrvy25q.atm.pl,Unknown
sre.variots.com,Unknown
sre.m8sbeingm8s.com,Unknown
sre.estabbi.com,Unknown
sre.dummyfox.com,Unknown
sre.actices.com,Unknown
sr.ro.lt,Unknown
spura2.com.mz,Unknown
spot.wrengostic.com,Unknown
spot.popautomated.com,Unknown
spot.poisedtoshrike.com,Unknown
spot.oldoutnewin.com,Unknown
spot.milltrill.com,Unknown
spot.iskba.com,Unknown
spot.cowsnbullz.com,Unknown
sport-portalos.com.uk,Unknown
spoon85.cheap3ddigitalcameras.com,Unknown
spmy.netpage.dk,Unknown
split.numaze.com,Unknown
split.bthow.com,Unknown
spiegle59.cheapgreenteabags.com,Unknown
speed.hexhost.pl,Unknown
spambox.irishspringrealty.com,Unknown
spamail.typhon.ga,Unknown
spam.wulczer.org,Unknown
spam.wtf.at,Unknown
spam.visuao.net,Unknown
spam.viola.gq,Unknown
spam.trajano.net,Unknown
spam.tla.ro,Unknown
spam.shep.pw,Unknown
spam.quillet.eu,Unknown
spam.pyphus.org,Unknown
spam.popcorp.eu,Unknown
spam.ozh.org,Unknown
spam.orangotango.ml,Unknown
spam.netpirates.net,Unknown
spam.nem.ec,Unknown
spam.mccrew.com,Unknown
spam.lyceum-life.com.ru,Unknown
spam.lucatnt.com,Unknown
spam.loldongs.org,Unknown
spam.kernel42.com,Unknown
spam.jasonpearce.com,Unknown
spam.janlugt.nl,Unknown
spam.igg.biz,Unknown
spam.hortuk.ovh,Unknown
spam.fassagforpresident.ga,Unknown
spam.dnsx.xyz,Unknown
spam.dhsf.net,Unknown
spam.dexter0.xyz,Unknown
spam.coroiu.com,Unknown
spam.aleh.de,Unknown
spam.9001.ovh,Unknown
spam.2012-2016.ru,Unknown
spam.0x01.tk,Unknown
spam-b.porco.cf,Unknown
spam-a.porco.cf,Unknown
space.favbat.com,Unknown
space.cowsnbullz.com,Unknown
sp.woot.at,Unknown
sopingi.my.id,Unknown
soodam.disbox.org,Unknown
some.ploooop.com,Unknown
some.oldoutnewin.com,Unknown
some.hammerhandz.com,Unknown
some.fanficforum.com,Unknown
some.cowsnbullz.com,Unknown
solutions.vacayly.click,Unknown
solutions.usehike.click,Unknown
solutions.triggerly.click,Unknown
solutions.theflip.click,Unknown
solutions.switchon.click,Unknown
solutions.meetflip.click,Unknown
solutions.gethike.click,Unknown
solutions.getflip.click,Unknown
solutions.getcruise.click,Unknown
solutions.fliplabs.click,Unknown
solution.turnonhub.click,Unknown
solution.travelwifi.click,Unknown
solution.theturnon.click,Unknown
solution.hikelabs.click,Unknown
solution.getturnon.click,Unknown
solution.getgambol.click,Unknown
soltur.bogatynia.net.pl,Unknown
solomons97.futuristicplanemodels.com,Unknown
solar.emailind.com,Unknown
sohai.musclejapancars.com,Unknown
so.eastworldwest.com,Unknown
so.360ezzz.com,Unknown
snow.2amail.top,Unknown
snout.9amail.top,Unknown
sncu.laste.ml,Unknown
snail.7amail.top,Unknown
smtp.zdpuppyiy.com,Unknown
smtp.yourssecuremail.com,Unknown
smtp.yourbrandsites.com,Unknown
smtp.yonaki.xyz,Unknown
smtp.yahoa.top,Unknown
smtp.xilinous.xyz,Unknown
smtp.xenakenak.xyz,Unknown
smtp.xaudep.com,Unknown
smtp.wybuwy.xyz,Unknown
smtp.wpower.info,Unknown
smtp.winwinus.xyz,Unknown
smtp.wholesalecheapfootballjerseys.com,Unknown
smtp.whitealligator.info,Unknown
smtp.wheelingfoods.net,Unknown
smtp.w-shoponline.info,Unknown
smtp.viewtechnology.info,Unknown
smtp.victeams.net,Unknown
smtp.varen8.com,Unknown
smtp.vanturtransfer.com,Unknown
smtp.uukx.info,Unknown
smtp.uksnapbackhat.com,Unknown
smtp.tripsterfoodies.net,Unknown
smtp.tpass.xyz,Unknown
smtp.toped303.com,Unknown
smtp.thedentalshop.xyz,Unknown
smtp.tesiov.info,Unknown
smtp.tamanta.net,Unknown
smtp.szela.org,Unknown
smtp.stivendigital.club,Unknown
smtp.steampot.xyz,Unknown
smtp.somsupport.xyz,Unknown
smtp.sneakyreviews.com,Unknown
smtp.snapboosting.com,Unknown
smtp.smtp.wificon.eu,Unknown
smtp.smtp.varaunited.in,Unknown
smtp.smtp.taher.pw,Unknown
smtp.smtp.swieszewo.pl,Unknown
smtp.smtp.sunsetclub.pl,Unknown
smtp.smtp.smtp.ferryardianaliasemailgenerator.ga,Unknown
smtp.smtp.realtreff24.de,Unknown
smtp.smtp.onmicro.me,Unknown
smtp.smtp.lylilupuzy.pl,Unknown
smtp.smtp.jnckteam.eu,Unknown
smtp.smtp.inspirationzuhause.me,Unknown
smtp.smtp.gcantikored.pw,Unknown
smtp.smtp.ferryardianaliasemailgenerator.ml,Unknown
smtp.smtp.ferryardianaliasemailgenerator.cf,Unknown
smtp.smtp.f2021.me,Unknown
smtp.smtp.curcuplas.me,Unknown
smtp.smtp.confirmed.in,Unknown
smtp.smtp.balladothris.pw,Unknown
smtp.smtp.atrakcje-na-impreze.pl,Unknown
smtp.smtp.akufry.ml,Unknown
smtp.seputarbet.live,Unknown
smtp.semprulz.net,Unknown
smtp.securethering.com,Unknown
smtp.seawgame99.com,Unknown
smtp.rjtrainingsolutions.com,Unknown
smtp.rawscored.com,Unknown
smtp.rapidbeos.net,Unknown
smtp.randomseantheblogger.xyz,Unknown
smtp.rabihtech.xyz,Unknown
smtp.raanank.com,Unknown
smtp.quebecstart.com,Unknown
smtp.ptgurindam.com,Unknown
smtp.productsproz.com,Unknown
smtp.polyfox.xyz,Unknown
smtp.parkers4events.com,Unknown
smtp.paceforwarders.com,Unknown
smtp.orthopathy.info,Unknown
smtp.onedayyylove.xyz,Unknown
smtp.one.kantad.co.kr,Unknown
smtp.olgsale.top,Unknown
smtp.oceansofwaves.com,Unknown
smtp.ntwteknoloji.com,Unknown
smtp.ntservices.xyz,Unknown
smtp.nootropicstudy.xyz,Unknown
smtp.nitroshine.xyz,Unknown
smtp.mvmusic.top,Unknown
smtp.mrshok.xyz,Unknown
smtp.mlusae.xyz,Unknown
smtp.messagesino.xyz,Unknown
smtp.meibokele.com,Unknown
smtp.medan4d.top,Unknown
smtp.mc-freedom.net,Unknown
smtp.mailsupply.net,Unknown
smtp.lvufaa.xyz,Unknown
smtp.liquidlogisticsmanagement.com,Unknown
smtp.km1iq.xyz,Unknown
smtp.kludio.xyz,Unknown
smtp.kitnastar.com,Unknown
smtp.kinitawowis.xyz,Unknown
smtp.js881111.com,Unknown
smtp.jbegn.info,Unknown
smtp.jacksonsshop.com,Unknown
smtp.internetaa317.xyz,Unknown
smtp.installerflas65786.xyz,Unknown
smtp.infoalgers.info,Unknown
smtp.imgrpost.xyz,Unknown
smtp.huuduc8404.xyz,Unknown
smtp.hobbybeach.com,Unknown
smtp.herbalsumbersehat.com,Unknown
smtp.haqoci.com,Unknown
smtp.handleride.com,Unknown
smtp.hairstylesbase.com,Unknown
smtp.hadeh.xyz,Unknown
smtp.gofsrhr.com,Unknown
smtp.go2021.xyz,Unknown
smtp.getprivacy.xyz,Unknown
smtp.gdmail.top,Unknown
smtp.fortniteskill.com,Unknown
smtp.fitness-india.xyz,Unknown
smtp.espadahost.com,Unknown
smtp.eragan.com,Unknown
smtp.elitemotions.com,Unknown
smtp.electricistaurgente.net,Unknown
smtp.elderflame.xyz,Unknown
smtp.docs.edu.vn,Unknown
smtp.dmailx.com,Unknown
smtp.deshivideos.com,Unknown
smtp.dcom.space,Unknown
smtp.dasayo.xyz,Unknown
smtp.danirafsanjani.com,Unknown
smtp.dangkibum.xyz,Unknown
smtp.cuentaspremium-es.xyz,Unknown
smtp.credit-finder.info,Unknown
smtp.coughone.com,Unknown
smtp.codeangel.xyz,Unknown
smtp.chokodog.xyz,Unknown
smtp.ccvisal.xyz,Unknown
smtp.cadx.edu.pl,Unknown
smtp.bycy.xyz,Unknown
smtp.burakarda.xyz,Unknown
smtp.brownell150.com,Unknown
smtp.bringnode.xyz,Unknown
smtp.bola389.top,Unknown
smtp.betofis.net,Unknown
smtp.betmelli20.com,Unknown
smtp.besttimenews.xyz,Unknown
smtp.beanlignt.com,Unknown
smtp.ballenas.info,Unknown
smtp.augstusproductions.com,Unknown
smtp.aspotgmail.org,Unknown
smtp.aquarianageastrology.com,Unknown
smtp.allfrree.xyz,Unknown
smtp.akanshabhatia.com,Unknown
smtp.airportlimoneworleans.com,Unknown
smtp.airmo.net,Unknown
smtp.afilliyanlizlik.xyz,Unknown
smtp.affogatgaroth.com,Unknown
smtp.advertmix85.xyz,Unknown
smtp.91sedh.xyz,Unknown
smtp.4freemail.org,Unknown
smtp.45kti.xyz,Unknown
smtp.4445jinsha.com,Unknown
smtp.24hschool.xyz,Unknown
smtp.11thhourgospelgroup.com,Unknown
smokey.4amail.top,Unknown
smokes.2amail.top,Unknown
smart.wirelax.com,Unknown
smart.oldoutnewin.com,Unknown
smart.hellohappy2.com,Unknown
smart.hammerhandz.com,Unknown
smart.fr.to,Unknown
smart.findingperry.com,Unknown
smart.britainst.com,Unknown
small.poisedtoshrike.com,Unknown
small.ploooop.com,Unknown
small.makingdomes.com,Unknown
small.goinglownow.com,Unknown
smaakt.naar.gravel,Unknown
sly.3amail.top,Unknown
slp.laste.ml,Unknown
slime.4amail.top,Unknown
sleigh8.softtoiletpaper.com,Unknown
slaskpost.rymdprojekt.se,Unknown
slashdroid.my.id,Unknown
sl.dotnot.pl,Unknown
sky.frienced.com,Unknown
sky.freog.com,Unknown
sky.cowsnbullz.com,Unknown
sky.2amail.top,Unknown
sku.laste.ml,Unknown
sklad.progonrumarket.ru,Unknown
skins.6amail.top,Unknown
sj969uyqr.laste.ml,Unknown
six.fackme.gq,Unknown
six.emailfake.ml,Unknown
sites.hammerhandz.com,Unknown
sites.cowsnbullz.com,Unknown
site.ploooop.com,Unknown
site.hammerhandz.com,Unknown
site.dobunny.com,Unknown
site.12bielsko.pl,Unknown
sink.fblay.com,Unknown
sinegal66.ceramiccoffecups.com,Unknown
simple.xiii.nu,Unknown
simcity.hirsemeier.de,Unknown
silver.rowrowleft.com,Unknown
silver.qwertylock.com,Unknown
silver.iskba.com,Unknown
silver.crossandgarlic.com,Unknown
silver.cowsnbullz.com,Unknown
silver.6amail.top,Unknown
silence.8amail.top,Unknown
sihr.laste.ml,Unknown
sidwell.spicysallads.com,Unknown
sictir.softtoiletpaper.com,Unknown
sickseo.clicksendingserver.com,Unknown
sickseo.catchallhost.com,Unknown
shymske50.freeinvestoradvice.com,Unknown
shurley.cheap3ddigitalcameras.com,Unknown
shuhan.100000872501576.noblegamestudio.com,Unknown
should.mask-my.id,Unknown
shorten.tempm.ml,Unknown
shopp85.fancycarnavalmasks.com,Unknown
shop.winestains.org,Unknown
shop.lalaboutique.com,Unknown
shop.dewatato.xyz,Unknown
shoaf96.plasticvouchercards.com,Unknown
sho94.xpath.site,Unknown
shitmail.3q3.de,Unknown
shitaway.igg.biz,Unknown
shit.bthow.com,Unknown
shine.favbat.com,Unknown
sheep.relucius.com,Unknown
sheep.poisedtoshrike.com,Unknown
sheep.oldoutnewin.com,Unknown
sheep.hammerhandz.com,Unknown
sheep.eshreky.com,Unknown
sheck.newpopularwatches.com,Unknown
she.poisedtoshrike.com,Unknown
she.oldoutnewin.com,Unknown
she.hellohappy2.com,Unknown
she.hammerhandz.com,Unknown
she.britainst.com,Unknown
shaunna86.tastyarabicacoffee.com,Unknown
shall.favbat.com,Unknown
shadow.codelib.re,Unknown
sh.soim.com,Unknown
sf.laste.ml,Unknown
seven.fackme.gq,Unknown
seven.emailfake.ml,Unknown
setokfb.my.id,Unknown
sesu.juxal.org,Unknown
serving.catchallhost.com,Unknown
services.variots.com,Unknown
services.poisedtoshrike.com,Unknown
services.pancingqueen.com,Unknown
services.crossandgarlic.com,Unknown
service.turnonlabs.click,Unknown
service.turnon.click,Unknown
service.tpost.pw,Unknown
service.taketriply.com,Unknown
service.openinvestmentapp.com,Unknown
service.fetely.click,Unknown
service.festivalday.click,Unknown
service.carnivalday.click,Unknown
service.anniversaryly.click,Unknown
server.popautomated.com,Unknown
server.poisedtoshrike.com,Unknown
server.ploooop.com,Unknown
server.fotokolor.hr,Unknown
server.consored.com,Unknown
server.40iq.com,Unknown
seru.nvsphere.com,Unknown
serpop.boleslawirc.pl,Unknown
sergeypetrov.nanolv.com,Unknown
seputarmediasosial.my.id,Unknown
seo.viplink.eu,Unknown
seo.beefirst.pl,Unknown
segonia36.ceramiccoffecups.com,Unknown
seel.fastlasermouses.com,Unknown
seek.bthow.com,Unknown
see.wrengostic.com,Unknown
see.makingdomes.com,Unknown
see.hammerhandz.com,Unknown
see.boringverse.com,Unknown
see.360ezzz.com,Unknown
sedekahbumi.my.id,Unknown
securemail.igg.biz,Unknown
secure.wrengostic.com,Unknown
secure.oldoutnewin.com,Unknown
secure.okay.email.safeds.tk,Unknown
secure.cowsnbullz.com,Unknown
secure.britted.com,Unknown
secure.boringverse.com,Unknown
second.eshreky.com,Unknown
sec.relucius.com,Unknown
sec.cowsnbullz.com,Unknown
seagull-soft.site.org.in,Unknown
se.xt-size.info,Unknown
sdgf.zoomingabout.com,Unknown
sdgf.vocalmajoritynow.com,Unknown
sdgf.trillania.com,Unknown
sdgf.radities.com,Unknown
sdgf.boringverse.com,Unknown
sd.tittyg.xyz,Unknown
sd.jellytech.xyz,Unknown
scrivener148.refurbishedlaserscanners.com,Unknown
scope.favbat.com,Unknown
schwingel.musclejapancars.com,Unknown
schwemm92.italiancarairbags.com,Unknown
schools.nyc.org,Unknown
scholar.milltrill.com,Unknown
scholar.makingdomes.com,Unknown
scholar.inblazingluck.com,Unknown
scholar.cowsnbullz.com,Unknown
schmid53.freshbreadcrumbs.com,Unknown
schaumann.tastyarabicacoffee.com,Unknown
sbj.laste.ml,Unknown
say.wrengostic.com,Unknown
say.quirkymeme.com,Unknown
say.ploooop.com,Unknown
say.hammerhandz.com,Unknown
say.cowsnbullz.com,Unknown
say.buzzcluby.com,Unknown
satum.my.id,Unknown
satruee.my.id,Unknown
satoshi2610.masashi98.gomailsaxyz.space,Unknown
satisfaction.scamperly.click,Unknown
satisfaction.openhike.click,Unknown
satisfaction.meetflip.click,Unknown
satisfaction.fliplabs.click,Unknown
sasportas50.tastyarabicacoffee.com,Unknown
santini43.newpopularwatches.com,Unknown
sampun.biz.id,Unknown
samick.refurbishedlaserscanners.com,Unknown
sambelado.my.id,Unknown
salvo84.freshbreadcrumbs.com,Unknown
salt.jsafes.com,Unknown
sales.travelwifi.click,Unknown
sales.theflip.click,Unknown
sales.meetflip.click,Unknown
sales.getturnon.click,Unknown
sales.getjourney.click,Unknown
sales.getflip.click,Unknown
sales.getcruise.click,Unknown
sale.dewatinju.xyz,Unknown
saldano.plasticvouchercards.com,Unknown
salak89.cheapgreenteabags.com,Unknown
sagiri.aa.am,Unknown
sage.speedfocus.biz,Unknown
sachrooney.my.id,Unknown
saber.9amail.top,Unknown
saarcxfp.priv.pl,Unknown
sa.laste.ml,Unknown
sa.igg.biz,Unknown
s6.weprof.it,Unknown
s3r98jfw.samikna.link,Unknown
s2.kimia.my.id,Unknown
s1.ldbassist.com,Unknown
s0ny.igg.biz,Unknown
s00.orangotango.ga,Unknown
s.wkeller.net,Unknown
s.vdig.com,Unknown
s.sa.igg.biz,Unknown
s.s2cloud.pro,Unknown
s.proprietativalcea.ro,Unknown
s.polosburberry.com,Unknown
s.mymail.igg.biz,Unknown
s.ea.vu,Unknown
s.dextm.ro,Unknown
s.bungabunga.cf,Unknown
s.8598.randomseantheblogger.xyz,Unknown
s.0x01.gq,Unknown
s-s.igg.biz,Unknown
rzyp.laste.ml,Unknown
rzp.laste.ml,Unknown
rz.laste.ml,Unknown
rylle.my.id,Unknown
ryev.laste.ml,Unknown
ryb.laste.ml,Unknown
rxwv.laste.ml,Unknown
rxig.laste.ml,Unknown
rx.laste.ml,Unknown
rx.dred.ru,Unknown
rwbktdmbyly.auto.pl,Unknown
ruyle.nicewoodenbaskets.com,Unknown
runfola3.freshbreadcrumbs.com,Unknown
ruecker.corseplongeea.com,Unknown
rubble.3amail.top,Unknown
ru.hzxj.isgre.at,Unknown
rtil.laste.ml,Unknown
rti.suspent.com,Unknown
rti.relucius.com,Unknown
rti.qwertylock.com,Unknown
rti.kellergy.com,Unknown
rti.inblazingluck.com,Unknown
rti.dobunny.com,Unknown
rti.consored.com,Unknown
rs6.igg.biz,Unknown
rrk.laste.ml,Unknown
rr.ccs.pl,Unknown
rr.0x01.gq,Unknown
rovw.laste.ml,Unknown
roujpjbxeem.agro.pl,Unknown
rota148.coolyarddecorations.com,Unknown
root.rowrowleft.com,Unknown
root.hammerhandz.com,Unknown
root.clarized.com,Unknown
roni.rojermail.ml,Unknown
roma80.silkbeachtowels.com,Unknown
rokuro5510.haru31.eyneta.site,Unknown
robo.epool.pl,Unknown
robar.my.id,Unknown
rnor.laste.ml,Unknown
rng.wrengostic.com,Unknown
rng.poisedtoshrike.com,Unknown
rng.ploooop.com,Unknown
rng.hammerhandz.com,Unknown
rmt.rambleri.com,Unknown
rml.laste.ml,Unknown
rmb.2xrembotogel.com,Unknown
rm88.edu.bz,Unknown
rlh.laste.ml,Unknown
rj.laste.ml,Unknown
rizki.jscustomplumbing.com,Unknown
rixop.secure24mail.pl,Unknown
risk.3amail.top,Unknown
ring.favbat.com,Unknown
right.mailbiz.pw,Unknown
riffon.ceramiccoffecups.com,Unknown
riereri2641.a.lofteone.ru,Unknown
riddle.2amail.top,Unknown
rich.relucius.com,Unknown
rich.ploooop.com,Unknown
rich.dobunny.com,Unknown
rice.wrengostic.com,Unknown
rice.eastworldwest.com,Unknown
rice.cowsnbullz.com,Unknown
ri.laste.ml,Unknown
rhv.laste.ml,Unknown
rheq.netmail.tk,Unknown
rhav.laste.ml,Unknown
rh.laste.ml,Unknown
retractablebannerstands.interstatecontracting.net,Unknown
reposa42.silkwomenshirts.com,Unknown
repaemail.bz.cm,Unknown
rentokil.intial.com,Unknown
rencontre-ado.hairsty.info,Unknown
remmele95.softhandscream.com,Unknown
remem.zoomingabout.com,Unknown
remem.suspent.com,Unknown
remem.scoldly.com,Unknown
remem.rowrowleft.com,Unknown
remem.housines.com,Unknown
remem.actices.com,Unknown
remail.rahuldhole.com,Unknown
relax.ruimz.com,Unknown
rejostore.my.id,Unknown
rejomail.my.id,Unknown
reischl75.refurbishedlaserscanners.com,Unknown
reilly.erin.paris-gmail.top,Unknown
regrams.my.id,Unknown
regmail.kategoriblog.com,Unknown
regbypass.comsafe-mail.net,Unknown
reg.xmlhgyjx.com,Unknown
refer.oueue.com,Unknown
refer.methode-casino.com,Unknown
refer.codepb.com,Unknown
redmer84.coolyarddecorations.com,Unknown
red.rosso.ml,Unknown
rechtzigel.musclejapancars.com,Unknown
receptiki.woa.org.ua,Unknown
recehgo.beritahajidanumroh.com,Unknown
rebeccamelissa.miami-mail.top,Unknown
really.istrash.com,Unknown
readr.sitejckhf9.sendikodawuh.tech,Unknown
rb.laste.ml,Unknown
rayhan-for-fb.my.id,Unknown
rauxa.seny.cat,Unknown
raspa96.plasticvouchercards.com,Unknown
rascal.3amail.top,Unknown
ranggamail.my.id,Unknown
ramsey82.browndecorationlights.com,Unknown
ramonez88.browndecorationlights.com,Unknown
ramal95.latestconsolegames.com,Unknown
rakiy.relucius.com,Unknown
rakiy.m8sbeingm8s.com,Unknown
rakiy.heartmantwo.com,Unknown
rakiy.estabbi.com,Unknown
rakiy.dummyfox.com,Unknown
rakiy.boringverse.com,Unknown
rahasia.makira.id,Unknown
rahasia.bagidata.id,Unknown
rafael.1amail.top,Unknown
radiku.ye.vc,Unknown
r8.porco.cf,Unknown
r6q9vpi.shop.pl,Unknown
r0.igg.biz,Unknown
r.yasser.ru,Unknown
r.polosburberry.com,Unknown
qzbdlapps.shop.pl,Unknown
qz.laste.ml,Unknown
qys.warboardplace.com,Unknown
qys.relucius.com,Unknown
qys.pancingqueen.com,Unknown
qys.makingdomes.com,Unknown
qys.joyrideday.com,Unknown
qys.inblazingluck.com,Unknown
qys.heartmantwo.com,Unknown
qys.estabbi.com,Unknown
qys.eastworldwest.com,Unknown
qys.blurelizer.com,Unknown
qw.capcart.xyz,Unknown
quote.ruimz.com,Unknown
quiet.jsafes.com,Unknown
quickreply.thecaper.click,Unknown
quickreply.oppositehq.click,Unknown
quickreply.opencaper.click,Unknown
quickreply.festivalday.click,Unknown
quickanswer.usehike.click,Unknown
quickanswer.festivalday.click,Unknown
quickanswer.cruisely.click,Unknown
quickanswer.beachtourism.click,Unknown
quickanswer.amistake.click,Unknown
quick.switchon.click,Unknown
quick.meetcruise.click,Unknown
quick.fetely.click,Unknown
quick.feastday.click,Unknown
quick.beachtourism.click,Unknown
quick.amistake.click,Unknown
questions.vacly.click,Unknown
questions.tryhike.click,Unknown
questions.openflip.click,Unknown
questions.hikely.click,Unknown
questions.feastday.click,Unknown
questions.caperapp.click,Unknown
query.usetour.click,Unknown
query.turnonhub.click,Unknown
query.thecaper.click,Unknown
query.setoffly.click,Unknown
query.scamperly.click,Unknown
query.meettravel.click,Unknown
query.hikely.click,Unknown
query.fliplabs.click,Unknown
quebecgolf.livemailbox.top,Unknown
quebecdelta.101livemail.top,Unknown
qty.laste.ml,Unknown
qt.laste.ml,Unknown
qt.dprots.com,Unknown
qs.dp76.com,Unknown
qrt.laste.ml,Unknown
qqaa.zza.biz,Unknown
qobuz.rstoremail.ml,Unknown
qo.laste.ml,Unknown
qna.tryperegrinate.click,Unknown
qna.thefrisk.click,Unknown
qna.openturnon.click,Unknown
qna.holidayrap.click,Unknown
qna.gambolly.click,Unknown
qna.fetely.click,Unknown
qna.beachtourism.click,Unknown
qld.laste.ml,Unknown
qianzy.biz.id,Unknown
qi.laste.ml,Unknown
qg.laste.ml,Unknown
qfjy.laste.ml,Unknown
qeu.laste.ml,Unknown
qeabluqwlfk.agro.pl,Unknown
qb04x4.badcreditcreditcheckpaydayloansloansloanskjc.co.uk,Unknown
qalbu.my.id,Unknown
q65pk6ii.targi.pl,Unknown
q.xtc.yt,Unknown
q.polosburberry.com,Unknown
q.new-mgmt.ga,Unknown
pz.daji.ru,Unknown
pygmy.3amail.top,Unknown
pya.suspent.com,Unknown
pya.intained.com,Unknown
pya.housines.com,Unknown
pya.estaxy.com,Unknown
pya.blurelizer.com,Unknown
pxv.laste.ml,Unknown
pwtw.laste.ml,Unknown
pw.shitt.igg.biz,Unknown
pw.rs6.igg.biz,Unknown
pw.mysafe.ml,Unknown
pw.mymy.cf,Unknown
pw.mymail.igg.biz,Unknown
pw.loyalherceghalom.ml,Unknown
pw.islam.igg.biz,Unknown
pw.igg.biz,Unknown
pw.email-mail.cf,Unknown
pw.2018.igg.biz,Unknown
putrajayabaya.skom.id,Unknown
push.uerly.com,Unknown
pusatssl.my.id,Unknown
pusat.biz.id,Unknown
purple.viola.gq,Unknown
purple.igg.biz,Unknown
punyagw.my.id,Unknown
punyabersama.my.id,Unknown
publi.innovatio.es,Unknown
ptc.vuforia.us,Unknown
pse.laste.ml,Unknown
ps160.mpm-motors.cf,Unknown
promailpremium.kalisz.pl,Unknown
project6.nusantara-news-indonesia.my.id,Unknown
project5.nusantara-news-indonesia.my.id,Unknown
project4.nusantara-news-indonesia.my.id,Unknown
project2.nusantara-news-indonesia.my.id,Unknown
profit.idea-profit.pl,Unknown
produkhalal.my.id,Unknown
prodigy.5amail.top,Unknown
pro.yoshisad.com,Unknown
pro.vocating.com,Unknown
pro.radities.com,Unknown
pro.poisedtoshrike.com,Unknown
pro.m8sbeingm8s.com,Unknown
pro.iskba.com,Unknown
pro.hellohappy2.com,Unknown
pro.hammerhandz.com,Unknown
pro.clarized.com,Unknown
privatemail1.pageone.id,Unknown
privatemail1.kategoriblog.com,Unknown
privatemail1.katasumber.com,Unknown
privatemail1.jasaseo.me,Unknown
private.kubuntu.myhomenetwork.info,Unknown
privacy.elumail.com,Unknown
priv.beastemail.com,Unknown
prime.tg-nepali.co,Unknown
prima4.ponpesnuridinidris.com,Unknown
prima3.ponpesnuridinidris.com,Unknown
prima2.ponpesnuridinidris.com,Unknown
prima1.ponpesnuridinidris.com,Unknown
pride.nafko.cf,Unknown
price.cowsnbullz.com,Unknown
prespa.mochkamieniarz.pl,Unknown
pren.popautomated.com,Unknown
pren.memberty.com,Unknown
pren.kellergy.com,Unknown
pren.foodforhat.com,Unknown
pren.fanficforum.com,Unknown
pren.carmanial.com,Unknown
premku.my.id,Unknown
pray.agencja-csk.pl,Unknown
pradajapan.orgpradajapan.orgpradajapan.orgpradajapan.orgpradajapan.orgpradajapan.orgpradajapan.orgpradajapan.orgpradajapan.org,Unknown
prabhakar45.coolyarddecorations.com,Unknown
poy.e-paws.net,Unknown
powerup.katasumber.com,Unknown
powerlicks.cbdevelopment.co.uk,Unknown
power.ruimz.com,Unknown
power.fansbasetoken.com,Unknown
potthoff52148.coolyarddecorations.com,Unknown
postcardsfromukraine.crowdpress.it,Unknown
post98.contact24.click,Unknown
post0.profimedia.net,Unknown
post.usetour.click,Unknown
post.usehike.click,Unknown
post.turnonlabs.click,Unknown
post.trytravel.click,Unknown
post.theroofings.com,Unknown
post.thehike.click,Unknown
post.teamshq.click,Unknown
post.religiousfestival.click,Unknown
post.oversightly.com,Unknown
post.oppositehq.click,Unknown
post.opensupprts.click,Unknown
post.openinvestmentapp.com,Unknown
post.mydc.in.ua,Unknown
post.melkfl.es,Unknown
post.meetcruise.click,Unknown
post.holidayhills.click,Unknown
post.getturnon.click,Unknown
post.getsome.click,Unknown
post.celebrationapp.click,Unknown
post.carnivalday.click,Unknown
post.boobly.click,Unknown
porta.loyalherceghalom.ml,Unknown
popoca.futuristicplanemodels.com,Unknown
pop.pozycjonowanie8.pl,Unknown
pooly.wirelax.com,Unknown
pooly.scoldly.com,Unknown
pooly.relucius.com,Unknown
pooly.ragnortheblue.com,Unknown
pooly.m8sbeingm8s.com,Unknown
pooly.estaxy.com,Unknown
pooly.crossandgarlic.com,Unknown
pooly.boringverse.com,Unknown
pompanette.maroonsea.com,Unknown
pokoknyaharustembus.mtcz.us,Unknown
pok.silkwomenshirts.com,Unknown
pojx.laste.ml,Unknown
poiw.yoshisad.com,Unknown
poiw.wirelax.com,Unknown
poiw.relucius.com,Unknown
poiw.memberty.com,Unknown
poiw.kellergy.com,Unknown
poiw.housines.com,Unknown
poiw.eastworldwest.com,Unknown
poiw.crossandgarlic.com,Unknown
poiw.carmanial.com,Unknown
poinsett58.musclejapancars.com,Unknown
pochta3.xrumersoft.ru,Unknown
pochta2.xrumersoft.ru,Unknown
po.laste.ml,Unknown
pnc.laste.ml,Unknown
pmgentan.my.id,Unknown
pmeq.laste.ml,Unknown
pmcj.laste.ml,Unknown
plc.laste.ml,Unknown
platinum.poisedtoshrike.com,Unknown
platinum.dobunny.com,Unknown
platinum.cowsnbullz.com,Unknown
plants61.instambox.com,Unknown
pk.laste.ml,Unknown
pjm.laste.ml,Unknown
pja.laste.ml,Unknown
pj.laste.ml,Unknown
pizzi23.leathermenshoes.com,Unknown
piwu.laste.ml,Unknown
pirner.fastlasermouses.com,Unknown
pin.poistaa.com,Unknown
pika.pc486.net,Unknown
pie.favbat.com,Unknown
pickle.5amail.top,Unknown
phpbb.uu.gl,Unknown
pgtr.laste.ml,Unknown
pfluger32.musclejapancars.com,Unknown
pett41.freshbreadcrumbs.com,Unknown
pete.0amail.top,Unknown
personnel.iaf.in,Unknown
person.hammerhandz.com,Unknown
person.cowsnbullz.com,Unknown
perkin.instambox.com,Unknown
perg.laste.ml,Unknown
perelinkovka.ipiurl.net,Unknown
pepsi.coms.hk,Unknown
pekl.mlvuj52o67223446g.reno6.space,Unknown
pedes.spicysallads.com,Unknown
peak.oueue.com,Unknown
peace.mielno.pl,Unknown
pcmo.laste.ml,Unknown
pcc.mailboxxx.net,Unknown
pbs.laste.ml,Unknown
pbn2.duofel.com,Unknown
pbn1.duofel.com,Unknown
paypal.comx.cf,Unknown
paulik.silkbeachtowels.com,Unknown
paul.1amail.top,Unknown
paudwudas2829.a.lofteone.ru,Unknown
patch.6amail.top,Unknown
passwort.schwarzmail.ga,Unknown
password.nafko.cf,Unknown
password.colafanta.cf,Unknown
partners.oldoutnewin.com,Unknown
partnermu.biz.id,Unknown
parking.swidnica.pl,Unknown
pardall1.fastlasermouses.com,Unknown
pansamantala.poistaa.com,Unknown
panelesloneczne.pisz.pl,Unknown
panel-admin.0rg.us,Unknown
pan6.ssls.my.id,Unknown
pan2.ssls.my.id,Unknown
palomarez87.silkwomenshirts.com,Unknown
paliotta169.modernsailorclothes.com,Unknown
pakolokoemail.com.uk,Unknown
pake.nicewoodenbaskets.com,Unknown
paint.bthow.com,Unknown
pages.plusgoogle.com,Unknown
pack.poisedtoshrike.com,Unknown
pack.ploooop.com,Unknown
pack.oldoutnewin.com,Unknown
pabrikbotmail.my.id,Unknown
pabrikbot.my.id,Unknown
p4der.my.id,Unknown
p.teemail.in,Unknown
p.polosburberry.com,Unknown
p.new-mgmt.ga,Unknown
p.mrrobotemail.com,Unknown
p.k4ds.org,Unknown
p.9q.ro,Unknown
owpb.laste.ml,Unknown
owings32.leatherdocumentbags.com,Unknown
owemolexi.swiebodzin.pl,Unknown
ovwfzpwz.pc.pl,Unknown
oveson.antiquerestorationwork.com,Unknown
over.popautomated.com,Unknown
over.ploooop.com,Unknown
over.milltrill.com,Unknown
over.factorican.com,Unknown
outsor.disbox.org,Unknown
outlook.es.1191625244.wedus.xyz,Unknown
outlook.com.hotpusssy69.host,Unknown
out.wrengostic.com,Unknown
out.oldoutnewin.com,Unknown
out.milltrill.com,Unknown
out.cowsnbullz.com,Unknown
ours.intained.com,Unknown
ours.citetick.com,Unknown
our.wrengostic.com,Unknown
our.oldoutnewin.com,Unknown
our.factorican.com,Unknown
our.cowsnbullz.com,Unknown
oua.laste.ml,Unknown
otri.wirelax.com,Unknown
otri.boringverse.com,Unknown
otri.blastzane.com,Unknown
oti.zoomingabout.com,Unknown
oti.warboardplace.com,Unknown
oti.vocalmajoritynow.com,Unknown
oti.ragnortheblue.com,Unknown
oti.qwertylock.com,Unknown
oti.pushpophop.com,Unknown
oti.popautomated.com,Unknown
oti.joyrideday.com,Unknown
oti.intained.com,Unknown
oti.crossandgarlic.com,Unknown
oti.carmanial.com,Unknown
otherinbox.codupmyspace.com,Unknown
other.ploooop.com,Unknown
other.intained.com,Unknown
other.hammerhandz.com,Unknown
other.goinglownow.com,Unknown
other.estabbi.com,Unknown
otb.laste.ml,Unknown
otakunimu.my.id,Unknown
organics.com.bd,Unknown
org.oldoutnewin.com,Unknown
org.fanficforum.com,Unknown
org.factorican.com,Unknown
orders.silkbeachtowels.com,Unknown
orderbagsonline.handbagsluis.net,Unknown
order84.gmailmirror.com,Unknown
orangeice.biz.id,Unknown
oralia.freshbreadcrumbs.com,Unknown
or.yoshisad.com,Unknown
or.wrengostic.com,Unknown
or.vocalmajoritynow.com,Unknown
or.ploooop.com,Unknown
or.orgz.in,Unknown
or.memberty.com,Unknown
or.freog.com,Unknown
or.blurelizer.com,Unknown
or.actices.com,Unknown
opus.laste.ml,Unknown
oplix9.my.id,Unknown
ooum.laste.ml,Unknown
onukogu25.coolyarddecorations.com,Unknown
only.hammerhandz.com,Unknown
one.sch.lv,Unknown
one.raikas77.eu,Unknown
one.quirkymeme.com,Unknown
one.oldoutnewin.com,Unknown
one.jilmail.top,Unknown
one.hammerhandz.com,Unknown
one.fackme.gq,Unknown
one.emailfake.ml,Unknown
one.eastworldwest.com,Unknown
one.earnlivez.net,Unknown
one.citetick.com,Unknown
on.freog.com,Unknown
on.cowsnbullz.com,Unknown
on.codyting.com,Unknown
omv.laste.ml,Unknown
omicron.omega.myverizonmail.top,Unknown
om.laste.ml,Unknown
olney.latestconsolegames.com,Unknown
olive.0amail.top,Unknown
oleng.my.id,Unknown
old.poisedtoshrike.com,Unknown
old.ploooop.com,Unknown
old.makingdomes.com,Unknown
old.hammerhandz.com,Unknown
old.cowsnbullz.com,Unknown
old.codyting.com,Unknown
old.carmanial.com,Unknown
ol.telz.in,Unknown
okay.sudeu.com,Unknown
okada65.fancycarnavalmasks.com,Unknown
oj.laste.ml,Unknown
oiw.laste.ml,Unknown
oiv.laste.ml,Unknown
ogx.laste.ml,Unknown
ogpe.laste.ml,Unknown
offices.freshbreadcrumbs.com,Unknown
office.ms365.ml,Unknown
ofey.laste.ml,Unknown
of.hammerhandz.com,Unknown
of.cowsnbullz.com,Unknown
oes.laste.ml,Unknown
oepo.laste.ml,Unknown
odsniezanie.kera.pl,Unknown
odixer.rzeszow.pl,Unknown
odd.bthow.com,Unknown
ocigaht4.pc.pl,Unknown
oc.gan.manzmail.online,Unknown
o.wp-viralclick.com,Unknown
o.polosburberry.com,Unknown
o.opendns.ro,Unknown
o.oai.asia,Unknown
o.muti.ro,Unknown
o.masum.cc,Unknown
o.idigo.org,Unknown
o.gsaprojects.club,Unknown
o.getit.email,Unknown
o.cfo2go.ro,Unknown
o.aquaponicssupplies.club,Unknown
nyongwanitakuat.my.id,Unknown
nymopyda.kalisz.pl,Unknown
nyi.laste.ml,Unknown
nyahraegan.miami-mail.top,Unknown
nuv.laste.ml,Unknown
nuttall95.softtoiletpaper.com,Unknown
nut.favbat.com,Unknown
nussba.achiefdoms.com,Unknown
nurnia.my.id,Unknown
nurhabibah9.suepmancingan.xyz,Unknown
nuqypepalopy.rawa-maz.pl,Unknown
null.k3vin.net,Unknown
null.0xf.uk,Unknown
nuk.trillania.com,Unknown
nuk.suspent.com,Unknown
nuk.ragnortheblue.com,Unknown
nuk.popautomated.com,Unknown
nuk.joyrideday.com,Unknown
nuk.eastworldwest.com,Unknown
nuk.dobunny.com,Unknown
nuk.crossandgarlic.com,Unknown
nuk.carmanial.com,Unknown
nuk.blurelizer.com,Unknown
nuk.actices.com,Unknown
ntrg.laste.ml,Unknown
ns.ns.ns.fpfc.cf,Unknown
ns.cuanmarket.xyz,Unknown
nqpf.laste.ml,Unknown
nphl.laste.ml,Unknown
npg.laste.ml,Unknown
now.wrengostic.com,Unknown
now.poisedtoshrike.com,Unknown
now.ploooop.com,Unknown
now.oldoutnewin.com,Unknown
now.discopied.com,Unknown
now.actices.com,Unknown
novencolor.otsoft.pl,Unknown
novemberdelta.myverizonmail.top,Unknown
not.trillania.com,Unknown
not.ploooop.com,Unknown
not.cowsnbullz.com,Unknown
not.britainst.com,Unknown
nospammail.bz.cm,Unknown
nospam.wins.com.br,Unknown
nospam.thurstons.us,Unknown
nospam.sparticus.com,Unknown
nospam.barbees.net,Unknown
nospam.allensw.com,Unknown
nospam.agusibrah.im,Unknown
nospam.00.ie,Unknown
nosignal.my.id,Unknown
nomail.xl.cx,Unknown
nomail.nodns.xyz,Unknown
nomail.kerenon.com,Unknown
noig.laste.ml,Unknown
noe.prometheusx.pl,Unknown
nodemon.peacled.xyz,Unknown
nod9d7ri.aid.pl,Unknown
nocturne.7amail.top,Unknown
no.tap.tru.io,Unknown
no.ploooop.com,Unknown
no.oldoutnewin.com,Unknown
nm.beardedcollie.pl,Unknown
nl.szucsati.net,Unknown
nkwx.laste.ml,Unknown
nje.laste.ml,Unknown
njaw.laste.ml,Unknown
niq.laste.ml,Unknown
nine.fackme.gq,Unknown
nine.emailfake.ml,Unknown
nikkikailey.chicagoimap.top,Unknown
nike.coms.hk,Unknown
nightfunmore.online.ctu.edu.gr,Unknown
nic.aupet.it,Unknown
ni.netmail.tk,Unknown
ngk.laste.ml,Unknown
ngegaler.biz.id,Unknown
next.wrengostic.com,Unknown
next.oldoutnewin.com,Unknown
next.maildin.com,Unknown
newtextmail.newtextmail.ferdionsad.me,Unknown
news.shoppw.fr,Unknown
news.mamode-amoi.fr,Unknown
new.viola.gq,Unknown
new.hellohappy2.com,Unknown
new.hammerhandz.com,Unknown
new.cowsnbullz.com,Unknown
neveu.universallightkeys.com,Unknown
neva47.cheapgreenteabags.com,Unknown
network.hathamsters.com,Unknown
netflixketu.my.id,Unknown
netflix.ebarg.net,Unknown
net.memberty.com,Unknown
nerve.bthow.com,Unknown
nerd.poisedtoshrike.com,Unknown
nerd.oldoutnewin.com,Unknown
nerd.hellohappy2.com,Unknown
nerd.hammerhandz.com,Unknown
nerd.cowsnbullz.com,Unknown
nerd.blahtok.com,Unknown
nemo.4amail.top,Unknown
neiford81.nicewoodenbaskets.com,Unknown
nehzlyqjmgv.auto.pl,Unknown
needle.9amail.top,Unknown
neary77.silkbeachtowels.com,Unknown
ndp.laste.ml,Unknown
ncsa.uiuc.edu.smtp.xhouse.xyz,Unknown
ncov.office.gy,Unknown
nc.webkrasotka.com,Unknown
nbv.zanycabs.com,Unknown
nbv.wirelax.com,Unknown
nbv.ragnortheblue.com,Unknown
nbv.estabbi.com,Unknown
nbv.eastworldwest.com,Unknown
nbv.dobunny.com,Unknown
nbox.notif.me,Unknown
nb5.mediabey.com,Unknown
nb.sympaico.ca,Unknown
naylor89.antiquerestorationwork.com,Unknown
nav.urgntx.com,Unknown
nav.errorid.com,Unknown
naughty.2amail.top,Unknown
nasa.iotu.nctu.me,Unknown
nasa.dmtc.edu.pl,Unknown
napalm51.igg.biz,Unknown
naoki54.alphax.site,Unknown
nanesekeri.funny3delements.com,Unknown
nanang.gacorin.click,Unknown
nampoled.my.id,Unknown
naknan.my.id,Unknown
nahl28.coolyarddecorations.com,Unknown
nadeoskab.igg.biz,Unknown
n.zavio.nl,Unknown
n.xrummer.com,Unknown
n.spamtrap.co,Unknown
n.shop100027505845139.dipan.xyz,Unknown
n.rugbypics.club,Unknown
n.ra3.us,Unknown
n.polosburberry.com,Unknown
n.hamstercage.online,Unknown
n.chinaflights.store,Unknown
mytrashmail.compookmail.com,Unknown
mysliwiec98.junkcarsfloridamiami.com,Unknown
myr.zoomingabout.com,Unknown
myr.yoshisad.com,Unknown
myr.wirelax.com,Unknown
myr.suspent.com,Unknown
myr.rowrowleft.com,Unknown
myr.relucius.com,Unknown
myr.radities.com,Unknown
myr.qwertylock.com,Unknown
myr.pancingqueen.com,Unknown
myr.mondard.com,Unknown
myr.memberty.com,Unknown
myr.frienced.com,Unknown
mymaill.sirket.ltd,Unknown
myemail.gic.edu.vn,Unknown
my.viola.gq,Unknown
my.stlcc.com,Unknown
my.spam.orangotango.ml,Unknown
my.safe-mail.gq,Unknown
my.poisedtoshrike.com,Unknown
my.ploooop.com,Unknown
my.makingdomes.com,Unknown
my.longaid.net,Unknown
my.laste.ml,Unknown
my.ilink.website,Unknown
my.hellohappy2.com,Unknown
my.hammerhandz.com,Unknown
my.google.gmail.com.business.site.email.com.fpfc.cf,Unknown
my.estabbi.com,Unknown
my.efxs.ca,Unknown
my.cowsnbullz.com,Unknown
mxg.mayloy.org,Unknown
mx19.mailr.eu,Unknown
mx18.mailr.eu,Unknown
mx0.wwwnew.eu,Unknown
mx.x10lab.ml,Unknown
mx.mailhost12.net,Unknown
mx.mail-data.net,Unknown
mx.laste.ml,Unknown
mx.havocheaven.tk,Unknown
mx.fuppurge.info,Unknown
mx.dysaniac.net,Unknown
mx.awaldi.com,Unknown
mx-goole8.naveapp.do.am.email-temp.com.gmail.naverapp.com,Unknown
mwx.laste.ml,Unknown
mwo.laste.ml,Unknown
mw.orgz.in,Unknown
mvrw.warboardplace.com,Unknown
mvrw.variots.com,Unknown
mvrw.popautomated.com,Unknown
mvrw.memberty.com,Unknown
mvrw.m8sbeingm8s.com,Unknown
mvrw.intained.com,Unknown
mvrw.frienced.com,Unknown
mvrw.estabbi.com,Unknown
mvrw.eastworldwest.com,Unknown
mvrw.crossandgarlic.com,Unknown
mvrw.consored.com,Unknown
mvrw.boringverse.com,Unknown
mvn.wirelax.com,Unknown
mvn.warboardplace.com,Unknown
mvn.scoldly.com,Unknown
mvn.heartmantwo.com,Unknown
mvn.foodforhat.com,Unknown
mvn.consored.com,Unknown
mvn.actices.com,Unknown
must.wrengostic.com,Unknown
must.poisedtoshrike.com,Unknown
must.marrived.com,Unknown
must.findingperry.com,Unknown
must.boringverse.com,Unknown
music896.are.nom.co,Unknown
music.wrengostic.com,Unknown
music.intained.com,Unknown
music.droidpic.com,Unknown
muq.orangotango.tk,Unknown
mulligan.leportage.club,Unknown
mt.svc.ovh,Unknown
msh.mailslite.com,Unknown
msg.mailslite.com,Unknown
msg.andrew.com.jm,Unknown
msg.8pm.to,Unknown
mscdex.com.au.pn,Unknown
msb.minsmail.com,Unknown
msa.minsmail.com,Unknown
ms9.mailslite.com,Unknown
mrk.laste.ml,Unknown
mrd.laste.ml,Unknown
mr.laste.ml,Unknown
mq.orgz.in,Unknown
mp3.3dxtras.com,Unknown
mp.weixin.qq.com.anhaysuka.com,Unknown
mp.igg.biz,Unknown
mp-j.igg.biz,Unknown
mozena13.antiquerestorationwork.com,Unknown
moulder.silkwomenshirts.com,Unknown
most.ploooop.com,Unknown
most.hammerhandz.com,Unknown
most.clarized.com,Unknown
morrell.cheap3ddigitalcameras.com,Unknown
moreshead73.instambox.com,Unknown
morawski.instambox.com,Unknown
mor19.uu.gl,Unknown
moozique.musicbooksreviews.com,Unknown
moose.3amail.top,Unknown
moonshine.4amail.top,Unknown
moons.7amail.top,Unknown
moon.makingdomes.com,Unknown
moon.hammerhandz.com,Unknown
moon.cowsnbullz.com,Unknown
monkey.wrengostic.com,Unknown
monkey.oldoutnewin.com,Unknown
monkey.eshreky.com,Unknown
monkey.britted.com,Unknown
molot.01898.com,Unknown
moijkh.com.uk,Unknown
mobile.ploooop.com,Unknown
mobile.inblazingluck.com,Unknown
mobile.droidpic.com,Unknown
mobile.cowsnbullz.com,Unknown
mn.riaki.com,Unknown
mn.j0s.eu,Unknown
mn.curppa.com,Unknown
mn.averism.com,Unknown
mmnr.wirelax.com,Unknown
mmnr.ragnortheblue.com,Unknown
mmnr.pancingqueen.com,Unknown
mmnr.memberty.com,Unknown
mmnr.m8sbeingm8s.com,Unknown
mmnr.intained.com,Unknown
mmnr.fanficforum.com,Unknown
mmnr.estabbi.com,Unknown
mmnr.eastworldwest.com,Unknown
mmnr.dummyfox.com,Unknown
mmnr.crossandgarlic.com,Unknown
mmnr.blurelizer.com,Unknown
mmm.2eat.com,Unknown
mmail.igg.biz,Unknown
mkwq.maximail.vip,Unknown
mk.netmail.tk,Unknown
mjj.edu.ge,Unknown
mixmail.elk.pl,Unknown
mitsch.junkcarsfloridamiami.com,Unknown
miss.yoshisad.com,Unknown
miss.wrengostic.com,Unknown
miss.oldoutnewin.com,Unknown
misc.warboardplace.com,Unknown
misc.quirkymeme.com,Unknown
misc.ploooop.com,Unknown
mirsky99.instambox.com,Unknown
miranda.instambox.com,Unknown
miramail.my.id,Unknown
minor.warboardplace.com,Unknown
minor.oldoutnewin.com,Unknown
minkowitz.aquadivingaccessories.com,Unknown
mini.wrengostic.com,Unknown
mini.poisedtoshrike.com,Unknown
mini.goinglownow.com,Unknown
minet.disbox.org,Unknown
mine.fetish-pee.com,Unknown
minacci.leatherdocumentbags.com,Unknown
min.edu.gov,Unknown
min.burningfish.net,Unknown
mime.6amail.top,Unknown
milk.gage.ga,Unknown
mike.designterrarium.de,Unknown
mikaela38.universallightkeys.com,Unknown
mighty.technivant.net,Unknown
miecznikowski39.softtoiletpaper.com,Unknown
mid6mwm.pc.pl,Unknown
microsoft.exchange.data.directory.44.kcs-th.com,Unknown
michaelis41.glasslightbulbs.com,Unknown
mial.com.creou.dev,Unknown
mi.orgz.in,Unknown
mi.meon.be,Unknown
mi.laste.ml,Unknown
mgt.miansheng.men,Unknown
mg.tempemailco.com,Unknown
mfe.co23sme4v6n0i.com,Unknown
mev.laste.ml,Unknown
messina74.antiquerestorationwork.com,Unknown
mes-mails.brondino.fr,Unknown
merda.igg.biz,Unknown
mendoan.uu.gl,Unknown
men.oldoutnewin.com,Unknown
men.mondard.com,Unknown
men.hellohappy2.com,Unknown
memble.biz.id,Unknown
mem.variots.com,Unknown
mem.trillania.com,Unknown
mem.qwertylock.com,Unknown
mem.popautomated.com,Unknown
mem.inblazingluck.com,Unknown
mem.host-001.eu,Unknown
mem.frienced.com,Unknown
mem.fanficforum.com,Unknown
mem.eastworldwest.com,Unknown
mem.consored.com,Unknown
melochick60.refurbishedlaserscanners.com,Unknown
meh.laste.ml,Unknown
megahost.l6.org,Unknown
meets68.trylinkbuildng.click,Unknown
meet81.boozeclub.click,Unknown
meet72.contactslbs.click,Unknown
meet71.contcthq.click,Unknown
meet68.trylinkbuildng.click,Unknown
meehl.futuristicplanemodels.com,Unknown
medium.oldoutnewin.com,Unknown
medium.cowsnbullz.com,Unknown
media.motornation.buzz,Unknown
me2.cuteboyo.com,Unknown
me.quirkymeme.com,Unknown
me.ploooop.com,Unknown
me.oldoutnewin.com,Unknown
me.marrived.com,Unknown
me.cowsnbullz.com,Unknown
mdt.creo.site,Unknown
mdjf.laste.ml,Unknown
mdf.laste.ml,Unknown
mcu.laste.ml,Unknown
mcquillen.freeinvestoradvice.com,Unknown
mckerrow.nicewoodenbaskets.com,Unknown
mckenzie.rebekah.miami-mail.top,Unknown
mckeeman.cheap3ddigitalcameras.com,Unknown
mcenany.freshbreadcrumbs.com,Unknown
mccowen9.cheapgreenteabags.com,Unknown
mccory30.musclejapancars.com,Unknown
mcconnell68.antiquerestorationwork.com,Unknown
mbox.0x01.tk,Unknown
mazzucco99.coolyarddecorations.com,Unknown
mayze.cheapgreenteabags.com,Unknown
max.mailedu.de,Unknown
mawpinkow.konin.pl,Unknown
maureen.1amail.top,Unknown
mau.laste.ml,Unknown
matka.host-001.eu,Unknown
mathilda23.plasticvouchercards.com,Unknown
masumi010.tadao54.hotube.site,Unknown
masriki.biz.id,Unknown
masputra.my.id,Unknown
masliff.my.id,Unknown
martinea.cheapgreenteabags.com,Unknown
martin.securehost.com.es,Unknown
mars.vocalmajoritynow.com,Unknown
mars.hammerhandz.com,Unknown
marketing.tryperegrinate.click,Unknown
marketing.travellabs.click,Unknown
marketing.travelhub.click,Unknown
marketing.takeatripshub.click,Unknown
marketing.hikelabs.click,Unknown
marketing.getturnon.click,Unknown
marketing.fliphq.click,Unknown
marketing.caperapp.click,Unknown
maps.wrengostic.com,Unknown
maps.rowrowleft.com,Unknown
mao.igg.biz,Unknown
manman.1388546165.brighttomorrowscac.org,Unknown
maniaxc.my.id,Unknown
manaker62.musclejapancars.com,Unknown
manager.host-001.eu,Unknown
mamulo.biz.id,Unknown
malehorn.fashionwomenaccessories.com,Unknown
make.wrengostic.com,Unknown
make.ragnortheblue.com,Unknown
make.ploooop.com,Unknown
major.wrengostic.com,Unknown
major.ploooop.com,Unknown
major.maildin.com,Unknown
major.m8sbeingm8s.com,Unknown
major.emailind.com,Unknown
major.clarized.com,Unknown
main.truyenbb.com,Unknown
main.100kshoutoutguide.com,Unknown
mailzilla.orgmbx.cc,Unknown
mailus.travelxp.click,Unknown
mailus.getsome.click,Unknown
mailus.gambolhq.click,Unknown
mailus.cruiseapp.click,Unknown
mailus.caperapp.click,Unknown
mailto.portalnet.host,Unknown
mails.v2-ray.net,Unknown
mails.omvvim.edu.in,Unknown
mailproxy.gm9.com,Unknown
mailpoubelle.yenoussa.fr,Unknown
mailpost.comx.cf,Unknown
mailone.es.vu,Unknown
mailmetrash.comilzilla.org,Unknown
mailme.judis.me,Unknown
mailindo.my.id,Unknown
mailimails.patzleiner.net,Unknown
mailer.makodon.com,Unknown
mailer.asherwolf.net,Unknown
mailclient.topexecutivegreetings.com,Unknown
mailbox.universallightkeys.com,Unknown
mailbox.imailfree.cc,Unknown
mailbox.drr.pl,Unknown
mailbox.comx.cf,Unknown
mail6.jpimebbs.tk,Unknown
mail5.kodex.id,Unknown
mail5.drama.tw,Unknown
mail4biz.sejny.pl,Unknown
mail4all.jp.pn,Unknown
mail4.drama.tw,Unknown
mail3.drama.tw,Unknown
mail3.activelyblogging.com,Unknown
mail2.worksmobile.ml,Unknown
mail2.ntuz.me,Unknown
mail2.drama.tw,Unknown
mail123.netmail.tk,Unknown
mail1.net4gr.com,Unknown
mail1.kein.hk,Unknown
mail1.kaohsiung.tv,Unknown
mail1.ismoke.hk,Unknown
mail1.i-taiwan.tv,Unknown
mail1.drama.tw,Unknown
mail001.bt7.biz,Unknown
mail.zizo7.com,Unknown
mail.ziwiki.com,Unknown
mail.ziragold.com,Unknown
mail.zinn.gq,Unknown
mail.ymhis.com,Unknown
mail.yauuuss.net,Unknown
mail.yabes.ovh,Unknown
mail.xstyled.net,Unknown
mail.xiuvi.cn,Unknown
mail.xcr.moe,Unknown
mail.wwc8.com,Unknown
mail.wvwvw.tech,Unknown
mail.wuzak.com,Unknown
mail.woeemail.com,Unknown
mail.wnetz.pl,Unknown
mail.wimine.ml,Unknown
mail.wimine.gq,Unknown
mail.wikfee.com,Unknown
mail.wifwise.com,Unknown
mail.wentcity.com,Unknown
mail.wenkuu.com,Unknown
mail.weepm.com,Unknown
mail.weekfly.com,Unknown
mail.websiteselect.top,Unknown
mail.webcity.ml,Unknown
mail.waivey.com,Unknown
mail.vydda.com,Unknown
mail.vuforia.us,Unknown
mail.vkr1.com,Unknown
mail.visignal.com,Unknown
mail.vasteron.com,Unknown
mail.usoplay.com,Unknown
mail.upshopt.com,Unknown
mail.unionpay.pl,Unknown
mail.ubinert.com,Unknown
mail.txzs188.com,Unknown
mail.txsb.ml,Unknown
mail.twfaka.com,Unknown
mail.tutoreve.com,Unknown
mail.tupanda.com,Unknown
mail.tsderp.com,Unknown
mail.trackden.com,Unknown
mail.tospage.com,Unknown
mail.toram.ngab.me,Unknown
mail.toprevenue.net,Unknown
mail.tomsoutletw.com,Unknown
mail.togito.com,Unknown
mail.ticket-please.ga,Unknown
mail.thesolidfirm.com,Unknown
mail.tgvis.com,Unknown
mail.tggmall.com,Unknown
mail.telvetto.com,Unknown
mail.taobudao.com,Unknown
mail.tanlanav.com,Unknown
mail.talmetry.com,Unknown
mail.syncax.com,Unknown
mail.svenz.eu,Unknown
mail.sunyds.com,Unknown
mail.storesr.com,Unknown
mail.stars19.xyz,Unknown
mail.sofrge.com,Unknown
mail.smmverse.com,Unknown
mail.skygazerhub.com,Unknown
mail.skrank.com,Unknown
mail.skrak.com,Unknown
mail.shanreto.com,Unknown
mail.shaflyn.com,Unknown
mail.sfpixel.com,Unknown
mail.servidorenpruebas.es,Unknown
mail.sequentialx.com,Unknown
mail.seosnaps.com,Unknown
mail.sentrau.com,Unknown
mail.saierw.com,Unknown
mail.rwstatus.com,Unknown
mail.rthyde.com,Unknown
mail.roweryo.com,Unknown
mail.rolmis.com,Unknown
mail.rohoza.com,Unknown
mail.roborena.com,Unknown
mail.ricorit.com,Unknown
mail.rentaen.com,Unknown
mail.renovierung-in-berlin.de,Unknown
mail.rencr.com,Unknown
mail.rehezb.com,Unknown
mail.regapts.com,Unknown
mail.rartg.com,Unknown
mail.rambara.com,Unknown
mail.qmeta.net,Unknown
mail.qiradio.com,Unknown
mail.pursip.com,Unknown
mail.ptcu.dev,Unknown
mail.przyklad-domeny.pl,Unknown
mail.prohade.com,Unknown
mail.praddserver.my.id,Unknown
mail.pozycjonowanie8.pl,Unknown
mail.picvw.com,Unknown
mail.picdv.com,Unknown
mail.piaa.me,Unknown
mail.partskyline.com,Unknown
mail.parclan.com,Unknown
mail.pair938.ml,Unknown
mail.otemdi.com,Unknown
mail.oprevolt.com,Unknown
mail.onymi.com,Unknown
mail.ontasa.com,Unknown
mail.omahsimbah.com,Unknown
mail.ofirit.com,Unknown
mail.ociun.com,Unknown
mail.nweal.com,Unknown
mail.nsvpn.com,Unknown
mail.notedns.com,Unknown
mail.nixbyte.net,Unknown
mail.nimadir.com,Unknown
mail.ngem.net,Unknown
mail.neynt.ca,Unknown
mail.nexxterp.com,Unknown
mail.newcupon.com,Unknown
mail.neixos.com,Unknown
mail.nasskar.com,Unknown
mail.nasmis.com,Unknown
mail.namewok.com,Unknown
mail.mzr.me,Unknown
mail.myserv.info,Unknown
mail.myde.ml,Unknown
mail.mxvia.com,Unknown
mail.msarra.com,Unknown
mail.mrgamin.ml,Unknown
mail.mposhop.com,Unknown
mail.molyg.com,Unknown
mail.mnsaf.com,Unknown
mail.mnisjk.com,Unknown
mail.mjj.edu.ge,Unknown
mail.mixhd.xyz,Unknown
mail.minhlun.com,Unknown
mail.minecraftfuns.tk,Unknown
mail.mfyax.com,Unknown
mail.mezimages.net,Unknown
mail.mexvat.com,Unknown
mail.menitao.com,Unknown
mail.mediapoi.cf,Unknown
mail.mcuma.com,Unknown
mail.mcenb.com,Unknown
mail.mcatag.com,Unknown
mail.mayboy.xyz,Unknown
mail.massefm.com,Unknown
mail.marksia.com,Unknown
mail.mainoj.com,Unknown
mail.mailsd.net,Unknown
mail.mailifyy.com,Unknown
mail.mailboxxx.net,Unknown
mail.lupabapak.com,Unknown
mail.lucvu.com,Unknown
mail.lsaar.com,Unknown
mail.lowestpricesonthenet.com,Unknown
mail.losvtn.com,Unknown
mail.linlshe.com,Unknown
mail.linktek.link,Unknown
mail.lindstromenterprises.com,Unknown
mail.libivan.com,Unknown
mail.lgbtiqa.xyz,Unknown
mail.lewenbo.com,Unknown
mail.lendfash.com,Unknown
mail.laymro.com,Unknown
mail.lanxi8.com,Unknown
mail.kxgif.com,Unknown
mail.kravify.com,Unknown
mail.konican.com,Unknown
mail.koalaltd.net,Unknown
mail.keanow.com,Unknown
mail.kaaaxcreators.tk,Unknown
mail.junwei.co,Unknown
mail.ju.io,Unknown
mail.jpgames.net,Unknown
mail.jopasfo.net,Unknown
mail.johnscaffee.com,Unknown
mail.jetsay.com,Unknown
mail.javnoi.com,Unknown
mail.jarxs-vpn.ml,Unknown
mail.jameagle.com,Unknown
mail.jalunaki.com,Unknown
mail.itcess.com,Unknown
mail.it-byen.dk,Unknown
mail.iswire.com,Unknown
mail.irnini.com,Unknown
mail.introex.com,Unknown
mail.inforoca.ovh,Unknown
mail.infinityevolved.xyz,Unknown
mail.illistnoise.com,Unknown
mail.iliken.com,Unknown
mail.il0v.eu,Unknown
mail.ikanid.com,Unknown
mail.igosad.me,Unknown
mail.idurse.com,Unknown
mail.idsho.com,Unknown
mail.idawah.com,Unknown
mail.iconmal.com,Unknown
mail.icdn.be,Unknown
mail.i-dork.com,Unknown
mail.hupoi.com,Unknown
mail.huleos.com,Unknown
mail.huizk.com,Unknown
mail.hsmw.net,Unknown
mail.hotxx.in,Unknown
mail.hlhtool.com,Unknown
mail.hkirsan.com,Unknown
mail.hisotyr.com,Unknown
mail.hidelux.com,Unknown
mail.hh1.pl,Unknown
mail.hdrlog.com,Unknown
mail.hdala.com,Unknown
mail.harusrembo.com,Unknown
mail.hanungofficial.club,Unknown
mail.haislot.com,Unknown
mail.h2beta.com,Unknown
mail.h0h0h0.tk,Unknown
mail.gyxmz.com,Unknown
mail.guokse.net,Unknown
mail.grupogdm.com,Unknown
mail.grassdev.com,Unknown
mail.goulink.com,Unknown
mail.gosarlar.com,Unknown
mail.gonaute.com,Unknown
mail.gokir.eu,Unknown
mail.godsigma.com,Unknown
mail.glaslack.com,Unknown
mail.giratex.com,Unknown
mail.gexige.com,Unknown
mail.getmola.com,Unknown
mail.gearstag.com,Unknown
mail.galotv.com,Unknown
mail.fuzitea.com,Unknown
mail.funvane.com,Unknown
mail.funteka.com,Unknown
mail.fulwark.com,Unknown
mail.fsmash.org,Unknown
mail.fryshare.com,Unknown
mail.free-emailz.com,Unknown
mail.frandin.com,Unknown
mail.flexvio.com,Unknown
mail.fkcod.com,Unknown
mail.fincainc.com,Unknown
mail.fgoyq.com,Unknown
mail.fettometern.com,Unknown
mail.felibg.com,Unknown
mail.fast10s.design,Unknown
mail.fashlend.com,Unknown
mail.faithkills.com,Unknown
mail.fahih.com,Unknown
mail.facais.com,Unknown
mail.evvgo.com,Unknown
mail.evimzo.com,Unknown
mail.euucn.com,Unknown
mail.etopys.com,Unknown
mail.eryod.com,Unknown
mail.eoslux.com,Unknown
mail.eosbuzz.com,Unknown
mail.eosatx.com,Unknown
mail.enmaila.com,Unknown
mail.endvad.tk,Unknown
mail.em2lab.com,Unknown
mail.ekposta.com,Unknown
mail.effektiveerganzungen.de,Unknown
mail.ebuthor.com,Unknown
mail.eachart.com,Unknown
mail.dxice.com,Unknown
mail.duyismp.tk,Unknown
mail.dpsols.com,Unknown
mail.dovesilo.com,Unknown
mail.dk16.xyz,Unknown
mail.dhnow.com,Unknown
mail.delorex.com,Unknown
mail.deligy.com,Unknown
mail.degcos.com,Unknown
mail.defaultdomain.ml,Unknown
mail.dboso.com,Unknown
mail.darkse.com,Unknown
mail.dacgu.com,Unknown
mail.dabeixin.com,Unknown
mail.cutxsew.com,Unknown
mail.cutsup.com,Unknown
mail.cumzle.com,Unknown
mail.cubene.com,Unknown
mail.crowdpress.it,Unknown
mail.cosxo.com,Unknown
mail.comx.cf,Unknown
mail.comsb.com,Unknown
mail.com.vc,Unknown
mail.cnieux.com,Unknown
mail.cnanb.com,Unknown
mail.cmheia.com,Unknown
mail.chysir.com,Unknown
mail.chobler.com,Unknown
mail.checkermaker.me,Unknown
mail.chatfunny.com,Unknown
mail.cgbird.com,Unknown
mail.cetnob.com,Unknown
mail.centerf.com,Unknown
mail.cengrop.com,Unknown
mail.caredogbest.shop,Unknown
mail.cabose.com,Unknown
mail.c-n-shop.com,Unknown
mail.buzblox.com,Unknown
mail.bustayes.com,Unknown
mail.bsomek.com,Unknown
mail.bsidesmn.com,Unknown
mail.bizatop.com,Unknown
mail.bixolabs.com,Unknown
mail.bitofee.com,Unknown
mail.binech.com,Unknown
mail.bikedid.com,Unknown
mail.bestoption25.club,Unknown
mail.berwie.com,Unknown
mail.bentrask.com,Unknown
mail.beeplush.com,Unknown
mail.bccto.me,Unknown
mail.bccto.com,Unknown
mail.bayxs.com,Unknown
mail.baltey.com,Unknown
mail.backflip.cf,Unknown
mail.azduan.com,Unknown
mail.ayfoto.com,Unknown
mail.aws910.com,Unknown
mail.avucon.com,Unknown
mail.avashost.com,Unknown
mail.atomeca.com,Unknown
mail.astegol.com,Unknown
mail.aseall.com,Unknown
mail.artgulin.com,Unknown
mail.arensus.com,Unknown
mail.arcadein.com,Unknown
mail.aramask.com,Unknown
mail.aprte.com,Unknown
mail.apostv.com,Unknown
mail.apdiv.com,Unknown
mail.ankokufs.us,Unknown
mail.aniross.com,Unknown
mail.anhthu.org,Unknown
mail.androsapp.ru,Unknown
mail.anawalls.com,Unknown
mail.amozix.com,Unknown
mail.amankro.com,Unknown
mail.almaxen.com,Unknown
mail.almatips.com,Unknown
mail.alisaol.com,Unknown
mail.alibrs.com,Unknown
mail.albarulo.com,Unknown
mail.aixnv.com,Unknown
mail.aixne.com,Unknown
mail.ailicke.com,Unknown
mail.ahieh.com,Unknown
mail.agromgt.com,Unknown
mail.agaseo.com,Unknown
mail.agafx.com,Unknown
mail.aersm.com,Unknown
mail.adstam.com,Unknown
mail.acname.com,Unknown
mail.acentni.com,Unknown
mail.abnovel.com,Unknown
mail.a2qp.com,Unknown
mail.a1.wtf,Unknown
mail.93re.com,Unknown
mail.6464.cf,Unknown
mail.3fdn.com,Unknown
mail.3a88.dev,Unknown
mail.202y.cn,Unknown
mail.0du.win,Unknown
magma.7amail.top,Unknown
maggot.3amail.top,Unknown
maggie.makenzie.chicagoimap.top,Unknown
madueno.freeinvestoradvice.com,Unknown
madlen.weblogausa.site,Unknown
madie.bestbuymoviesforsale.com,Unknown
madagan77.silkbeachtowels.com,Unknown
maa.567map.xyz,Unknown
ma.laste.ml,Unknown
ma.567map.xyz,Unknown
m8r.r-66y.com,Unknown
m8r.mcasal.com,Unknown
m8r.epp73.de,Unknown
m8r.davidfuhr.de,Unknown
m5s.igg.biz,Unknown
m3.guardmail.cf,Unknown
m2.trekr.tk,Unknown
m2.guardmail.cf,Unknown
m1.guardmail.cf,Unknown
m1.blogrtui.ru,Unknown
m0.guardmail.cf,Unknown
m.xrumer.app,Unknown
m.wimine.tk,Unknown
m.u-torrent.gq,Unknown
m.u-torrent.ga,Unknown
m.u-torrent.cf,Unknown
m.tierarzt-lorenz-abt.de,Unknown
m.tartinemoi.com,Unknown
m.svlp.net,Unknown
m.portableblender.club,Unknown
m.polosburberry.com,Unknown
m.pneumo-frankfurt.de,Unknown
m.nosuchdoma.in,Unknown
m.nmcc.info,Unknown
m.nik.me,Unknown
m.mo.me.ganas.mo.lo.pk.darksirius.shop,Unknown
m.kkokc.com,Unknown
m.kkh-rinteln.de,Unknown
m.heduu.com,Unknown
m.gmail.com.indofood.click,Unknown
m.girl-viet.com,Unknown
m.edvzz.com,Unknown
m.ddcrew.com,Unknown
m.convulse.net,Unknown
m.codng.com,Unknown
m.c-n-shop.com,Unknown
m.beedham.org,Unknown
m.bccto.me,Unknown
m.articlespinning.club,Unknown
m.arkf.xyz,Unknown
m.addie.pl,Unknown
m.887.at,Unknown
m.2pai-dev.com,Unknown
lyme27.cheapgreenteabags.com,Unknown
lydia.anjali.miami-mail.top,Unknown
lycos.comx.cf,Unknown
luzi85.latestconsolegames.com,Unknown
luxusmail.my.id,Unknown
luxor.sklep.pl,Unknown
lund.freshbreadcrumbs.com,Unknown
luigistore.my.id,Unknown
luigi.biz.id,Unknown
lucky.bthow.com,Unknown
lucas.1amail.top,Unknown
lubr.laste.ml,Unknown
lsh.my.id,Unknown
lrti.laste.ml,Unknown
lprevin.joseph.es,Unknown
lpaoaoao80101919.ibaloch.com,Unknown
low.qwertylock.com,Unknown
low.poisedtoshrike.com,Unknown
lovig69.plasticvouchercards.com,Unknown
loverbr.cheapgreenteabags.com,Unknown
lov.fassagforpresident.ga,Unknown
loux5.universallightkeys.com,Unknown
lostvape.my.id,Unknown
loozer.my.id,Unknown
look.suspent.com,Unknown
look.oldoutnewin.com,Unknown
look.cowsnbullz.com,Unknown
look.clarized.com,Unknown
longshot.2amail.top,Unknown
long.hammerhandz.com,Unknown
loikl.vocalmajoritynow.com,Unknown
loikl.trillania.com,Unknown
loikl.scoldly.com,Unknown
loikl.makingdomes.com,Unknown
loikl.joyrideday.com,Unknown
loikl.housines.com,Unknown
loikl.consored.com,Unknown
login.microsoft-office.live,Unknown
loehkgjftuu.aid.pl,Unknown
lock.bthow.com,Unknown
lochridge52.cheap3ddigitalcameras.com,Unknown
location.href.length,Unknown
localbizsolutions.instambox.com,Unknown
local.wrengostic.com,Unknown
local.hammerhandz.com,Unknown
loach.italiancarairbags.com,Unknown
lo.guapo.ro,Unknown
lmqk.laste.ml,Unknown
lll.laste.ml,Unknown
lli.laste.ml,Unknown
lkdfg.yoshisad.com,Unknown
lkdfg.variots.com,Unknown
lkdfg.suspent.com,Unknown
lkdfg.pushpophop.com,Unknown
lkdfg.pancingqueen.com,Unknown
lkdfg.mondard.com,Unknown
lkdfg.joyrideday.com,Unknown
lkdfg.360ezzz.com,Unknown
ljp.laste.ml,Unknown
ljm.laste.ml,Unknown
lixo.loxot.eu,Unknown
livio1311.silkwomenshirts.com,Unknown
live.jubileehq.click,Unknown
live.encyclopedia.tw,Unknown
liston93.antiquerestorationwork.com,Unknown
list.elk.pl,Unknown
lipetsk.ekologicheskoe-proektirovanie-saturn.ru,Unknown
linux.7m.ro,Unknown
linanext.ig60.com,Unknown
lin.lingeriemaid.com,Unknown
lin.hanyu.studio,Unknown
limit.laste.ml,Unknown
limbo39.secondhandhomeappliances.com,Unknown
like.ploooop.com,Unknown
like.hammerhandz.com,Unknown
lift.thecruise.click,Unknown
lift.scamperly.click,Unknown
lift.openinvestmentapp.com,Unknown
lift.opengambol.click,Unknown
lift.amistake.click,Unknown
licencja.host-001.eu,Unknown
lgj.laste.ml,Unknown
level3.igg.biz,Unknown
leuchs86.futuristicplanemodels.com,Unknown
letstalk.vacly.click,Unknown
letstalk.thehike.click,Unknown
letstalk.thecaper.click,Unknown
letstalk.scamperly.click,Unknown
letstalk.makeablunder.click,Unknown
letstalk.friskapp.click,Unknown
letstalk.cruisehq.click,Unknown
let.favbat.com,Unknown
lestrange45.aquadivingaccessories.com,Unknown
leni.cupomdedescontorappi.com.br,Unknown
lemontea.biz.id,Unknown
lelverito.gmaillogintips.com,Unknown
lei.laste.ml,Unknown
legal.wrengostic.com,Unknown
legal.maildin.com,Unknown
legal.hammerhandz.com,Unknown
legal.goinglownow.com,Unknown
leech.8amail.top,Unknown
ledt.laste.ml,Unknown
le.monchu.fr,Unknown
ldjmsz.tmpeml.com,Unknown
lc.laste.ml,Unknown
laugh.favbat.com,Unknown
lashomb30.softtoiletpaper.com,Unknown
largen46.softtoiletpaper.com,Unknown
larabell39.musclejapancars.com,Unknown
lanzadigital.my.id,Unknown
laface76.silkbeachtowels.com,Unknown
ladymargaret.ealing.sch.uk,Unknown
lacouette.glasslightbulbs.com,Unknown
lack.favbat.com,Unknown
lacey.cheap3ddigitalcameras.com,Unknown
la2imperial.vrozetke.com,Unknown
l2-id-matcha-slim.goods-wow.shop,Unknown
l0l.l1l.ink,Unknown
l0.l0l0.xyz,Unknown
l.teemail.in,Unknown
l.searchengineranker.email,Unknown
l.safdv.com,Unknown
l.r3-r4.tk,Unknown
l.portablespeaker.club,Unknown
l.polosburberry.com,Unknown
l.familygames.website,Unknown
l.bgsaddrmwn.me,Unknown
kzwu.laste.ml,Unknown
kxmnbhm.gsm.pl,Unknown
kww.laste.ml,Unknown
kwra.laste.ml,Unknown
kutzner5.universallightkeys.com,Unknown
kussman.coolyarddecorations.com,Unknown
kumar.fashionwomenaccessories.com,Unknown
kumar.ceramiccoffecups.com,Unknown
kulionlen.my.id,Unknown
kuk.laste.ml,Unknown
kuj.zoomingabout.com,Unknown
kuj.yoshisad.com,Unknown
kuj.warboardplace.com,Unknown
kuj.scoldly.com,Unknown
kuj.mondard.com,Unknown
kuj.kellergy.com,Unknown
kuj.heartmantwo.com,Unknown
kuj.boringverse.com,Unknown
kucinglucu.my.id,Unknown
kuciemba60.tastyarabicacoffee.com,Unknown
ktno.laste.ml,Unknown
ktlx.laste.ml,Unknown
ksiegapozycjonera.priv.pl,Unknown
ks87.igg.biz,Unknown
krx.laste.ml,Unknown
krucke.nicewoodenbaskets.com,Unknown
krsw.sonshi.cf,Unknown
krouse15.leathermenshoes.com,Unknown
krogstad24.aquadivingaccessories.com,Unknown
kress.tastyarabicacoffee.com,Unknown
krendong.my.id,Unknown
kravitz.fancycarnavalmasks.com,Unknown
kqr.laste.ml,Unknown
kqc.laste.ml,Unknown
kpt.laste.ml,Unknown
kpsa.laste.ml,Unknown
kpll.laste.ml,Unknown
kosmetyczka.hh1.pl,Unknown
konwinski50.glasslightbulbs.com,Unknown
kontakt.imagehostfile.eu,Unknown
kontak.hsnrp.com,Unknown
kommv.cc.be,Unknown
kokovalko.biz.id,Unknown
koegel2.leathermenshoes.com,Unknown
know.wrengostic.com,Unknown
know.vocalmajoritynow.com,Unknown
know.qwertylock.com,Unknown
know.popautomated.com,Unknown
know.poisedtoshrike.com,Unknown
know.cowsnbullz.com,Unknown
know.clarized.com,Unknown
knock.favbat.com,Unknown
knife.ruimz.com,Unknown
kneeskern.freeinvestoradvice.com,Unknown
kmf.laste.ml,Unknown
kmail.wnetz.pl,Unknown
klytreuk.com.uk,Unknown
klom.vocalmajoritynow.com,Unknown
klom.rowrowleft.com,Unknown
klom.frienced.com,Unknown
klom.boringverse.com,Unknown
klet.laste.ml,Unknown
kkz.laste.ml,Unknown
kkuj.laste.ml,Unknown
kjhkj.10mail.tk,Unknown
kirstin55.secondhandhomeappliances.com,Unknown
kir.ch.tc,Unknown
kip.variots.com,Unknown
kip.scoldly.com,Unknown
kip.pushpophop.com,Unknown
kip.pancingqueen.com,Unknown
kip.makingdomes.com,Unknown
kip.housines.com,Unknown
kip.findingperry.com,Unknown
kip.estaxy.com,Unknown
kip.dummyfox.com,Unknown
kip.consored.com,Unknown
kip.blurelizer.com,Unknown
kip.actices.com,Unknown
kimbral.umiesc.pl,Unknown
kimberly.dania.chicagoimap.top,Unknown
kilo.sigma.aolmail.top,Unknown
khalilah.glasslightbulbs.com,Unknown
kennan96.browndecorationlights.com,Unknown
keirron31.are.nom.co,Unknown
kehew66.refurbishedlaserscanners.com,Unknown
keeny43.antiquerestorationwork.com,Unknown
keely.johanna.chicagoimap.top,Unknown
kdqq.laste.ml,Unknown
kaye.my.id,Unknown
kavlingpro.my.id,Unknown
kaus46.secondhandhomeappliances.com,Unknown
katsu28.xpath.site,Unknown
katin.antiquerestorationwork.com,Unknown
kathie.instambox.com,Unknown
kate.1bd.pl,Unknown
katarina.maya.istanbul-imap.top,Unknown
katalog.goinfo.pl,Unknown
kast64.plasticvouchercards.com,Unknown
karyakediri.oool.ooo,Unknown
kartinah.suepjoki.xyz,Unknown
kara.1amail.top,Unknown
kapital.netmail.tk,Unknown
kalemae.my.id,Unknown
kadepak.my.id,Unknown
ka.dvfgadvisors.com,Unknown
k101.hosteko.ru,Unknown
k.shoqc.com,Unknown
k.schimu.com,Unknown
k.polosburberry.com,Unknown
k.homeimprovements.site,Unknown
k.getit.social,Unknown
k.getit.email,Unknown
k.edbnu.com,Unknown
jwnnr.ejx.com,Unknown
jwd.laste.ml,Unknown
jvb.laste.ml,Unknown
just.wrengostic.com,Unknown
just.suspent.com,Unknown
just.poisedtoshrike.com,Unknown
just.ploooop.com,Unknown
junk.vanillasystem.com,Unknown
junk.noplay.org,Unknown
junk.ihmehl.com,Unknown
junk.googlepedia.me,Unknown
junk.beats.org,Unknown
jubaer1.licensezone.top,Unknown
ju.laste.ml,Unknown
jrr.laste.ml,Unknown
jri863g.rel.pl,Unknown
jpf.laste.ml,Unknown
josethor.drope.ml,Unknown
jordyn.tamia.wollomail.top,Unknown
jop.laste.ml,Unknown
join.cheapgreenteabags.com,Unknown
join.actices.com,Unknown
jobs.elumail.com,Unknown
job.cowsnbullz.com,Unknown
job.blurelizer.com,Unknown
jnsgt66.kwikto.com,Unknown
jk.lo-ttus.pw,Unknown
jjl.laste.ml,Unknown
jjc.laste.ml,Unknown
jiy.laste.ml,Unknown
jitari.my.id,Unknown
jikra.my.id,Unknown
jikajepebos.my.id,Unknown
jhl.laste.ml,Unknown
jgi21rz.nom.pl,Unknown
jgg4hu533327872.krhost.ga,Unknown
jf.franchi2.ru,Unknown
jesup.k12.ia.us,Unknown
jester.8amail.top,Unknown
jessie.0amail.top,Unknown
jessicajulian.my.id,Unknown
jessehastodoit.m.nur.vywbltgr.xyz,Unknown
jeschke52.aquadivingaccessories.com,Unknown
jerusalem.fyxo.ml,Unknown
jepekuy.my.id,Unknown
jennie.0amail.top,Unknown
jenni.kewan.online,Unknown
jeie.igg.biz,Unknown
jeetion.housecleaningguides.com,Unknown
jeden.akika.pl,Unknown
jcb.laste.ml,Unknown
jayo.cheapgreenteabags.com,Unknown
jasminsusan.paris-gmail.top,Unknown
jarrod.fastlasermouses.com,Unknown
jared.1amail.top,Unknown
janiceaja.atlanta-webmail.top,Unknown
jangscuak.my.id,Unknown
janavalerie.miami-mail.top,Unknown
jamesbond.igg.biz,Unknown
jama.trenet.eu,Unknown
jam.earnlivez.net,Unknown
jal.laste.ml,Unknown
jagla93.ceramiccoffecups.com,Unknown
jaelyn.amina.wollomail.top,Unknown
jackymel.xl.cx,Unknown
jack.modernsailorclothes.com,Unknown
jachref.du.su,Unknown
jabl.laste.ml,Unknown
ja.laste.ml,Unknown
j.teemail.in,Unknown
j.solarinverter.club,Unknown
j.rvb.ro,Unknown
j.polosburberry.com,Unknown
j.moneyrobotdiagrams.club,Unknown
j.loanme.cheap,Unknown
j.fairuse.org,Unknown
j.aq.si,Unknown
izc.laste.ml,Unknown
iytt.laste.ml,Unknown
iyo.laste.ml,Unknown
ix.pxwsi.com,Unknown
iuh.laste.ml,Unknown
itsmetavazan.my.id,Unknown
its.variots.com,Unknown
its.eastworldwest.com,Unknown
itl.laste.ml,Unknown
italia.igg.biz,Unknown
it.poisedtoshrike.com,Unknown
it.ploooop.com,Unknown
it.cowsnbullz.com,Unknown
istrigendut.my.id,Unknown
islam.igg.biz,Unknown
isassi67.fastlasermouses.com,Unknown
isamy.wodzislaw.pl,Unknown
isakuniki.my.id,Unknown
irene.0amail.top,Unknown
ipsiapacinotti.pt.it,Unknown
ip.webkrasotka.com,Unknown
ip.mailboxxx.net,Unknown
iotu.nctu.me,Unknown
iotu.creo.site,Unknown
iotatheta.wollomail.top,Unknown
iot.vuforia.us,Unknown
iot.ptcu.dev,Unknown
iot.dmtc.dev,Unknown
iopi.my.id,Unknown
ion.5amail.top,Unknown
invalid.luvit.wifimaple.com,Unknown
into.oldoutnewin.com,Unknown
into.housines.com,Unknown
into.hammerhandz.com,Unknown
into.goinglownow.com,Unknown
into.cowsnbullz.com,Unknown
interrante78.softtoiletpaper.com,Unknown
internationalseo-org.numisdaddy.com,Unknown
intel.coms.hk,Unknown
int.suspent.com,Unknown
int.poisedtoshrike.com,Unknown
int.ploooop.com,Unknown
int.inblazingluck.com,Unknown
int.hammerhandz.com,Unknown
inquiries.thehike.click,Unknown
inquiries.opencruise.click,Unknown
inquiries.holidays2017.click,Unknown
ingleses.articles.vip,Unknown
infoavg.my.id,Unknown
info.useswitchon.click,Unknown
info.travelservice4u.com,Unknown
info.travelly.click,Unknown
info.travellabs.click,Unknown
info.travelhub.click,Unknown
info.touristhotel.click,Unknown
info.theroofings.com,Unknown
info.thecruise.click,Unknown
info.teamshq.click,Unknown
info.scamperly.click,Unknown
info.oversightly.com,Unknown
info.oppositehq.click,Unknown
info.openturnon.click,Unknown
info.holidays2017.click,Unknown
info.fiestahq.click,Unknown
info.carnivalday.click,Unknown
info.autogas4you.org,Unknown
info.anniversaryly.click,Unknown
inbox.wep.email,Unknown
inbox.tpost.pw,Unknown
inbox.openmail.cf,Unknown
inbox.imailfree.cc,Unknown
inbox.comx.cf,Unknown
in.warboardplace.com,Unknown
in.laste.ml,Unknown
in.iskba.com,Unknown
in.cowsnbullz.com,Unknown
imp1.enginebulan.online,Unknown
imelgeesa.my.id,Unknown
imap.pozycjonowanie8.pl,Unknown
imail.seomail.eu,Unknown
images.wrengostic.com,Unknown
images.poisedtoshrike.com,Unknown
images.ploooop.com,Unknown
images.novodigs.com,Unknown
images.makingdomes.com,Unknown
image.favbat.com,Unknown
ilt.ctu.edu.gr,Unknown
ilh.laste.ml,Unknown
ijmxty3.atm.pl,Unknown
ijhi.laste.ml,Unknown
ijg.laste.ml,Unknown
iis.roma.it,Unknown
ihnen.silkwomenshirts.com,Unknown
ify.laste.ml,Unknown
ie.laste.ml,Unknown
idong.my.id,Unknown
idea.warboardplace.com,Unknown
idea.hammerhandz.com,Unknown
idea.bothtook.com,Unknown
idea.boringverse.com,Unknown
idby.strx.us,Unknown
id.laste.ml,Unknown
icy.angeliita.com,Unknown
icvq.laste.ml,Unknown
icoder.my.id,Unknown
ichat.sp.edu.sg.perutmules.buzz,Unknown
ic.laste.ml,Unknown
ibze.laste.ml,Unknown
ibrx.laste.ml,Unknown
ibr.laste.ml,Unknown
ibm.laste.ml,Unknown
ibm.coms.hk,Unknown
i.xcode.ro,Unknown
i.wawi.es,Unknown
i.theshopin.xyz,Unknown
i.shredded.website,Unknown
i.shavers.skin,Unknown
i.shamroad.com,Unknown
i.ryanb.com,Unknown
i.relucius.com,Unknown
i.qwertylock.com,Unknown
i.polosburberry.com,Unknown
i.ploooop.com,Unknown
i.oldoutnewin.com,Unknown
i.marrived.com,Unknown
i.istii.ro,Unknown
i.iskba.com,Unknown
i.e-tpc.online,Unknown
i.cowsnbullz.com,Unknown
i.britted.com,Unknown
i.bgsaddrmwn.me,Unknown
hyf.laste.ml,Unknown
hydro.3amail.top,Unknown
hwbq.laste.ml,Unknown
hvirhvi3rhui.laste.ml,Unknown
hv.laste.ml,Unknown
huver76.fancycarnavalmasks.com,Unknown
humn.ws.gy,Unknown
hujk.zoomingabout.com,Unknown
hujk.m8sbeingm8s.com,Unknown
hujk.fanficforum.com,Unknown
hujk.estaxy.com,Unknown
hujk.estabbi.com,Unknown
hujk.actices.com,Unknown
hughett1.junkcarsfloridamiami.com,Unknown
huge.ruimz.com,Unknown
http.e-abrakadabra.pl,Unknown
hsbc.coms.hk,Unknown
hs.hainamcctv.com,Unknown
hrg.laste.ml,Unknown
hp.svitup.com,Unknown
how.wrengostic.com,Unknown
how.hammerhandz.com,Unknown
how.cowsnbullz.com,Unknown
housing.are.nom.co,Unknown
hotmail.com.standeight.com,Unknown
hotmail.com.siambretta.com,Unknown
hotmail.com.plentyapps.com,Unknown
hotmail.com.kids316.com,Unknown
hotmail.com.hitechinfo.com,Unknown
hotmail.com.friskytaphouse.com,Unknown
hotelbochum.de-info.eu,Unknown
hotchkin.newpopularwatches.com,Unknown
hot.coldzera.online,Unknown
hosting.ipiurl.net,Unknown
hostguard.co.fi,Unknown
host.wybuwy.xyz,Unknown
host.wiremail.host,Unknown
host.viewtechnology.info,Unknown
host.favbat.com,Unknown
host.arshopshop.xyz,Unknown
hort.zanycabs.com,Unknown
hort.scoldly.com,Unknown
hort.makingdomes.com,Unknown
hort.joyrideday.com,Unknown
hort.frienced.com,Unknown
hort.findingperry.com,Unknown
hort.fanficforum.com,Unknown
hort.estaxy.com,Unknown
hort.boringverse.com,Unknown
horn.warboardplace.com,Unknown
horn.ploooop.com,Unknown
horn.m8sbeingm8s.com,Unknown
horn.cowsnbullz.com,Unknown
homemail.gr.vu,Unknown
home.hammerhandz.com,Unknown
home.glasstopdiningtable.org,Unknown
hol.suspent.com,Unknown
hol.scoldly.com,Unknown
hol.radities.com,Unknown
hol.qwertylock.com,Unknown
hol.makingdomes.com,Unknown
hol.joyrideday.com,Unknown
hol.housines.com,Unknown
hog.wrengostic.com,Unknown
hog.poisedtoshrike.com,Unknown
hog.factorican.com,Unknown
hoemann72.modernsailorclothes.com,Unknown
ho.laste.ml,Unknown
hnwf.laste.ml,Unknown
hntr93vhdv.uy.to,Unknown
hmo.laste.ml,Unknown
hm.virtualnetia.de,Unknown
hm.laste.ml,Unknown
hlhs.truxamail.com,Unknown
hji.laste.ml,Unknown
hiz76er.priv.pl,Unknown
hit.wrengostic.com,Unknown
hit.ploooop.com,Unknown
hit.oldoutnewin.com,Unknown
hit.hammerhandz.com,Unknown
hit.dobunny.com,Unknown
hit.cowsnbullz.com,Unknown
hit.carmanial.com,Unknown
his.oldoutnewin.com,Unknown
his.blurelizer.com,Unknown
hire.numaze.com,Unknown
hire-iosdeveloper.comodoo-customization.com,Unknown
him.ragnortheblue.com,Unknown
him.oldoutnewin.com,Unknown
him.hammerhandz.com,Unknown
hikaru85.hotube.site,Unknown
highmail.my.id,Unknown
high.yoshisad.com,Unknown
high.ruimz.com,Unknown
high.inblazingluck.com,Unknown
high.hellohappy2.com,Unknown
hhyrnvpbmbw.atm.pl,Unknown
hhdp.laste.ml,Unknown
hh.laste.ml,Unknown
hgq.laste.ml,Unknown
hgghjgh.laste.ml,Unknown
heuangvilay43.nicewoodenbaskets.com,Unknown
heru.appsmail.us,Unknown
hero.bthow.com,Unknown
herly.my.id,Unknown
here.victoriahotel-vietnam.com,Unknown
her.zanycabs.com,Unknown
her.ragnortheblue.com,Unknown
her.housines.com,Unknown
her.cowsnbullz.com,Unknown
henriette74.musclejapancars.com,Unknown
henri70.junkcarsfloridamiami.com,Unknown
helps68.trylinkbuildng.click,Unknown
helpdesk.fliphq.click,Unknown
helpdesk.cruisely.click,Unknown
help98.contactapp.click,Unknown
help98.contact24.click,Unknown
help98.12contacts.click,Unknown
help81.boozeclub.click,Unknown
help80.theteam.click,Unknown
help80.getteams.click,Unknown
help76.getcontcts.click,Unknown
help76.contctsly.click,Unknown
help76.contctly.click,Unknown
help72.contactslbs.click,Unknown
help71.contcthq.click,Unknown
help68.trylinkbuildng.click,Unknown
help101.contcthq.click,Unknown
help.workingtime.click,Unknown
help.vacayly.click,Unknown
help.teamshq.click,Unknown
help.staycation.click,Unknown
help.religiousfestival.click,Unknown
help.oversightly.com,Unknown
help.getjourney.click,Unknown
help.favbat.com,Unknown
hello.vacly.click,Unknown
hello.tryperegrinate.click,Unknown
hello.scamperly.click,Unknown
hello.opengambol.click,Unknown
hello.hikehub.click,Unknown
hello.hexagonaldrawings.com,Unknown
helfer.refurbishedlaserscanners.com,Unknown
heiss73.futuristicplanemodels.com,Unknown
heinsohn29.coolyarddecorations.com,Unknown
healthtips.nvecloud.us,Unknown
he.wrengostic.com,Unknown
he.vocalmajoritynow.com,Unknown
he.oldoutnewin.com,Unknown
he.laste.ml,Unknown
he.hammerhandz.com,Unknown
he.frienced.com,Unknown
hccg.laste.ml,Unknown
hbo.laste.ml,Unknown
have.memberty.com,Unknown
have.joyrideday.com,Unknown
have.inblazingluck.com,Unknown
hat.hathamsters.com,Unknown
hash.poisedtoshrike.com,Unknown
hash.ploooop.com,Unknown
hash.oldoutnewin.com,Unknown
hartlen93.latestconsolegames.com,Unknown
hartini.my.id,Unknown
happy.poisedtoshrike.com,Unknown
happy.ploooop.com,Unknown
happy.maildin.com,Unknown
happy.hammerhandz.com,Unknown
hanson4.dynamicdns.me.uk,Unknown
hansche.softtoiletpaper.com,Unknown
hansblbno.ustka.pl,Unknown
hans.mailedu.de,Unknown
hannelore45.leathermenshoes.com,Unknown
hankin.leathermenshoes.com,Unknown
handy-controls.businessllcflorida.com,Unknown
handans.rufood4kid.ru,Unknown
hammers.leathermenshoes.com,Unknown
haih.servpro10094.com,Unknown
haggar36.ceramiccoffecups.com,Unknown
had.twoja-pozycja.biz,Unknown
habuzie.my.id,Unknown
habibulfauzan.my.id,Unknown
h1h1sv.laste.ml,Unknown
h.theshopin.xyz,Unknown
h.thc.lv,Unknown
h.polosburberry.com,Unknown
h.loanme.loan,Unknown
h.kaowao.org,Unknown
h.captchaeu.info,Unknown
gzo.laste.ml,Unknown
gycz.laste.ml,Unknown
gxta.laste.ml,Unknown
gxg.laste.ml,Unknown
gv.laste.ml,Unknown
guus02.guccisacsite.com,Unknown
gushi54.softtoiletpaper.com,Unknown
guntert69.newpopularwatches.com,Unknown
gunalizy.mazury.pl,Unknown
guitano23.italiancarairbags.com,Unknown
guilmain43.silkwomenshirts.com,Unknown
guild.poisedtoshrike.com,Unknown
guild.maildin.com,Unknown
guild.cowsnbullz.com,Unknown
guidance.usetour.click,Unknown
guidance.turnonlabs.click,Unknown
guidance.turnonhub.click,Unknown
guidance.openinvestmentapp.com,Unknown
guidance.meettravel.click,Unknown
guidance.getturnon.click,Unknown
guidance.getcaper.click,Unknown
guidance.fetely.click,Unknown
guidance.fauxpas.click,Unknown
guidance.cruisehq.click,Unknown
guid.theroofings.com,Unknown
guid.switchon.click,Unknown
guid.staycation.click,Unknown
guid.oppositehq.click,Unknown
guid.monthoff.click,Unknown
guess.bthow.com,Unknown
gti.yoshisad.com,Unknown
gti.warboardplace.com,Unknown
gti.scoldly.com,Unknown
gti.pushpophop.com,Unknown
gti.memberty.com,Unknown
gti.makingdomes.com,Unknown
gti.jinmydarling.com,Unknown
gti.inblazingluck.com,Unknown
gti.frienced.com,Unknown
gti.estabbi.com,Unknown
gti.eastworldwest.com,Unknown
gti.consored.com,Unknown
gsit.laste.ml,Unknown
gsa8.katykahn.co.uk,Unknown
gs.mailyou.nl,Unknown
gs.laste.ml,Unknown
grundhoefer.antiquerestorationwork.com,Unknown
groups.poisedtoshrike.com,Unknown
groups.hammerhandz.com,Unknown
groups.findingperry.com,Unknown
groups.clarized.com,Unknown
groups.360ezzz.com,Unknown
grotzke.secondhandhomeappliances.com,Unknown
grossen.fastlasermouses.com,Unknown
grippe.instambox.com,Unknown
gresyuip.com.uk,Unknown
greendike.lafzqhg.kangnuer.tech,Unknown
gray.grigio.cf,Unknown
graphic14.catchydrift.com,Unknown
grandner78.nicewoodenbaskets.com,Unknown
grain.ruimz.com,Unknown
grain.bthow.com,Unknown
gracia.bheckintocash-here.com,Unknown
gq.markmel.xyz,Unknown
gp.laste.ml,Unknown
gowikimusic.great-host.in,Unknown
gov.rebate-grant.com,Unknown
got.popautomated.com,Unknown
got.poisedtoshrike.com,Unknown
got.fanficforum.com,Unknown
got.360ezzz.com,Unknown
gordon.prometheusx.pl,Unknown
gorczyca.latestconsolegames.com,Unknown
gopi.sahi.tk,Unknown
goooogle.igg.biz,Unknown
good.poisedtoshrike.com,Unknown
gongaware26.instambox.com,Unknown
gomail.pgojual.com,Unknown
gollum.fischfresser.de,Unknown
gold.oldoutnewin.com,Unknown
gold.hammerhandz.com,Unknown
gold.favbat.com,Unknown
goewey.cheapgreenteabags.com,Unknown
go.wrengostic.com,Unknown
go.totozyn.com,Unknown
go.opheliia.com,Unknown
go.oldoutnewin.com,Unknown
go.irc.so,Unknown
go.frienced.com,Unknown
gnjw.laste.ml,Unknown
gmmail.coail.com,Unknown
gmali.my.id,Unknown
gmailku.my.id,Unknown
gmail.zmail.space,Unknown
gmail.sojaliebe.de,Unknown
gmail.pavestonebuilders.com,Unknown
gmail.ns.8.cuffa.com,Unknown
gmail.meleni.xyz,Unknown
gmail.laste.ml,Unknown
gmail.keitin.site,Unknown
gmail.hks179.atkia.com,Unknown
gmail.gm9.com,Unknown
gmail.freegivs.tk,Unknown
gmail.fhdhdj6782.uploadscript.com,Unknown
gmail.comukhkiisco.mailboxxx.net,Unknown
gmail.comicloud.com,Unknown
gmail.com.whatistrust.info,Unknown
gmail.com.waterbedblog.com,Unknown
gmail.com.uzbekbazaar.com,Unknown
gmail.com.urbanban.com,Unknown
gmail.com.tubidu.com,Unknown
gmail.com.tokencoach.com,Unknown
gmail.com.thetybeetimes.net,Unknown
gmail.com.svitup.com,Unknown
gmail.com.standeight.com,Unknown
gmail.com.skvorets.com,Unknown
gmail.com.sdfgmail.com,Unknown
gmail.com.sahabatasas.com,Unknown
gmail.com.rockjia.com,Unknown
gmail.com.researchdetectors.com,Unknown
gmail.com.qqowl.club,Unknown
gmail.com.prestamospersonalesfzrz.com,Unknown
gmail.com.nnn.5.airmo.net,Unknown
gmail.com.nicolhampel.com,Unknown
gmail.com.networkrank.com,Unknown
gmail.com.motifasidiri.website,Unknown
gmail.com.matt-salesforce.com,Unknown
gmail.com.marcsplaza.com,Unknown
gmail.com.mailboxxx.net,Unknown
gmail.com.keitin.site,Unknown
gmail.com.jmortgageli.com,Unknown
gmail.com.innoberg.com,Unknown
gmail.com.indofood.click,Unknown
gmail.com.homelu.com,Unknown
gmail.com.hobbytraining.com,Unknown
gmail.com.hitechinfo.com,Unknown
gmail.com.herbalsoftware.com,Unknown
gmail.com.healthyheartforall.com,Unknown
gmail.com.hassle-me.com,Unknown
gmail.com.gsclawnet.com,Unknown
gmail.com.gmail.gmail.cad.creou.dev,Unknown
gmail.com.gmail.com.m.oazis.site,Unknown
gmail.com.gmail.cad.creou.dev,Unknown
gmail.com.gazetecizgi.com,Unknown
gmail.com.gamzwe.com,Unknown
gmail.com.gabrielshmidt.com,Unknown
gmail.com.furnitt.com,Unknown
gmail.com.forffives.casa,Unknown
gmail.com.firstrest.com,Unknown
gmail.com.filemakertechniques.com,Unknown
gmail.com.facebook.com-youtube.com.facebookmail.com.gemuk.buzz,Unknown
gmail.com.eqsaucege.com,Unknown
gmail.com.eparts1.com,Unknown
gmail.com.elitegunshop.com,Unknown
gmail.com.diybookmarks.com,Unknown
gmail.com.disusedtube.com,Unknown
gmail.com.dirtypetrol.com,Unknown
gmail.com.digitalmarketingcoursesusa.com,Unknown
gmail.com.devist.com,Unknown
gmail.com.derdisoft.com,Unknown
gmail.com.deadlyspace.com,Unknown
gmail.com.creou.dev,Unknown
gmail.com.creditcardforums.org,Unknown
gmail.com.court-records.org,Unknown
gmail.com.cookadoo.com,Unknown
gmail.com.contractnotify.com,Unknown
gmail.com.commercecrypto.com,Unknown
gmail.com.churchofo.com,Unknown
gmail.com.chicagoquote.com,Unknown
gmail.com.cad.creou.dev,Unknown
gmail.com.bktps.com,Unknown
gmail.com.bikelabel.com,Unknown
gmail.com.bellwellcharters.com,Unknown
gmail.com.9227uu.com,Unknown
gmail.com.9.p-oops.com,Unknown
gmail.com.57.liveloveability.com,Unknown
gmail.com.56.1.755.t.sahabatasas.com,Unknown
gmail.com.247blog.com,Unknown
gmail.com.1.0.35.manifietso.org,Unknown
gmail.com.0.wybuwy.xyz,Unknown
gmail.com.0.warna222.com,Unknown
gmail.com.0.thumbpaste.com,Unknown
gmail.com.0.tearflakes.com,Unknown
gmail.com.0.rdupi.org,Unknown
gmail.com.0.marcsplaza.com,Unknown
gmail.com.0.lifestyleunrated.com,Unknown
gmail.bsos4.fh.ht2.cruxsite.com,Unknown
gmail.bdca-net.com,Unknown
gmaiil.my.id,Unknown
glt.netmail.tk,Unknown
glosowanie.host-001.eu,Unknown
glass.glasslightbulbs.com,Unknown
gk.digitisebd.xyz,Unknown
give.poisedtoshrike.com,Unknown
give.mondard.com,Unknown
give.hammerhandz.com,Unknown
give.britted.com,Unknown
gisella.herbert1818.site,Unknown
ginarosales.biz.id,Unknown
gift.favbat.com,Unknown
gianunzio34.spicysallads.com,Unknown
ghs.laste.ml,Unknown
ghost.2amail.top,Unknown
ghkoyee.com.uk,Unknown
gh.wlot.in,Unknown
gg.gmail2444.tk,Unknown
gfan.gvoice.men,Unknown
gf.wlot.in,Unknown
gf.laste.ml,Unknown
getanswer.scamperly.click,Unknown
getanswer.opencruise.click,Unknown
getanswer.makeablunder.click,Unknown
getanswer.gambolly.click,Unknown
getanswer.friskly.click,Unknown
getanswer.falsestep.click,Unknown
get.yoshisad.com,Unknown
get.variots.com,Unknown
get.poisedtoshrike.com,Unknown
get.ploooop.com,Unknown
get.oldoutnewin.com,Unknown
get.hammerhandz.com,Unknown
get.griyakuliner.com,Unknown
get.cowsnbullz.com,Unknown
gere.oazis.site,Unknown
gepx.laste.ml,Unknown
gentle.7amail.top,Unknown
generalmotors.tpost.pw,Unknown
general.wrengostic.com,Unknown
general.popautomated.com,Unknown
general.ploooop.com,Unknown
general.oldoutnewin.com,Unknown
general.jinmydarling.com,Unknown
general.hammerhandz.com,Unknown
general.cruisely.click,Unknown
general.cruisehq.click,Unknown
general.cruiseapp.click,Unknown
general.caperapp.click,Unknown
gen.uu.gl,Unknown
gen.noxblocks.tk,Unknown
gek.laste.ml,Unknown
ged.laste.ml,Unknown
gear.bthow.com,Unknown
gdsygu433t633t81871.luservice.com,Unknown
gd.laste.ml,Unknown
gbn.laste.ml,Unknown
gasss.my.id,Unknown
gas4.youremail.website,Unknown
gas4.emaillog.website,Unknown
gas3.emailpro.website,Unknown
gas3.emailme.website,Unknown
gas3.emaillog.website,Unknown
gas2.youremail.website,Unknown
gas2.emailprocessing.website,Unknown
gas2.emaillog.website,Unknown
gas1.youremail.website,Unknown
gas1.emailpro.website,Unknown
gas1.emaillog.website,Unknown
garlinger14.softtoiletpaper.com,Unknown
gamno.config.work,Unknown
gami.my.id,Unknown
gamemail.my.id,Unknown
game.bthow.com,Unknown
gamail.comamail.com,Unknown
galhan.my.id,Unknown
galaxy.wrengostic.com,Unknown
galaxy.oldoutnewin.com,Unknown
galaxy.maildin.com,Unknown
galaxy.hellohappy2.com,Unknown
galaxy.hammerhandz.com,Unknown
galaxy.emailind.com,Unknown
gaf.oseanografi.id,Unknown
g2.brassneckbrewing.com,Unknown
g.ycn.ro,Unknown
g.theshopin.xyz,Unknown
g.sportwatch.website,Unknown
g.seoestore.us,Unknown
g.polosburberry.com,Unknown
g.makeup.blue,Unknown
g.hamsterbreeeding.com,Unknown
g.gsasearchengineranker.space,Unknown
g.gsasearchengineranker.pw,Unknown
g.coloncleanse.club,Unknown
g.captchaeu.info,Unknown
g.bestwrinklecreamnow.com,Unknown
g.1000welectricscooter.com,Unknown
fxfe.laste.ml,Unknown
fwd2m.eszett.es,Unknown
fwd.riothero.com,Unknown
fw.moza.pl,Unknown
fuup.laste.ml,Unknown
futk.laste.ml,Unknown
fusion.oldoutnewin.com,Unknown
fusion.milltrill.com,Unknown
fun.angeliita.com,Unknown
fumio86.eyneta.site,Unknown
fulena53.antiquerestorationwork.com,Unknown
fukushima.softtoiletpaper.com,Unknown
fucillo215.fastlasermouses.com,Unknown
fubuki.shp7.cn,Unknown
fu.laste.ml,Unknown
ft.newyourlife.com,Unknown
fshare.ootech.vn,Unknown
fsd169.freeinvestoradvice.com,Unknown
fs.mercedes500.de,Unknown
from.ploooop.com,Unknown
from.inblazingluck.com,Unknown
from.hammerhandz.com,Unknown
frein51.browndecorationlights.com,Unknown
freidet.italiancarairbags.com,Unknown
freemail.trankery.net,Unknown
freelance-france.euposta.store,Unknown
free.yhstw.org,Unknown
free.mail52.tk,Unknown
free.mail52.ml,Unknown
free.mail52.gq,Unknown
free.mail52.ga,Unknown
free.mail52.cf,Unknown
frederick.0amail.top,Unknown
frame.favbat.com,Unknown
fraga.leatherdocumentbags.com,Unknown
fqm.laste.ml,Unknown
fpostoffice.isp.covid19.host,Unknown
fpn.laste.ml,Unknown
fpfc.fpfc.fpfc.fpfc.fpfc.ml,Unknown
fpe.laste.ml,Unknown
fourth.bgchan.net,Unknown
four.fackme.gq,Unknown
four.emailfake.ml,Unknown
fot.doramm.com.pl,Unknown
forward.modafe.design,Unknown
forum.multi.pl,Unknown
forum.minecraftplayers.pl,Unknown
forum.defqon.ru,Unknown
forth.bthow.com,Unknown
form.bthow.com,Unknown
for.ploooop.com,Unknown
for.oldoutnewin.com,Unknown
for.kellergy.com,Unknown
for.goinglownow.com,Unknown
for.frienced.com,Unknown
for.favbat.com,Unknown
for.factorican.com,Unknown
footman.fastlasermouses.com,Unknown
follis23.universallightkeys.com,Unknown
folk97.glasslightbulbs.com,Unknown
fod.laste.ml,Unknown
fmz.laste.ml,Unknown
fmt.laste.ml,Unknown
fmail.ishanavasthi.in,Unknown
fm.bzznectar.io,Unknown
float.ploooop.com,Unknown
float.cowsnbullz.com,Unknown
flixpremi.my.id,Unknown
flester.igg.biz,Unknown
flesh.bthow.com,Unknown
flavin90.fashionwomenaccessories.com,Unknown
flashbox.5july.org,Unknown
flash.host-001.eu,Unknown
fl.kaowao.org,Unknown
fl.hatberkshire.com,Unknown
fkel.laste.ml,Unknown
fj.laste.ml,Unknown
fix.2amail.top,Unknown
five.fackme.gq,Unknown
five.emailfake.ml,Unknown
fit.favbat.com,Unknown
fit.bthow.com,Unknown
fish.skytale.net,Unknown
fisanick88.universallightkeys.com,Unknown
first.next4.ir,Unknown
firemail.uz.ua,Unknown
fire.tas.gov.au.smtp.elderflame.xyz,Unknown
fire.favbat.com,Unknown
fiorino.glasslightbulbs.com,Unknown
finder.laste.ml,Unknown
finance.zoomingabout.com,Unknown
finance.radities.com,Unknown
finance.popautomated.com,Unknown
finance.foodforhat.com,Unknown
finance.findingperry.com,Unknown
final.suspent.com,Unknown
final.poisedtoshrike.com,Unknown
final.ploooop.com,Unknown
final.kellergy.com,Unknown
final.iskba.com,Unknown
final.hellohappy2.com,Unknown
files.vipgod.ru,Unknown
figler.junkcarsfloridamiami.com,Unknown
fight.wyszukiwarkamp3.pl,Unknown
field.bthow.com,Unknown
fgrx.laste.ml,Unknown
fgr.wirelax.com,Unknown
fgr.warboardplace.com,Unknown
fgr.scoldly.com,Unknown
fgr.radities.com,Unknown
fgr.qwertylock.com,Unknown
fgr.pancingqueen.com,Unknown
fgr.memberty.com,Unknown
fgr.inblazingluck.com,Unknown
fgr.goinglownow.com,Unknown
fgr.frienced.com,Unknown
fgr.boringverse.com,Unknown
fellon49.freshbreadcrumbs.com,Unknown
feedback.tryhike.click,Unknown
feedback.religiousfestival.click,Unknown
feedback.opencaper.click,Unknown
feedback.getcaper.click,Unknown
feedback.galaday.click,Unknown
feather.9amail.top,Unknown
fd.laste.ml,Unknown
fcwnfqdy.pc.pl,Unknown
fc.opheliia.com,Unknown
fbw.laste.ml,Unknown
fbi.coms.hk,Unknown
fbc.laste.ml,Unknown
fb.opheliia.com,Unknown
fb.laste.ml,Unknown
fb.hex2.ml,Unknown
fateh.limemac.top,Unknown
fast.ruimz.com,Unknown
farmer.are.nom.co,Unknown
faridkurnn.my.id,Unknown
far.blyxen.org,Unknown
fapfap.8x.biz,Unknown
fapfap.7c.org,Unknown
faoo.laste.ml,Unknown
fakerku.my.id,Unknown
fakemail.penguen.tk,Unknown
fakemail.intimsex.de,Unknown
fake.zerofly.blog,Unknown
fake.zdymak.live,Unknown
fake.sorcix.com,Unknown
fake.i-3gk.ml,Unknown
fake.i-3gk.gq,Unknown
fake.i-3gk.ga,Unknown
fake.i-3gk.cf,Unknown
fake.goodge.ca,Unknown
fajnetematy.czest.pl,Unknown
faer5.oazis.site,Unknown
faer3.oazis.site,Unknown
faer2.oazis.site,Unknown
faer.oazis.site,Unknown
face.4amail.top,Unknown
facade.8amail.top,Unknown
f2.schweiz.baby,Unknown
f0205.trustcombat.com,Unknown
f.yourmail.website,Unknown
f.waterpurifier.club,Unknown
f.uhdtv.website,Unknown
f.theshopin.xyz,Unknown
f.teemail.in,Unknown
f.seoestore.us,Unknown
f.searchengineranker.email,Unknown
f.ps4.rocks,Unknown
f.polosburberry.com,Unknown
f.mylittlepony.website,Unknown
f.moza.pl,Unknown
f.mediaplayer.website,Unknown
f.ishanavasthi.co.in,Unknown
f.gsasearchengineranker.xyz,Unknown
f.gsasearchengineranker.top,Unknown
f.gsasearchengineranker.space,Unknown
f.gsasearchengineranker.site,Unknown
f.gsasearchengineranker.pw,Unknown
f.getit.social,Unknown
f.garciniacambogia.directory,Unknown
f.fastmail.website,Unknown
f.dogclothing.store,Unknown
f.coloncleanse.club,Unknown
f.captchaeu.info,Unknown
f.bgsaddrmwn.me,Unknown
f.bestwrinklecreamnow.com,Unknown
f.barbiedreamhouse.club,Unknown
f.asiamail.website,Unknown
ezzk.laste.ml,Unknown
ezmarket.my.id,Unknown
extra.wrengostic.com,Unknown
extra.poisedtoshrike.com,Unknown
extra.ploooop.com,Unknown
extra.oscarr.nl,Unknown
extra.hammerhandz.com,Unknown
extra.droidpic.com,Unknown
extra.carmanial.com,Unknown
expetasia.my.id,Unknown
exmail.biz.id,Unknown
ewermin.dubaipipeband.com,Unknown
evergo.igg.biz,Unknown
ever.favbat.com,Unknown
even.vocalmajoritynow.com,Unknown
even.ploooop.com,Unknown
eva.bigmail.info,Unknown
eure-et-loir.pref.gouvr.fr,Unknown
eur03.safelinks.protection.outlook.com.dlyemail.com,Unknown
eu.wrengostic.com,Unknown
eu.vocalmajoritynow.com,Unknown
eu.oldoutnewin.com,Unknown
eu.igg.biz,Unknown
eu.dlink.gq,Unknown
eu.dlink.cf,Unknown
eu.cowsnbullz.com,Unknown
etw.zanycabs.com,Unknown
etw.yoshisad.com,Unknown
etw.relucius.com,Unknown
etw.m8sbeingm8s.com,Unknown
etw.laste.ml,Unknown
etw.housines.com,Unknown
etw.hellohappy2.com,Unknown
etw.goinglownow.com,Unknown
etw.fanficforum.com,Unknown
etw.estabbi.com,Unknown
etw.eastworldwest.com,Unknown
etw.blurelizer.com,Unknown
ett.laste.ml,Unknown
eternity.my.id,Unknown
etbclwlt.priv.pl,Unknown
esteb4.cheapgreenteabags.com,Unknown
est.une.victime.ninja,Unknown
essay.mawbot.com,Unknown
eset.t28.net,Unknown
erun.2nightgz.com,Unknown
er.zero-degre.top,Unknown
eqv.laste.ml,Unknown
epostmail.comx.cf,Unknown
epic.swat.rip,Unknown
eph.laste.ml,Unknown
eop.variots.com,Unknown
eop.relucius.com,Unknown
eop.pushpophop.com,Unknown
eop.mondard.com,Unknown
eop.memberty.com,Unknown
eop.estabbi.com,Unknown
eop.dummyfox.com,Unknown
entitle.laste.ml,Unknown
enriques21.leathermenshoes.com,Unknown
enquiry.turnonly.click,Unknown
enquiry.getgambol.click,Unknown
enem.inep.gov.br.rotecproperty.xyz,Unknown
encrot.uk.ht,Unknown
en.urlaubswelt-lanzarote.com,Unknown
emsq.laste.ml,Unknown
emmajulissa.kyoto-webmail.top,Unknown
emgh.zoomingabout.com,Unknown
emgh.ragnortheblue.com,Unknown
emgh.pancingqueen.com,Unknown
emgh.makingdomes.com,Unknown
emgh.fanficforum.com,Unknown
emgh.consored.com,Unknown
emailx.at.hm,Unknown
emailus.vacayly.click,Unknown
emailus.thegambol.click,Unknown
emailus.caperly.click,Unknown
emails.be.sexy,Unknown
emailfake.com.tempxmail.info,Unknown
emailbox.comx.cf,Unknown
email3.mindrelay.com,Unknown
email2020.mehrpoy.ir,Unknown
email1.akun-thailand.com,Unknown
email.zyz5.com,Unknown
email.webcity.ml,Unknown
email.wassusf.online,Unknown
email.viola.gq,Unknown
email.ucms.edu.pk,Unknown
email.sowad.tk,Unknown
email.sesmmdevelopment.com,Unknown
email.quora.link,Unknown
email.pubgm.website,Unknown
email.pozycjonowanie8.pl,Unknown
email.paddle.news,Unknown
email.omshanti.edu.in,Unknown
email.mredgariux.site,Unknown
email.mbd.one,Unknown
email.k4b.pw,Unknown
email.jjj.ee,Unknown
email.infokehilangan.com,Unknown
email.imailfree.cc,Unknown
email.gplupx.com,Unknown
email.freecrypt.org,Unknown
email.cykldrzewa.pl,Unknown
email.comx.cf,Unknown
email.cbes.net,Unknown
email.apple.com.bukutututul.xyz.apple.com.bukutututul.xyz,Unknown
email.apollo-training.de,Unknown
email.a51.fr,Unknown
email.40iq.com,Unknown
elsewhere.3amail.top,Unknown
elly.email4edu.com,Unknown
elie88.tastyarabicacoffee.com,Unknown
elen.nicewoodenbaskets.com,Unknown
el.efast.in,Unknown
ekgh.laste.ml,Unknown
ek.laste.ml,Unknown
ej.opheliia.com,Unknown
eissinger65.silkwomenshirts.com,Unknown
eight.fackme.gq,Unknown
eight.emailfake.ml,Unknown
eidem.leatherdocumentbags.com,Unknown
ehne.laste.ml,Unknown
ehhd.laste.ml,Unknown
eg.laste.ml,Unknown
efrain.www.com,Unknown
efmo.laste.ml,Unknown
efepala.kazimierz-dolny.pl,Unknown
ee.anglik.org,Unknown
eduardo.ceramiccoffecups.com,Unknown
edu.universallightkeys.com,Unknown
edu.suspent.com,Unknown
edu.hammerhandz.com,Unknown
edu.foodforhat.com,Unknown
edu.dmtc.press,Unknown
edu.dmtc.dev,Unknown
edu.creo.site,Unknown
edu.cowsnbullz.com,Unknown
edn.laste.ml,Unknown
edge.yoshisad.com,Unknown
edge.wrengostic.com,Unknown
edge.ploooop.com,Unknown
edge.cowsnbullz.com,Unknown
edf.ca.pn,Unknown
ed.laste.ml,Unknown
ecudeju.olkusz.pl,Unknown
eco.ilmale.it,Unknown
ebu.laste.ml,Unknown
ebg.laste.ml,Unknown
easymail.igg.biz,Unknown
earthman54.cheap3ddigitalcameras.com,Unknown
earth.wrengostic.com,Unknown
earth.ploooop.com,Unknown
earth.oldoutnewin.com,Unknown
earth.maildin.com,Unknown
earth.heartmantwo.com,Unknown
earth.findingperry.com,Unknown
eami85nt.atm.pl,Unknown
ea1.tapical.com,Unknown
e3.nagaseeo.com,Unknown
e2trg8d4.priv.pl,Unknown
e.wupics.com,Unknown
e.waterpurifier.club,Unknown
e.virtualmail.website,Unknown
e.uhdtv.website,Unknown
e.theshopin.xyz,Unknown
e.socialcampaigns.org,Unknown
e.shavers.hair,Unknown
e.shapoo.ch,Unknown
e.seoestore.us,Unknown
e.razore100.fans,Unknown
e.ps4.rocks,Unknown
e.polosburberry.com,Unknown
e.ouijaboard.club,Unknown
e.nodie.cc,Unknown
e.mylittlepony.website,Unknown
e.milavitsaromania.ro,Unknown
e.mediaplayer.website,Unknown
e.gsasearchengineranker.xyz,Unknown
e.gsasearchengineranker.top,Unknown
e.gsasearchengineranker.space,Unknown
e.gsasearchengineranker.site,Unknown
e.gsasearchengineranker.pw,Unknown
e.gsamail.website,Unknown
e.garciniacambogia.directory,Unknown
e.dogclothing.store,Unknown
e.discard-email.cf,Unknown
e.crazymail.website,Unknown
e.coloncleanse.club,Unknown
e.captchaeu.info,Unknown
e.blogspam.ro,Unknown
e.bgsaddrmwn.me,Unknown
e.bettermail.website,Unknown
e.bestwrinklecreamnow.com,Unknown
e.beardtrimmer.club,Unknown
e.barbiedreamhouse.club,Unknown
e.arno.fi,Unknown
e.amav.ro,Unknown
e.addie.pl,Unknown
e.4pet.ro,Unknown
e-mailbox.comx.cf,Unknown
e-mail.webcity.ml,Unknown
e-mail.igg.biz,Unknown
e-mail.comx.cf,Unknown
dziesiec.akika.pl,Unknown
dzb.laste.ml,Unknown
dz.usto.in,Unknown
dyrstad.junkcarsfloridamiami.com,Unknown
dx.sly.io,Unknown
dx.ez.lv,Unknown
dx.awiki.org,Unknown
dx.allowed.org,Unknown
dx.abuser.eu,Unknown
dweezlemail.ufodns.com,Unknown
dwa.wiadomosc.pisz.pl,Unknown
dvakansiisochi20139.cx.cc,Unknown
dupaemailk.com.uk,Unknown
dunyoakhirot.my.id,Unknown
ducl.laste.ml,Unknown
duck.9amail.top,Unknown
duajutadollar.my.id,Unknown
dth.laste.ml,Unknown
dte.laste.ml,Unknown
dsb.damelin.com,Unknown
drzwi.turek.pl,Unknown
drupaladdons.brainhard.net,Unknown
drublowjob20138.cx.cc,Unknown
drop.ekholm.org,Unknown
dragonfly.4amail.top,Unknown
dr.laste.ml,Unknown
dqi.laste.ml,Unknown
dowohiho.ostrowiec.pl,Unknown
down.favbat.com,Unknown
doom41.freshbreadcrumbs.com,Unknown
donkman.fastlasermouses.com,Unknown
dominiquejulianna.chicagoimap.top,Unknown
dog.ms1.email,Unknown
dog.coino.pl,Unknown
dod.laste.ml,Unknown
doctor.6amail.top,Unknown
docs.wrengostic.com,Unknown
docs.qwertylock.com,Unknown
docs.poisedtoshrike.com,Unknown
docs.oldoutnewin.com,Unknown
docs.m8sbeingm8s.com,Unknown
docs.coms.hk,Unknown
do.wrengostic.com,Unknown
do.variots.com,Unknown
do.popautomated.com,Unknown
do.ploooop.com,Unknown
do.oldoutnewin.com,Unknown
do.heartmantwo.com,Unknown
do.hammerhandz.com,Unknown
do.cowsnbullz.com,Unknown
dnzj.laste.ml,Unknown
dnd.simplus.com.br,Unknown
dna.mdisks.com,Unknown
dmtu.ctu.edu.gr,Unknown
dmtp.fhvxkg2t.xyz,Unknown
dmgc.laste.ml,Unknown
dmfjrgl.turystyka.pl,Unknown
dmcd.ctu.edu.gr,Unknown
dmail.unrivaledtechnologies.com,Unknown
dmail.kyty.net,Unknown
dm.w3internet.co.ukexample.com,Unknown
dm.w3internet.co.uk,Unknown
dle.funerate.xyz,Unknown
dl.ploooop.com,Unknown
dkinodrom20133.cx.cc,Unknown
dj.laste.ml,Unknown
disposableemailaddresses.emailmiser.com,Unknown
disposable.nogonad.nl,Unknown
disposable.dhc-app.com,Unknown
disposable.al-sudani.com,Unknown
disposable.adriatic.net,Unknown
dispo.sebbcn.net,Unknown
discover.eastworldwest.com,Unknown
dirienzo.universallightkeys.com,Unknown
direct.ditchly.com,Unknown
digitalshopkita.my.id,Unknown
dianetaylor.pop3mail.top,Unknown
dgon.weblogausa.site,Unknown
dghi.laste.ml,Unknown
dgfghgj.com.us,Unknown
dfs1.my.id,Unknown
dfhdfh.laste.ml,Unknown
developer.wrengostic.com,Unknown
developer.hammerhandz.com,Unknown
developer.cowsnbullz.com,Unknown
developer.consored.com,Unknown
developer.boringverse.com,Unknown
dev.zanycabs.com,Unknown
dev.qwertylock.com,Unknown
dev.poisedtoshrike.com,Unknown
dev.ploooop.com,Unknown
dev.hammerhandz.com,Unknown
detect.britted.com,Unknown
desktop.yoshisad.com,Unknown
desktop.relucius.com,Unknown
desktop.poisedtoshrike.com,Unknown
desktop.ploooop.com,Unknown
desktop.hammerhandz.com,Unknown
desk.oldoutnewin.com,Unknown
desk.cowsnbullz.com,Unknown
desireemadelyn.kyoto-webmail.top,Unknown
desireeangelique.washington-pop3.top,Unknown
desire.4amail.top,Unknown
dermagse.my.id,Unknown
derenthal.softtoiletpaper.com,Unknown
der.madhuratri.com,Unknown
denunzio.italiancarairbags.com,Unknown
denl.laste.ml,Unknown
denger71.fashionwomenaccessories.com,Unknown
denauss.my.id,Unknown
denault34.browndecorationlights.com,Unknown
demo.neetrix.com,Unknown
delsavio16.silkwomenshirts.com,Unknown
delperdang24.housecleaningguides.com,Unknown
delka.yoshisad.com,Unknown
delka.suspent.com,Unknown
delka.hellohappy2.com,Unknown
delka.goinglownow.com,Unknown
delka.frienced.com,Unknown
delka.dobunny.com,Unknown
delka.blurelizer.com,Unknown
dele.suspent.com,Unknown
dele.relucius.com,Unknown
dele.pancingqueen.com,Unknown
dele.mondard.com,Unknown
dele.findingperry.com,Unknown
dele.dobunny.com,Unknown
dele.blurelizer.com,Unknown
delay.favbat.com,Unknown
delany.my.id,Unknown
deiter.merkez34.com,Unknown
deily77.refurbishedlaserscanners.com,Unknown
dehler.spicysallads.com,Unknown
default.tmail.thehp.in,Unknown
def.vocalmajoritynow.com,Unknown
def.variots.com,Unknown
def.trillania.com,Unknown
def.radities.com,Unknown
def.findingperry.com,Unknown
def.dobunny.com,Unknown
def.crossandgarlic.com,Unknown
def.carmanial.com,Unknown
def.blurelizer.com,Unknown
def.actices.com,Unknown
dedi.qwertylock.com,Unknown
dedi.poisedtoshrike.com,Unknown
dedi.ploooop.com,Unknown
dedi.m8sbeingm8s.com,Unknown
dedi.estabbi.com,Unknown
dedi.cowsnbullz.com,Unknown
dedi.clarized.com,Unknown
dea.laste.ml,Unknown
de.oldoutnewin.com,Unknown
de.newhorizons.gq,Unknown
de.introverted.ninja,Unknown
de-register.newdevice-secure.com,Unknown
de-fake.instafly.cf,Unknown
ddr.laste.ml,Unknown
dddu.laste.ml,Unknown
ddd.megafon.org.ua,Unknown
dc.laste.ml,Unknown
david.weblogausa.site,Unknown
daszyfrkfup.targi.pl,Unknown
danns.spicysallads.com,Unknown
dani.cheapgreenteabags.com,Unknown
damon.1amail.top,Unknown
daly.malbork.pl,Unknown
dall10.musclejapancars.com,Unknown
daisuke4410.akihiro16.prowebmail.online,Unknown
dailyautoapprovedlist.blogmyspot.com,Unknown
dadd.kikwet.com,Unknown
daangnhap.casteshop.com,Unknown
da.laste.ml,Unknown
d10.michaelkorssaleoutlet.com,Unknown
d.yourmail.website,Unknown
d.waterpurifier.club,Unknown
d.virtualmail.website,Unknown
d.uhdtv.website,Unknown
d.theshopin.xyz,Unknown
d.seoestore.us,Unknown
d.searchengineranker.email,Unknown
d.ps4.rocks,Unknown
d.polosburberry.com,Unknown
d.ouijaboard.club,Unknown
d.mylittlepony.website,Unknown
d.megafon.org.ua,Unknown
d.mediaplayer.website,Unknown
d.loanme.cheap,Unknown
d.gsasearchengineranker.xyz,Unknown
d.gsasearchengineranker.top,Unknown
d.gsasearchengineranker.space,Unknown
d.gsasearchengineranker.site,Unknown
d.gsasearchengineranker.pw,Unknown
d.gsamail.website,Unknown
d.extrawideshoes.store,Unknown
d.dogclothing.store,Unknown
d.crazymail.website,Unknown
d.coloncleanse.club,Unknown
d.bgsaddrmwn.me,Unknown
d.bestwrinklecreamnow.com,Unknown
d.barbiedreamhouse.club,Unknown
d.asiamail.website,Unknown
czzc.laste.ml,Unknown
czystydywan.elk.pl,Unknown
czg.laste.ml,Unknown
czeta.wegrow.pl,Unknown
czerwonebuki.kalisz.pl,Unknown
czarny.agencja-csk.pl,Unknown
cz.laste.ml,Unknown
cyw.laste.ml,Unknown
cyt.71.uapemail.com,Unknown
cypert35.coolyarddecorations.com,Unknown
cxh.laste.ml,Unknown
cxboxcompone20121.cx.cc,Unknown
cx.de-a.org,Unknown
cwd.laste.ml,Unknown
customerservice.travelservice4u.com,Unknown
customercare.triggerly.click,Unknown
customercare.hikehub.click,Unknown
customer.vacly.click,Unknown
customer.turnonly.click,Unknown
customer.trekhq.click,Unknown
customer.travelly.click,Unknown
customer.openflip.click,Unknown
customer.hikeapp.click,Unknown
customer.flipapp.click,Unknown
customer.festivalday.click,Unknown
cure.turnonly.click,Unknown
cure.trycruise.click,Unknown
cure.triggerly.click,Unknown
cure.openinvestmentapp.com,Unknown
cure.cruiseapp.click,Unknown
cure.boobly.click,Unknown
cuomo.usemail.pro,Unknown
cundamonet.my.id,Unknown
cum.sborra.tk,Unknown
cullom14.fancycarnavalmasks.com,Unknown
cudimex.comsbkg7.redds.siteg7.redds.site,Unknown
cuanbeb.my.id,Unknown
ct.laste.ml,Unknown
csso.laste.ml,Unknown
csr.hsgusa.com,Unknown
cryptomail.my.id,Unknown
crypto.wissens-wert.net,Unknown
crypto.tyrex.cf,Unknown
crv.ketoblazepro.com,Unknown
creo.nctu.me,Unknown
creo.iotu.nctu.me,Unknown
creo.ctu.edu.gr,Unknown
creek.poisedtoshrike.com,Unknown
crap.kakadua.net,Unknown
craft.bthow.com,Unknown
crackmail.thekingstim.tk,Unknown
cr.laste.ml,Unknown
cpn.trillania.com,Unknown
cpn.qwertylock.com,Unknown
cpn.mondard.com,Unknown
cpn.inblazingluck.com,Unknown
cpn.eastworldwest.com,Unknown
cpn.actices.com,Unknown
covell37.plasticvouchercards.com,Unknown
cove18.housecleaningguides.com,Unknown
courtney.maggie.istanbul-imap.top,Unknown
courrege3.refurbishedlaserscanners.com,Unknown
couriermovie.my.id,Unknown
could.poisedtoshrike.com,Unknown
could.oldoutnewin.com,Unknown
could.cowsnbullz.com,Unknown
cotnact.opensupports.click,Unknown
cotacts68.trylinkbuildng.click,Unknown
correo.blogos.net,Unknown
corrective.triggerly.click,Unknown
corrective.religiousfestival.click,Unknown
corrective.openinvestmentapp.com,Unknown
corrective.opengambol.click,Unknown
corrective.makeanerror.click,Unknown
corrective.hikehub.click,Unknown
corrective.gethike.click,Unknown
corrective.getcruise.click,Unknown
corrective.gambolapp.click,Unknown
corrective.fiestahq.click,Unknown
corping67.ceramiccoffecups.com,Unknown
corp.ereality.org,Unknown
corn.holio.day,Unknown
cora.marketdoors.info,Unknown
copley.entadsl.com,Unknown
cooperation.turnonlabs.click,Unknown
cooperation.openinvestmentapp.com,Unknown
cooperation.gambolhq.click,Unknown
coontz9.modernsailorclothes.com,Unknown
coo.laste.ml,Unknown
conveniencia89.modernsailorclothes.com,Unknown
controller.jorxe.com,Unknown
contactus.useswitchon.click,Unknown
contactus.turnonhq.click,Unknown
contactus.holidays2017.click,Unknown
contactus.hikehq.click,Unknown
contacts47.contactpp.click,Unknown
contacts.supportsly.click,Unknown
contact87.meethelps.click,Unknown
contact82.customercares24.info,Unknown
contact81.boozeclub.click,Unknown
contact80.theteam.click,Unknown
contact80.getteams.click,Unknown
contact75.thesupprts.click,Unknown
contact68.trylinkbuildng.click,Unknown
contact28.teamslabs.click,Unknown
contact.turnonhq.click,Unknown
contact.tryhelps.click,Unknown
contact.travellerapp.click,Unknown
contact.thesupport.click,Unknown
contact.thehike.click,Unknown
contact.supportshub.click,Unknown
contact.supportshq.click,Unknown
contact.strategyconsulting.click,Unknown
contact.saldo69best.com,Unknown
contact.openteams.click,Unknown
contact.openflip.click,Unknown
contact.hovanfood.com,Unknown
contact.gethlp.site,Unknown
contact.getgambol.click,Unknown
contact.galaday.click,Unknown
contact.fliplabs.click,Unknown
contact.flipapp.click,Unknown
contact.fifieldconsulting.com,Unknown
contact.festivalday.click,Unknown
contact.falsestep.click,Unknown
contact.cruisehub.click,Unknown
contact.anniversaryly.click,Unknown
connett.fastlasermouses.com,Unknown
comk2.peacled.xyz,Unknown
comfort.vodkatourism.click,Unknown
comfort.travelpro.click,Unknown
comfort.travelinman.click,Unknown
comfort.takeaspill.click,Unknown
comfort.runlightly.click,Unknown
comfort.openinvestmentapp.com,Unknown
comfort.meettravel.click,Unknown
comfort.losebalance.click,Unknown
comfort.getturnon.click,Unknown
comfort.getfrisk.click,Unknown
comfort.feastday.click,Unknown
comfort.falsestep.click,Unknown
comfort.falldown.click,Unknown
comfort.cruisely.click,Unknown
comfort.celebrationapp.click,Unknown
comfort.catchfoot.click,Unknown
comfort.carnivalday.click,Unknown
come.qwertylock.com,Unknown
come.milltrill.com,Unknown
come.heartmantwo.com,Unknown
com.ya.ru.gmail.com.collegeofpublicspeaking.com,Unknown
com.motifasidiri.website,Unknown
cold.meetcreditcool.co,Unknown
coklow88.aquadivingaccessories.com,Unknown
cokils.kpj.ovh,Unknown
code.hammerhandz.com,Unknown
code.cowsnbullz.com,Unknown
code.carmanial.com,Unknown
co.mailboxxx.net,Unknown
cnn.coms.hk,Unknown
cnh.industrial.gq,Unknown
cnh.industrial.ga,Unknown
cmdg.laste.ml,Unknown
clue.bthow.com,Unknown
cloud.wrengostic.com,Unknown
cloud.oldoutnewin.com,Unknown
cloud.hellohappy2.com,Unknown
cloud.cowsnbullz.com,Unknown
cloud.9amail.top,Unknown
closeupp.truckware.net,Unknown
cloak.9amail.top,Unknown
clients.wrengostic.com,Unknown
clients.poisedtoshrike.com,Unknown
clients.cowsnbullz.com,Unknown
client.relucius.com,Unknown
client.popautomated.com,Unknown
client.ploooop.com,Unknown
client.marrived.com,Unknown
client.makingdomes.com,Unknown
client.holidayrap.click,Unknown
client.hikehq.click,Unknown
client.getturnon.click,Unknown
client.getgambol.click,Unknown
client.getcaper.click,Unknown
client.festivalday.click,Unknown
client.eshreky.com,Unknown
clean.oldoutnewin.com,Unknown
clean.cowsnbullz.com,Unknown
class.wrengostic.com,Unknown
class.hellohappy2.com,Unknown
class.hammerhandz.com,Unknown
class.droidpic.com,Unknown
clan.poisedtoshrike.com,Unknown
clan.oldoutnewin.com,Unknown
clan.dummyfox.com,Unknown
city.goinglownow.com,Unknown
city.dummyfox.com,Unknown
city.droidpic.com,Unknown
citi.articles.vip,Unknown
cinders.4amail.top,Unknown
ciekawe.goinfo.pl,Unknown
chris.burgercentral.us,Unknown
chloride.luk0.com,Unknown
chlordane.luk0.com,Unknown
chlorate.luk0.com,Unknown
chloral.luk0.com,Unknown
chloral.2f0s.com,Unknown
chlamydeous.2f0s.com,Unknown
chivvying.luk0.com,Unknown
chivvying.2f0s.com,Unknown
checkout.ragnortheblue.com,Unknown
chechnya.conf.work,Unknown
chea.modernsailorclothes.com,Unknown
chat.whatsapp.com.jbniklaus.com,Unknown
chartrand.ceramiccoffecups.com,Unknown
charenthoth.emailind.com,Unknown
chappo.fancycarnavalmasks.com,Unknown
ch.laste.ml,Unknown
cghost.s-a-d.de,Unknown
cfbu.laste.ml,Unknown
cer.scoldly.com,Unknown
cer.relucius.com,Unknown
cer.joyrideday.com,Unknown
cer.housines.com,Unknown
centrum.mk.pl,Unknown
centrale.wav.pl,Unknown
cedano43.softtoiletpaper.com,Unknown
cdt.laste.ml,Unknown
cdn96.soloadvanced.com,Unknown
cdn95.soloadvanced.com,Unknown
cdn92.soloadvanced.com,Unknown
cdn90.soloadvanced.com,Unknown
cdn9.soloadvanced.com,Unknown
cdn9.emvps.xyz,Unknown
cdn85.soloadvanced.com,Unknown
cdn80.soloadvanced.com,Unknown
cdn8.soloadvanced.com,Unknown
cdn8.emvps.xyz,Unknown
cdn79.soloadvanced.com,Unknown
cdn78.soloadvanced.com,Unknown
cdn77.soloadvanced.com,Unknown
cdn76.soloadvanced.com,Unknown
cdn74.soloadvanced.com,Unknown
cdn72.soloadvanced.com,Unknown
cdn70.soloadvanced.com,Unknown
cdn7.emvps.xyz,Unknown
cdn69.soloadvanced.com,Unknown
cdn65.soloadvanced.com,Unknown
cdn63.soloadvanced.com,Unknown
cdn60.soloadvanced.com,Unknown
cdn6.soloadvanced.com,Unknown
cdn6.emvps.xyz,Unknown
cdn56.soloadvanced.com,Unknown
cdn53.soloadvanced.com,Unknown
cdn5.soloadvanced.com,Unknown
cdn5.emvps.xyz,Unknown
cdn45.soloadvanced.com,Unknown
cdn43.soloadvanced.com,Unknown
cdn42.soloadvanced.com,Unknown
cdn41.soloadvanced.com,Unknown
cdn4.soloadvanced.com,Unknown
cdn4.emvps.xyz,Unknown
cdn34.soloadvanced.com,Unknown
cdn31.soloadvanced.com,Unknown
cdn30.soloadvanced.com,Unknown
cdn3.soloadvanced.com,Unknown
cdn3.emvps.xyz,Unknown
cdn29.emvps.xyz,Unknown
cdn28.emvps.xyz,Unknown
cdn27.soloadvanced.com,Unknown
cdn27.emvps.xyz,Unknown
cdn26.emvps.xyz,Unknown
cdn25.emvps.xyz,Unknown
cdn24.soloadvanced.com,Unknown
cdn24.emvps.xyz,Unknown
cdn23.emvps.xyz,Unknown
cdn22.soloadvanced.com,Unknown
cdn22.emvps.xyz,Unknown
cdn21.emvps.xyz,Unknown
cdn20.soloadvanced.com,Unknown
cdn20.emvps.xyz,Unknown
cdn2.soloadvanced.com,Unknown
cdn2.emvps.xyz,Unknown
cdn19.emvps.xyz,Unknown
cdn18.soloadvanced.com,Unknown
cdn18.emvps.xyz,Unknown
cdn17.emvps.xyz,Unknown
cdn16.emvps.xyz,Unknown
cdn15.emvps.xyz,Unknown
cdn14.soloadvanced.com,Unknown
cdn14.emvps.xyz,Unknown
cdn13.soloadvanced.com,Unknown
cdn13.emvps.xyz,Unknown
cdn120.soloadvanced.com,Unknown
cdn12.soloadvanced.com,Unknown
cdn12.emvps.xyz,Unknown
cdn117.soloadvanced.com,Unknown
cdn115.soloadvanced.com,Unknown
cdn113.soloadvanced.com,Unknown
cdn112.soloadvanced.com,Unknown
cdn11.soloadvanced.com,Unknown
cdn11.emvps.xyz,Unknown
cdn105.soloadvanced.com,Unknown
cdn10.soloadvanced.com,Unknown
cdn10.emvps.xyz,Unknown
cdn1.emvps.xyz,Unknown
cdm.laste.ml,Unknown
cde.zanycabs.com,Unknown
cde.wirelax.com,Unknown
cde.trillania.com,Unknown
cde.scoldly.com,Unknown
cde.joyrideday.com,Unknown
cde.inblazingluck.com,Unknown
cde.frienced.com,Unknown
cde.estaxy.com,Unknown
cde.dobunny.com,Unknown
cde.blurelizer.com,Unknown
cde.actices.com,Unknown
cd.usto.in,Unknown
ccpt.org.zw,Unknown
cc.vacayly.click,Unknown
cc.trycruise.click,Unknown
cc.netmail.tk,Unknown
cc.mailboxxx.net,Unknown
cc.hikehub.click,Unknown
cc.cruisehq.click,Unknown
cavestory.org.woodlandplumbers.com,Unknown
casino.coolyarddecorations.com,Unknown
casino.antiquerestorationwork.com,Unknown
casasola28.fastlasermouses.com,Unknown
care.trekhq.click,Unknown
care.thehike.click,Unknown
care.setoffly.click,Unknown
care.fliphq.click,Unknown
care.feastday.click,Unknown
care.caperapp.click,Unknown
cardejon.italiancarairbags.com,Unknown
caramail.d3vs.net,Unknown
canie.assassins-creed.org,Unknown
canadawebmail.ca.vu,Unknown
can.warboardplace.com,Unknown
calrylle.my.id,Unknown
call.favbat.com,Unknown
cal.onlmktng.life,Unknown
cae.wirelax.com,Unknown
cae.variots.com,Unknown
cae.housines.com,Unknown
cae.dobunny.com,Unknown
cae.crossandgarlic.com,Unknown
cad.edu.creo.tips,Unknown
cachon.netmail.tk,Unknown
ca.verisign.gq,Unknown
ca.verisign.ga,Unknown
ca.verisign.cf,Unknown
c.yourmail.website,Unknown
c.youemailrety.com,Unknown
c.wlist.ro,Unknown
c.waterpurifier.club,Unknown
c.uhdtv.website,Unknown
c.theshopin.xyz,Unknown
c.theplug.org,Unknown
c.shavers.skin,Unknown
c.shavers.hair,Unknown
c.searchengineranker.email,Unknown
c.razore100.fans,Unknown
c.ps4.rocks,Unknown
c.polosburberry.com,Unknown
c.ouijaboard.club,Unknown
c.mylittlepony.website,Unknown
c.mediaplayer.website,Unknown
c.mashed.site,Unknown
c.kerl.gq,Unknown
c.kadag.ir,Unknown
c.hcac.net,Unknown
c.gsasearchengineranker.xyz,Unknown
c.gsasearchengineranker.top,Unknown
c.gsasearchengineranker.space,Unknown
c.gsasearchengineranker.site,Unknown
c.gsasearchengineranker.pw,Unknown
c.garciniacambogia.directory,Unknown
c.fastmail.website,Unknown
c.dogclothing.store,Unknown
c.crazymail.website,Unknown
c.coloncleanse.club,Unknown
c.captchaeu.info,Unknown
c.bettermail.website,Unknown
c.bestwrinklecreamnow.com,Unknown
c.beardtrimmer.club,Unknown
c.asiamail.website,Unknown
c.anemia.makeup,Unknown
c.andreihusanu.ro,Unknown
by.poisedtoshrike.com,Unknown
by.laste.ml,Unknown
by.heartmantwo.com,Unknown
by.hammerhandz.com,Unknown
by.cowsnbullz.com,Unknown
bx.laste.ml,Unknown
bvr.zanycabs.com,Unknown
bvr.variots.com,Unknown
bvr.scoldly.com,Unknown
bvr.rowrowleft.com,Unknown
bvr.relucius.com,Unknown
bvr.pancingqueen.com,Unknown
bvr.makingdomes.com,Unknown
bvr.inblazingluck.com,Unknown
bvr.dummyfox.com,Unknown
bvr.crossandgarlic.com,Unknown
buzzmail.my.id,Unknown
buyerlogin.zakatdimas.site,Unknown
buy.wrengostic.com,Unknown
buy.poisedtoshrike.com,Unknown
buy.mondard.com,Unknown
but.powds.com,Unknown
but.poisedtoshrike.com,Unknown
but.ploooop.com,Unknown
but.bthow.com,Unknown
business.opencaper.click,Unknown
business.meetflip.click,Unknown
business.getflip.click,Unknown
business.feastday.click,Unknown
burnam73.cheap3ddigitalcameras.com,Unknown
burbridge.universallightkeys.com,Unknown
bung.holio.day,Unknown
buehrle87.instambox.com,Unknown
buday.htsail.pl,Unknown
bucks.8amail.top,Unknown
buchann.cheapgreenteabags.com,Unknown
btw.onlmktng.life,Unknown
btstr.lowbi.xyz,Unknown
bto.laste.ml,Unknown
btcmail.pwguerrillamail.net,Unknown
bsw.laste.ml,Unknown
bsc.anglik.org,Unknown
bruno.kewan.online,Unknown
brozzlv.tastyarabicacoffee.com,Unknown
brown24.refurbishedlaserscanners.com,Unknown
brown.marrone.cf,Unknown
brouwers60.housecleaningguides.com,Unknown
bronze.crossandgarlic.com,Unknown
breece.junkcarsfloridamiami.com,Unknown
breanna.kennedi.livemailbox.top,Unknown
breanna.alicia.kyoto-webmail.top,Unknown
break.ruimz.com,Unknown
brasher29.spicysallads.com,Unknown
branding.goodluckwith.us,Unknown
brandi.eden.aolmail.top,Unknown
bradley.1amail.top,Unknown
bradd97.lumbermilltricks.com,Unknown
bqvn.laste.ml,Unknown
bpsx.laste.ml,Unknown
bpnd.laste.ml,Unknown
boyland51.plasticvouchercards.com,Unknown
box.yadavnaresh.com.np,Unknown
box.ra.pe,Unknown
box.comx.cf,Unknown
box.6amail.top,Unknown
boss.bthow.com,Unknown
bort.zanycabs.com,Unknown
bort.relucius.com,Unknown
bort.radities.com,Unknown
bort.pushpophop.com,Unknown
bort.pancingqueen.com,Unknown
bort.goinglownow.com,Unknown
bort.frienced.com,Unknown
bort.estaxy.com,Unknown
bort.crossandgarlic.com,Unknown
bort.consored.com,Unknown
boris8.coolyarddecorations.com,Unknown
bora75.softhandscream.com,Unknown
bookworm.2amail.top,Unknown
books.variots.com,Unknown
books.popautomated.com,Unknown
books.oldoutnewin.com,Unknown
books.heartmantwo.com,Unknown
books.google.hu.smtp.xhouse.xyz,Unknown
books.google.hu.smtp.gdofui.xyz,Unknown
books.6amail.top,Unknown
book.bthow.com,Unknown
bonus.aloxy.ga,Unknown
bongobongo.igg.biz,Unknown
bones.7amail.top,Unknown
boluda87.tastyarabicacoffee.com,Unknown
bolt.2amail.top,Unknown
bodonk.my.id,Unknown
bodhi.lawlita.com,Unknown
bob.inkandtonercartridge.co.uk,Unknown
bob.email4edu.com,Unknown
bn.laste.ml,Unknown
bmn.ch.ma,Unknown
blumenkranz78.glasslightbulbs.com,Unknown
blubaugh57.futuristicplanemodels.com,Unknown
blood-pressure.tipsinformationandsolutions.com,Unknown
blogs1.firmen-news.at,Unknown
blogs.firmen-news.at,Unknown
blog.yourelection.net,Unknown
blog.sjinks.pro,Unknown
blog.radities.com,Unknown
blog.quirkymeme.com,Unknown
blog.poisedtoshrike.com,Unknown
blog.oldoutnewin.com,Unknown
blog.metal-med.pl,Unknown
blog.lowerbackpro.com,Unknown
blog.ialto.com,Unknown
blog.hammerhandz.com,Unknown
blog.goinfo.pl,Unknown
blog.glamforo.com,Unknown
blog.cowsnbullz.com,Unknown
blog.annayake.pl,Unknown
block.bdea.cc,Unknown
blob.7amail.top,Unknown
bli.muvilo.net,Unknown
bleyl.tastyarabicacoffee.com,Unknown
blenner15.softtoiletpaper.com,Unknown
blar.scoldly.com,Unknown
blar.rowrowleft.com,Unknown
blar.pancingqueen.com,Unknown
blar.makingdomes.com,Unknown
blar.m8sbeingm8s.com,Unknown
blar.dobunny.com,Unknown
blar.carmanial.com,Unknown
blakes73.softhandscream.com,Unknown
blackhole.targeter.nl,Unknown
blackhole.djurby.se,Unknown
black.bianco.cf,Unknown
bl.opheliia.com,Unknown
bl.hochseecowboys.de,Unknown
bl.ctu.edu.gr,Unknown
bkegfwkh.agro.pl,Unknown
bit.laste.ml,Unknown
biser.woa.org.ua,Unknown
biruni.cc.mdfrun.edu.tr,Unknown
bird.favbat.com,Unknown
bin.8191.at,Unknown
bill.pikapiq.com,Unknown
bigtoken.cryptolovers.id,Unknown
bigmountain.peacled.xyz,Unknown
bigboss.biz.id,Unknown
big.fanficforum.com,Unknown
bialy.agencja-csk.pl,Unknown
bi.laste.ml,Unknown
bhs.laste.ml,Unknown
bhan.fashionwomenaccessories.com,Unknown
bgr.laste.ml,Unknown
bg.tolpo.xyz,Unknown
beyea.coolyarddecorations.com,Unknown
beukema.browndecorationlights.com,Unknown
beta.tyrex.cf,Unknown
beta.inter.ac,Unknown
bestoption.one-desire.org,Unknown
bestmailpro.elk.pl,Unknown
best.poisedtoshrike.com,Unknown
beriman.my.id,Unknown
berfield51.universallightkeys.com,Unknown
ber.vocalmajoritynow.com,Unknown
ber.trillania.com,Unknown
ber.mondard.com,Unknown
ber.makingdomes.com,Unknown
ber.intained.com,Unknown
ber.estaxy.com,Unknown
bensman.silkbeachtowels.com,Unknown
benefit98.contact24.click,Unknown
benefit.vodkatourism.click,Unknown
benefit.tryperegrinate.click,Unknown
benefit.travelpro.click,Unknown
benefit.travelinman.click,Unknown
benefit.taketriply.com,Unknown
benefit.takeaspill.click,Unknown
benefit.setoffly.click,Unknown
benefit.runlightly.click,Unknown
benefit.religiousfestival.click,Unknown
benefit.openinvestmentapp.com,Unknown
benefit.losebalance.click,Unknown
benefit.getjourney.click,Unknown
benefit.fliphq.click,Unknown
benefit.fetely.click,Unknown
benefit.falldown.click,Unknown
benefit.celebrationapp.click,Unknown
benefit.catchfoot.click,Unknown
benefit.carnivalday.click,Unknown
belski.browndecorationlights.com,Unknown
below.swegu.com,Unknown
beile24.coolyarddecorations.com,Unknown
beebe32.refurbishedlaserscanners.com,Unknown
beddome.cheap3ddigitalcameras.com,Unknown
bedatsky.agencja-csk.pl,Unknown
bechtac.pomorze.pl,Unknown
because.oldoutnewin.com,Unknown
because.hammerhandz.com,Unknown
because.cowsnbullz.com,Unknown
beauman63.silkwomenshirts.com,Unknown
beaudine.silkwomenshirts.com,Unknown
bear.supappl.me,Unknown
beanblossom92.silkbeachtowels.com,Unknown
beak.8amail.top,Unknown
beach.favbat.com,Unknown
be.wrengostic.com,Unknown
be.rowrowleft.com,Unknown
be.popautomated.com,Unknown
be.ploooop.com,Unknown
be.hammerhandz.com,Unknown
be.estabbi.com,Unknown
bdzj.laste.ml,Unknown
bd.nestla.com,Unknown
bcd.warboardplace.com,Unknown
bcd.relucius.com,Unknown
bcd.ragnortheblue.com,Unknown
bcd.pancingqueen.com,Unknown
bcd.frienced.com,Unknown
bcd.estaxy.com,Unknown
bcd.crossandgarlic.com,Unknown
bbb.hexsite.pl,Unknown
baxomale.ht.cx,Unknown
basstrackerboats149.antiquerestorationwork.com,Unknown
basicinstinct.com.us,Unknown
basic.popautomated.com,Unknown
basic.poisedtoshrike.com,Unknown
basic.oldoutnewin.com,Unknown
basic.m8sbeingm8s.com,Unknown
basic.hellohappy2.com,Unknown
basic.droidpic.com,Unknown
basic.cowsnbullz.com,Unknown
basic.boringverse.com,Unknown
base.wrengostic.com,Unknown
base.estabbi.com,Unknown
base.cowsnbullz.com,Unknown
base.codyting.com,Unknown
base.britainst.com,Unknown
base.360ezzz.com,Unknown
barzan.mielno.pl,Unknown
bartch.nicewoodenbaskets.com,Unknown
banyakfollowers.my.id,Unknown
bangke1.my.id,Unknown
bangcod.my.id,Unknown
balm.thehike.click,Unknown
balm.openinvestmentapp.com,Unknown
balm.meetcruise.click,Unknown
balm.makeanerror.click,Unknown
bakarina.aa.am,Unknown
bahis.fashionwomenaccessories.com,Unknown
bag.onlmktng.life,Unknown
badcreditloans.elang.org,Unknown
backlink.oddigoslot.com,Unknown
back.oldoutnewin.com,Unknown
back.inblazingluck.com,Unknown
back.hammerhandz.com,Unknown
back.estabbi.com,Unknown
back.eshreky.com,Unknown
back.dummyfox.com,Unknown
baby.wrengostic.com,Unknown
baby.makingdomes.com,Unknown
baby.inblazingluck.com,Unknown
baby.discopied.com,Unknown
babraja.kutno.pl,Unknown
babau.igg.biz,Unknown
baatz33.universallightkeys.com,Unknown
b2.9xkb675g.buzz,Unknown
b1gmail.epicgamer.org,Unknown
b.zeemail.xyz,Unknown
b.yourmail.website,Unknown
b.yertxenor.tk,Unknown
b.wp-viralclick.com,Unknown
b.waterpurifier.club,Unknown
b.virtualmail.website,Unknown
b.uhdtv.website,Unknown
b.theshopin.xyz,Unknown
b.teemail.in,Unknown
b.targettmail.com,Unknown
b.stopstress.shop,Unknown
b.royal-syrup.tk,Unknown
b.roofvent.xyz,Unknown
b.reed.to,Unknown
b.rchelicoptersreview.com,Unknown
b.ps4.rocks,Unknown
b.polosburberry.com,Unknown
b.ouijaboard.club,Unknown
b.mediaplayer.website,Unknown
b.loanme.loan,Unknown
b.kerl.gq,Unknown
b.gsasearchengineranker.xyz,Unknown
b.gsasearchengineranker.top,Unknown
b.gsasearchengineranker.space,Unknown
b.gsasearchengineranker.site,Unknown
b.gsasearchengineranker.pw,Unknown
b.garciniacambogia.directory,Unknown
b.fastmail.website,Unknown
b.dogclothing.store,Unknown
b.coloncleanse.club,Unknown
b.captchaeu.info,Unknown
b.bettermail.website,Unknown
b.bestwrinklecreamnow.com,Unknown
b.barbiedreamhouse.club,Unknown
b.1000welectricscooter.net,Unknown
azzzzuhjc99952.laste.ml,Unknown
azzzzuhjc83928.laste.ml,Unknown
azzzzuhjc82993.laste.ml,Unknown
azzzzuhjc73335.laste.ml,Unknown
azzzzuhjc613.laste.ml,Unknown
azzzzuhjc52503.laste.ml,Unknown
azzzzuhjc39549.laste.ml,Unknown
azzzzuhjc38225.laste.ml,Unknown
azzzzuhjc32822.laste.ml,Unknown
azzzzuhjc23151.laste.ml,Unknown
azzzzuhjc15973.laste.ml,Unknown
azurny.mazowsze.pl,Unknown
azq.laste.ml,Unknown
aze.kwtest.io,Unknown
az.usto.in,Unknown
ayw.suspent.com,Unknown
ayw.ragnortheblue.com,Unknown
ayw.foodforhat.com,Unknown
ayw.crossandgarlic.com,Unknown
aylinadrianna.livemailbox.top,Unknown
axel.xoly.ga,Unknown
awzg.office.gy,Unknown
aws.creo.site,Unknown
aws.cadx.edu.pl,Unknown
awer.memberty.com,Unknown
awer.m8sbeingm8s.com,Unknown
awer.goinglownow.com,Unknown
awer.findingperry.com,Unknown
awer.carmanial.com,Unknown
aw.kikwet.com,Unknown
aw.extenwer.com,Unknown
avr.wirelax.com,Unknown
avr.warboardplace.com,Unknown
avr.scoldly.com,Unknown
avr.pushpophop.com,Unknown
avr.popautomated.com,Unknown
avr.m8sbeingm8s.com,Unknown
avr.intained.com,Unknown
avr.estaxy.com,Unknown
avr.dummyfox.com,Unknown
avr.blurelizer.com,Unknown
avr.360ezzz.com,Unknown
avio.pochtas.ru,Unknown
avery.regina.miami-mail.top,Unknown
avary.cheapgreenteabags.com,Unknown
availablemail.igg.biz,Unknown
avail.usehike.click,Unknown
avail.triggerly.click,Unknown
avail.openinvestmentapp.com,Unknown
avail.makeanerror.click,Unknown
avail.getcaper.click,Unknown
avail.fliplabs.click,Unknown
avail.cruisehq.click,Unknown
avail.anniversaryly.click,Unknown
aut.doramm.com.pl,Unknown
austria.nhadautuphuquoc.com,Unknown
aus.schwarzmail.ga,Unknown
audi.igg.biz,Unknown
atyc.laste.ml,Unknown
atrx.kraxorgames.com,Unknown
at.ploooop.com,Unknown
at.laste.ml,Unknown
at.cowsnbullz.com,Unknown
asub1.bace.wroclaw.pl,Unknown
astoria.biz.id,Unknown
assitance-entreprise.co0815.ru,Unknown
assitance-entreprise.co0-180.com,Unknown
assistance.trytravel.click,Unknown
assistance.travelxp.click,Unknown
assistance.meetcruise.click,Unknown
assistance.hikelabs.click,Unknown
assistance.galaday.click,Unknown
assistance.caperapp.click,Unknown
assist.turnonlabs.click,Unknown
assist.trycruise.click,Unknown
assist.travelwifi.click,Unknown
assist.thegambol.click,Unknown
assist.thecruise.click,Unknown
assist.termtimely.click,Unknown
assist.staycation.click,Unknown
assist.openinvestmentapp.com,Unknown
assist.monthoff.click,Unknown
assist.meetcruise.click,Unknown
assist.gambolly.click,Unknown
assist.fiestahq.click,Unknown
assist.caperapp.click,Unknown
asm.snapwet.com,Unknown
ash.7amail.top,Unknown
asdkjasd.laste.ml,Unknown
asd654.uboxi.com,Unknown
asb.mercedes500.de,Unknown
as.wrengostic.com,Unknown
as.poisedtoshrike.com,Unknown
as.onlysext.com,Unknown
as.hammerhandz.com,Unknown
as.cowsnbullz.com,Unknown
as.clarized.com,Unknown
as.boringverse.com,Unknown
arvie.italiancarairbags.com,Unknown
arulghoni.my.id,Unknown
articles.sedona-psychic.com,Unknown
art.suspent.com,Unknown
art.scoldly.com,Unknown
art.ragnortheblue.com,Unknown
art.kellergy.com,Unknown
art.heartmantwo.com,Unknown
art.frienced.com,Unknown
art.fanficforum.com,Unknown
art.blurelizer.com,Unknown
array.wrengostic.com,Unknown
array.poisedtoshrike.com,Unknown
array.oldoutnewin.com,Unknown
array.cowsnbullz.com,Unknown
array.actices.com,Unknown
arrance.freshbreadcrumbs.com,Unknown
arr.laste.ml,Unknown
aro.stargard.pl,Unknown
armatny.augustow.pl,Unknown
arildsen80.cheap3ddigitalcameras.com,Unknown
ariana.keeley.wollomail.top,Unknown
area51.igg.biz,Unknown
ar.szcdn.pl,Unknown
ar.laste.ml,Unknown
ar.a2gl.in,Unknown
app.wrengostic.com,Unknown
app.poisedtoshrike.com,Unknown
app.ploooop.com,Unknown
app.hammerhandz.com,Unknown
app.citetick.com,Unknown
api.ploooop.com,Unknown
api.cowsnbullz.com,Unknown
apa15.portalapaaja.com,Unknown
ap.maildin.com,Unknown
aoi.laste.ml,Unknown
any.radities.com,Unknown
any.ploooop.com,Unknown
any.intained.com,Unknown
anx.laste.ml,Unknown
anwargimang.my.id,Unknown
anut7gcs.atm.pl,Unknown
answers.ploooop.com,Unknown
answers.eastworldwest.com,Unknown
answers.boringverse.com,Unknown
ansley27.spicysallads.com,Unknown
anon.subdavis.com,Unknown
anna.100000135616902.decariashopping.com,Unknown
ann.jackeline.101livemail.top,Unknown
anm.laste.ml,Unknown
aniko.my.id,Unknown
anibym.gniezno.pl,Unknown
angry.favbat.com,Unknown
angielskie.synonimy.com,Unknown
anes.ll47.net,Unknown
anemiom.kobierzyce.pl,Unknown
and.wrengostic.com,Unknown
and.poisedtoshrike.com,Unknown
and.ploooop.com,Unknown
and.oldoutnewin.com,Unknown
and.hammerhandz.com,Unknown
and.celebrities-duels.com,Unknown
and.actices.com,Unknown
ananza.my.id,Unknown
anakmami.my.id,Unknown
an.ploooop.com,Unknown
an.pancingqueen.com,Unknown
an.goinglownow.com,Unknown
an.cowsnbullz.com,Unknown
an.consored.com,Unknown
an.boringverse.com,Unknown
an-it-tu-new-car-ok.livecvdsale.top,Unknown
amuna.rms.lgic.co.kr,Unknown
amr.urgntx.com,Unknown
amr.giveawaypro.online,Unknown
amharow.cieszyn.pl,Unknown
ambler99.nicewoodenbaskets.com,Unknown
amazon.coms.hk,Unknown
ama.laste.ml,Unknown
alyssa.allie.wollomail.top,Unknown
also.zanycabs.com,Unknown
also.oldoutnewin.com,Unknown
also.joyrideday.com,Unknown
also.citetick.com,Unknown
alpha.uniform.livemailbox.top,Unknown
all4mail.cn.pn,Unknown
all.variots.com,Unknown
all.ploooop.com,Unknown
all.droidpic.com,Unknown
all.cowsnbullz.com,Unknown
alkalom.biz.id,Unknown
alisaaliya.istanbul-imap.top,Unknown
alfredo.0amail.top,Unknown
alfaromeo.igg.biz,Unknown
alfa.tricks.pw,Unknown
alfa.papa.wollomail.top,Unknown
alf.laste.ml,Unknown
alex.weblogausa.site,Unknown
alerted-device.registered.com,Unknown
aleen.emailind.com,Unknown
aldivy.emailind.com,Unknown
albero29.ceramiccoffecups.com,Unknown
albelo.junkcarsfloridamiami.com,Unknown
al-jazeera.comx.cf,Unknown
akaan.emailind.com,Unknown
ak.netmail.tk,Unknown
ajx.laste.ml,Unknown
aju.onlysext.com,Unknown
aiwozhongguo.office.gy,Unknown
aisan.my.id,Unknown
airplay.elk.pl,Unknown
air-bubble.bedzin.pl,Unknown
aiot.vuforia.us,Unknown
aiot.ptcu.dev,Unknown
aiot.dmtc.dev,Unknown
aiot.creou.dev,Unknown
aiot.creo.site,Unknown
aioloss.my.id,Unknown
aikman29.newpopularwatches.com,Unknown
aide.8amail.top,Unknown
ai.hsfz.info,Unknown
ahsozph.tm.pl,Unknown
ahhee5.modernsailorclothes.com,Unknown
ahed.ll47.net,Unknown
ahakista.emailind.com,Unknown
agree.sudeu.com,Unknown
agent.warboardplace.com,Unknown
agent.variots.com,Unknown
agent.poisedtoshrike.com,Unknown
agent.ploooop.com,Unknown
agent.oldoutnewin.com,Unknown
agent.makingdomes.com,Unknown
agent.hammerhandz.com,Unknown
agent.cowsnbullz.com,Unknown
agendka.mielno.pl,Unknown
ag02dnk.slask.pl,Unknown
ag.gov.au.muzhskaiatema.com,Unknown
after.hammerhandz.com,Unknown
afriend.gmail.com.gmail.com.m.oazis.site,Unknown
afp.hammerhandz.com,Unknown
affordable.antiquerestorationwork.com,Unknown
aero.ilawa.pl,Unknown
ae.pureskn.com,Unknown
ae.laste.ml,Unknown
advice.vodkatourism.click,Unknown
advice.usetour.click,Unknown
advice.tryperegrinate.click,Unknown
advice.travelpro.click,Unknown
advice.travelinman.click,Unknown
advice.thecaper.click,Unknown
advice.takeaspill.click,Unknown
advice.sojournly.click,Unknown
advice.setoffly.click,Unknown
advice.runlightly.click,Unknown
advice.openinvestmentapp.com,Unknown
advice.meettravel.click,Unknown
advice.losebalance.click,Unknown
advice.hikehub.click,Unknown
advice.fetely.click,Unknown
advice.fauxpas.click,Unknown
advice.falldown.click,Unknown
advice.catchfoot.click,Unknown
advice.carnivalday.click,Unknown
advice.caperly.click,Unknown
adsd.my.id,Unknown
adsbreak.my.id,Unknown
adriana.evelin.kyoto-webmail.top,Unknown
admin.i5wed.com,Unknown
adfly.comx.cf,Unknown
aderfg.my.id,Unknown
adamczyk25.silkbeachtowels.com,Unknown
adamarket.my.id,Unknown
adamance.7amail.top,Unknown
actor.ruimz.com,Unknown
active.au-burn.net,Unknown
achastore.my.id,Unknown
ace.ace.gy,Unknown
accountmyget.my.id,Unknown
ac.itregi.com,Unknown
absit.emailind.com,Unknown
absent.5amail.top,Unknown
abridon.emailind.com,Unknown
about.wrengostic.com,Unknown
about.poisedtoshrike.com,Unknown
about.oldoutnewin.com,Unknown
about.fanficforum.com,Unknown
about.eastworldwest.com,Unknown
aboud.fancycarnavalmasks.com,Unknown
abhean.emailind.com,Unknown
abc.zoomingabout.com,Unknown
abc.suspent.com,Unknown
abc.pancingqueen.com,Unknown
abc.makingdomes.com,Unknown
abc.joyrideday.com,Unknown
abc.heartmantwo.com,Unknown
abc.goinglownow.com,Unknown
abbaji.emailind.com,Unknown
abar.emailind.com,Unknown
abafar.emailind.com,Unknown
abaarian.emailind.com,Unknown
ab0.igg.biz,Unknown
aargonar.emailind.com,Unknown
aargau.emailind.com,Unknown
aar.emailind.com,Unknown
aaliyah.sydnie.livemailbox.top,Unknown
aaeton.emailind.com,Unknown
aabx.laste.ml,Unknown
aa.laste.ml,Unknown
aa.earnlivez.net,Unknown
aa.668mail.top,Unknown
a3.uai.buzz,Unknown
a3.bigpurses.org,Unknown
a1.9xkb675g.buzz,Unknown
a0.igg.biz,Unknown
a.zeemail.xyz,Unknown
a.z.1.gmail.i.0.83.y.9.aiot.ptcu.dev,Unknown
a.yertxenor.tk,Unknown
a.wrengostic.com,Unknown
a.wineonline.one,Unknown
a.waterpurifier.club,Unknown
a.vztc.com,Unknown
a.virtualmail.website,Unknown
a.uhdtv.website,Unknown
a.uditt.cf,Unknown
a.trendesmail.com,Unknown
a.topeemailnew.com,Unknown
a.theshopin.xyz,Unknown
a.teemail.in,Unknown
a.safe-mail.gq,Unknown
a.roofvent.xyz,Unknown
a.rdmail.online,Unknown
a.ps4.rocks,Unknown
a.polosburberry.com,Unknown
a.poisedtoshrike.com,Unknown
a.pikpakshare.com,Unknown
a.ouijaboard.club,Unknown
a.netmail.tk,Unknown
a.mylittlepony.website,Unknown
a.mediaplayer.website,Unknown
a.masum.cc,Unknown
a.makeup.blue,Unknown
a.mailcker.com,Unknown
a.kwtest.io,Unknown
a.kerl.gq,Unknown
a.hido.tech,Unknown
a.gsaverifiedlist.download,Unknown
a.gsasearchengineranker.xyz,Unknown
a.gsasearchengineranker.top,Unknown
a.gsasearchengineranker.space,Unknown
a.gsasearchengineranker.site,Unknown
a.gsasearchengineranker.pw,Unknown
a.gsamail.website,Unknown
a.giveblood.bar,Unknown
a.garciniacambogia.directory,Unknown
a.flour.icu,Unknown
a.dekhire.com,Unknown
a.bettermail.website,Unknown
a.betr.co,Unknown
a.bestwrinklecreamnow.com,Unknown
a.beardtrimmer.club,Unknown
a.barbiedreamhouse.club,Unknown
a.b.c.netmail.tk,Unknown
a.b.c.laste.ml,Unknown
a.autosattlerei.berlin,Unknown
a.asiamail.website,Unknown
a.1000welectricscooter.net,Unknown
a.1000welectricscooter.com,Unknown
90cj.54.ancok.host,Unknown
90.volvo-xc.tk,Unknown
90.volvo-xc.ml,Unknown
9.fackme.gq,Unknown
9.emailfake.ml,Unknown
9.andshopin.xyz,Unknown
8gnkb3b.sos.pl,Unknown
89ad.craftededge.online,Unknown
831f.akaagencypro.shop,Unknown
8.thepieter.com,Unknown
8.fackme.gq,Unknown
8.emailfake.ml,Unknown
8.andshopin.xyz,Unknown
7567hf.tmpbox.net,Unknown
71btdutk.blogrtui.ru,Unknown
7.fackme.gq,Unknown
7.emailfake.ml,Unknown
7.andshopin.xyz,Unknown
6j.j6.org,Unknown
6ceqs4enix.co19.kr,Unknown
64635.videoonlinez.com,Unknown
60.volvo-xc.tk,Unknown
60.volvo-xc.ml,Unknown
6.fackme.gq,Unknown
6.emailfake.ml,Unknown
6.andshopin.xyz,Unknown
6-6-6.igg.biz,Unknown
5yk.idea-makers.tk,Unknown
5e5y.uglyas.com,Unknown
5225b4d0pi3627q9.privatewhois.net,Unknown
5.u.gmail3.com.5.6.g.k.h.6.h.cad.creou.dev,Unknown
5.fackme.gq,Unknown
5.emailfreedom.ml,Unknown
5.emailfake.ml,Unknown
5.cuavpn.tk,Unknown
5.andshopin.xyz,Unknown
4ofqb4hq.pc.pl,Unknown
4dm.4dy.org,Unknown
49qoyzl.aid.pl,Unknown
48.m.nur.nahhakql.xyz,Unknown
4545.a.hostable.me,Unknown
44556677.igg.biz,Unknown
43w6ft.netmail.tk,Unknown
40.volvo-xc.tk,Unknown
40.volvo-xc.ml,Unknown
4.fackme.gq,Unknown
4.emailfake.ml,Unknown
4.batikbantul.com,Unknown
4.andshopin.xyz,Unknown
3qp6a6d.media.pl,Unknown
3liajy.sendangduwur.tech,Unknown
3782wqk.targi.pl,Unknown
333.igg.biz,Unknown
32.v.situmeang.mtvknzrs.xyz,Unknown
32.9xkb675g.buzz,Unknown
3.vvsmail.com,Unknown
3.kerl.cf,Unknown
3.fackme.gq,Unknown
3.emailfake.ml,Unknown
3.bp.blogspot.com.blackbeshop.com,Unknown
3.batikbantul.com,Unknown
3.andshopin.xyz,Unknown
2yv.claychoen.top,Unknown
2k20.mailr.eu,Unknown
2k18.mailr.eu,Unknown
2fwww.finance.google.com.mailfranco.com,Unknown
2ch.orgs.hk,Unknown
2ch.daemon.asia,Unknown
2ch.coms.hk,Unknown
26evbkf6n.aid.pl,Unknown
24x7help.openturnon.click,Unknown
24x7help.hikehub.click,Unknown
22bet.co.bi,Unknown
2018.igg.biz,Unknown
2.vvsmail.com,Unknown
2.twoxxx.top,Unknown
2.tebwinsoi.ooo,Unknown
2.sexymail.ooo,Unknown
2.safemail.tk,Unknown
2.safemail.cf,Unknown
2.mmspa.cf,Unknown
2.kerl.cf,Unknown
2.fackme.gq,Unknown
2.emailfreedom.ml,Unknown
2.emailfake.ml,Unknown
2.chatpuffs.pro,Unknown
2.batikbantul.com,Unknown
2.andshopin.xyz,Unknown
1up.orangotango.gq,Unknown
1home.urgntx.com,Unknown
1ank6cw.gmina.pl,Unknown
15.02gmail.com,Unknown
13.1955gmail.com,Unknown
123.mrlb.com.au,Unknown
117.yyolf.net,Unknown
100015522781713.ecohut.xyz,Unknown
10000websites.miasta.pl,Unknown
100007902695179.freeprodesign.com,Unknown
100007397087655.cryptonews24h.xyz,Unknown
100004287886478.umassrobotics.org,Unknown
1000.frecciarossa.tk,Unknown
10.laste.ml,Unknown
1.supere.ml,Unknown
1.sheikhdailyshop.com,Unknown
1.localaddres.com,Unknown
1.kerl.cf,Unknown
1.fackme.gq,Unknown
1.emailfake.ml,Unknown
1.emaile.org,Unknown
1.diflucan4all.top,Unknown
1.busnessmail.top,Unknown
1.bestsitetoday.website,Unknown
1.batikbantul.com,Unknown
1.atm-mi.tk,Unknown
1.atm-mi.ml,Unknown
1.atm-mi.gq,Unknown
1.atm-mi.ga,Unknown
1.atm-mi.cf,Unknown
1.andshopin.xyz,Unknown
1.a.z.1.gmail.i.0.83.y.9.aiot.ptcu.dev,Unknown
03.tml.waw.pl,Unknown
02.tml.waw.pl,Unknown
001.igg.biz,Unknown
00.0.gmail.com.gmail.8.3.gmail.35.cad.creou.dev,Unknown
0.pbot.tk,Unknown
0.mail.mujur.id,Unknown
